openalex_id,article_set
W1000180593,inter
W100053436,inter
W1003699236,inter
W100400052,inter
W1004562051,inter
W1007165372,inter
W100825204,inter
W101127628,uni
W101224644,inter
W101255397,inter
W1016224041,inter
W102020307,inter
W102040461,inter
W102566572,inter
W102808723,inter
W102862060,inter
W102905824,inter
W1029710535,inter
W1030171107,uni
W1034159276,inter
W103419956,inter
W103492007,inter
W103650626,top tier
W1038672748,inst
W103963407,inter
W104184427,inter
W104209573,inst
W1042246260,uni
W104228359,inter
W1044514684,inter
W10455605,inter
W104562732,inter
W105349608,inter
W105372224,inter
W10539125,inter
W105780082,inter
W105839681,inter
W1059174889,inter
W106378164,uni
W106389465,inter
W106418731,inter
W106517363,inter
W106569135,inter
W1072722121,inter
W107286722,inter
W107699636,inter
W108141292,inter
W108479640,inter
W108693994,inter
W108737386,inter
W108921974,inter
W109017872,inter
W109189503,inst
W109663408,inter
W109807671,inter
W11014575,inter
W110439420,inter
W110492836,inst
W1106092,inter
W111712464,inter
W112131548,inter
W1122198217,inter
W1123427201,inst
W1124815124,inter
W1128997228,inter
W112909663,inter
W1130077638,inter
W113059239,inter
W113106864,inter
W1131985917,inter
W1133916940,inst
W113618157,inter
W1137093233,inter
W1137305555,inter
W114088334,inter
W1141949320,inter
W1142123214,inter
W1144961267,inter
W1154360701,inter
W1155086552,inter
W1155327853,inter
W115595067,inter
W115629558,inter
W11580487,inter
W1158860948,uni
W115924709,inter
W1162301944,inter
W1164749991,inter
W1165295512,inter
W1169200853,inter
W11697879,inter
W117004846,inter
W117096852,inter
W1171650066,inter
W1174108660,inter
W1177360271,inst
W117918019,uni
W11812818,inst
W1183909309,inter
W11840688,inter
W118421059,inter
W118744065,inter
W119096250,inter
W1191502296,inter
W119353802,inter
W119461825,inter
W1196375415,inter
W1196839788,inst
W119849253,inst
W119967642,inter
W120119343,inter
W1202352811,inst
W1203631032,inter
W120536699,inter
W120692785,inter
W120854412,inter
W121311982,inter
W121339493,inter
W1215388,inter
W1216349060,inter
W1218518433,uni
W12190813,inter
W1221277128,inter
W122306847,inter
W122624267,inter
W122881941,inter
W1230022372,inter
W1230574503,inter
W123154371,inter
W1242951041,inter
W1245895196,inter
W1249296113,inter
W1249484052,inter
W125001008,inter
W1250581112,inter
W12540587,inst
W1256975892,inter
W1259818010,inter
W1261868982,inst
W1262337263,inter
W1264850517,inter
W126652790,inter
W126819649,inter
W1273292464,inter
W127329880,inter
W1274006562,inter
W128468919,inter
W129766339,inter
W130194641,inter
W130500341,inter
W131391317,inter
W131533222,inter
W131903061,inter
W132603005,inter
W132710837,inter
W132759409,inter
W132822091,inter
W132915995,inter
W133172057,uni
W134840535,inter
W134948675,inter
W135050590,inter
W135489932,inter
W135682678,inst
W13608894,inter
W136721492,inter
W136845799,inter
W138170242,inter
W138435572,inter
W1392298,inter
W139609527,inter
W139641880,inter
W140037322,inter
W1408639475,inter
W1408671314,inst
W14091147,inter
W141017168,uni
W1413893693,inter
W1416363498,inter
W1416401655,inter
W1418693140,inst
W1418997516,inter
W1421412675,inter
W1422086691,inter
W14258296,inter
W142583486,inter
W142616426,inter
W1427174644,inter
W1428511354,inter
W1429241971,inter
W1429562910,inter
W143062967,inter
W143127387,inter
W143425341,inter
W1435010830,inter
W14411162,inter
W1441652847,inter
W1442374986,inter
W144732048,inter
W1449038650,inst
W144947161,inter
W145181133,inter
W14566539,inst
W1456662665,inter
W145670326,inter
W14568393,inter
W145776027,inter
W1458138260,inter
W1459085915,inter
W146014409,inter
W146072112,inter
W1461677342,inst
W1463623766,inter
W1464282338,inst
W1466286227,inter
W14675535,inter
W14675611,inter
W146770048,inter
W1468912418,inter
W146984120,inter
W1472875483,inter
W147369072,inter
W1475505445,inter
W147723833,inter
W1479276347,inter
W1479702306,inter
W1479755963,inter
W1479797105,inter
W1479829791,inst
W1479911746,inter
W1479986324,inter
W1480015148,inter
W1480042391,inter
W1480063481,inter
W1480121071,inter
W1480165691,inter
W1480281982,inter
W1480295176,inter
W1480487832,inter
W1480498941,inst
W1480654101,inter
W1480721070,inter
W148103248,inter
W1481063505,inter
W1481204283,inter
W1481602796,inter
W1481624564,inter
W1481678233,inter
W1481710664,inter
W1481946017,inter
W1481954967,inter
W1482029186,inst
W1482163180,inter
W1482189126,inter
W1482214997,inter
W1482388496,inter
W1482435852,inter
W1482568066,inter
W1482703252,inter
W1482750774,inter
W1482769911,inter
W1482992223,inter
W1483061584,inter
W1483207321,inter
W1483298393,inter
W1483313504,inter
W1483393862,inter
W1483576313,inter
W1483729189,inter
W148374083,inter
W1483816357,inter
W1483860815,inter
W1483866246,inter
W1483999018,inter
W1484028102,inter
W1484201497,inter
W1484235136,inter
W1484301591,inter
W1484324120,inter
W1484387568,inter
W1484660317,inter
W1484672383,inter
W1484735710,inter
W1484786551,inter
W1484854554,inter
W1484916802,inter
W1484987052,inter
W1485063553,inter
W1485200701,inst
W1485231155,inter
W1485246922,inter
W1485252366,uni
W1485287820,inter
W1485313098,inter
W1485485495,inter
W1485540258,inter
W1485761730,inter
W1485810016,inter
W1485833866,inter
W1485855073,inter
W1485971876,inter
W1486088638,inter
W1486189686,inter
W1486300940,inter
W1486338171,inter
W1486547850,inter
W1486632395,inst
W1486667701,inter
W1486818322,inter
W1486929947,inter
W1486938123,inter
W1486950781,uni
W1486995089,inter
W1487122780,inter
W1487288055,uni
W1487325026,inter
W1487439246,inter
W1487444668,inter
W1487470981,inter
W1487528910,inter
W1487571163,inter
W1487664366,inter
W1487775490,inter
W1487792166,inter
W1487974501,inter
W1487995234,inter
W1488044055,inter
W1488421969,inter
W1488432131,inter
W1488578548,inter
W1488701894,inter
W1488833649,inter
W1488876970,inter
W1489024965,inter
W1489033108,inter
W1489044075,inter
W1489073918,inter
W1489091441,inter
W1489112658,inter
W1489116628,inst
W1489122339,inter
W1489157620,inter
W1489330838,uni
W1489582159,inter
W148964820,inst
W1489882049,inter
W1489922719,uni
W1490229112,inter
W1490269122,inter
W1490339291,inter
W1490411840,inter
W1490521149,inter
W1490671522,uni
W1490753124,inter
W1490784531,inter
W1490883981,inter
W1490898760,inter
W1490931069,inst
W1491105865,inter
W1491144867,inter
W1491272572,inter
W1491287016,inter
W1491516154,inter
W1491569431,inter
W1491622225,inter
W1491630780,inter
W1491663334,inter
W1491676566,inter
W149177245,inter
W1491798314,inter
W1491884104,inst
W1492013718,inter
W1492352846,inter
W149236175,inter
W1492497910,inter
W1492522106,inter
W1492640216,inter
W1492713888,inter
W1492899447,inst
W1493093628,inter
W1493257619,inter
W1493266520,inter
W1493331862,inst
W1493349649,inter
W1493603347,inter
W1493815979,inter
W1493893823,inter
W1494160116,inter
W1494198834,inter
W1494305179,uni
W1494441120,inter
W149460151,inter
W1494658570,inter
W1494853941,inter
W1494919440,inter
W1494925422,inter
W1494946506,inter
W1494972982,inter
W1495020562,inter
W1495093786,inter
W1495111272,inter
W1495461900,inter
W149547917,inter
W1496508106,inter
W1496597037,inter
W149662678,inter
W1496650988,inter
W1496659747,inter
W1496914398,inter
W1496970916,inter
W1496983606,inst
W1497029031,inter
W1497061094,inter
W1497260480,inter
W1497443639,inst
W1497673662,inst
W1497734908,inter
W1497790312,inter
W1497931321,inter
W1497954825,inter
W1498160656,inter
W1498436455,top tier
W1498501635,inter
W1498689686,uni
W1499026891,inter
W1499206401,inter
W1499467920,inter
W1499626337,inter
W1499648394,inter
W1499849478,inter
W1499921945,inter
W1499934958,inter
W1500074110,inter
W1500174841,inter
W1500273871,inter
W1500581803,inter
W1500626465,inter
W1500670950,inter
W1500739222,inter
W1500775080,inter
W1500783943,inter
W1500830344,inter
W1500842814,inter
W1501076421,inter
W1501078361,inter
W1501162218,inter
W1501165582,inter
W1501179639,inter
W1501402850,inter
W1501535725,inter
W1501556234,inter
W1501818423,inter
W1501979881,inter
W1502032972,inter
W1502102369,inst
W1502160187,inter
W150223756,inter
W1502265151,inter
W1502364498,inter
W1502400145,inter
W1502485581,inter
W1502496420,inter
W1502499896,inter
W1502893368,inst
W1502916507,inst
W1503069186,inter
W1503140533,inter
W1503146938,inter
W1503197318,inter
W1503224444,inter
W1503393484,uni
W1503483822,inter
W1503609498,inter
W1503905381,inter
W1504052111,inter
W1504127928,inst
W1504230329,inter
W1504453705,inter
W1504528434,inter
W1504606236,inter
W1504612707,inter
W1504654443,inter
W1504694836,inter
W1504914070,uni
W1505012818,inter
W1505014760,inter
W1505026374,inter
W1505090736,inter
W150509641,inter
W1505470567,inter
W1505563434,top tier
W1505606212,inter
W1505624657,inter
W1505861525,inter
W1505997871,inst
W1505999926,inter
W1506026148,inter
W1506099691,inter
W1506281249,inter
W1506285740,top tier
W1506327640,inter
W1506383304,inter
W1506441995,inter
W1506483106,inter
W1506488927,inter
W1506490500,inter
W15066456,inter
W1506841146,inter
W1506864492,inter
W1506934582,inter
W1506964462,inst
W1507218727,inter
W1507222174,inst
W1507364520,inter
W1507431306,inter
W1507492716,inter
W1507527858,inter
W1507773449,inter
W1507779568,inter
W1508024877,inter
W1508097187,inter
W1508354024,inter
W1508762313,inter
W1508914752,inter
W1508951362,inter
W1509031088,inter
W1509050436,inst
W1509069826,inter
W1509069967,inter
W1509095549,inter
W1509213251,inter
W1509262151,inter
W1509364972,inter
W1509540129,inst
W1509574058,inter
W1509817324,inter
W1509980681,inter
W1510014385,inter
W1510052597,inter
W1510085384,inter
W1510390336,inter
W1510407763,inter
W1510543252,inter
W151069923,inter
W1510873042,inter
W1511095061,inter
W1511371761,inst
W1511493290,inter
W1511543899,inter
W1511669762,inter
W1511923048,inter
W1512003961,inst
W1512014753,inter
W1512068198,inter
W1512078650,inter
W1512224581,uni
W1512452330,inter
W151246516,inst
W1512584621,inter
W1512702425,inter
W1512741215,inter
W1512988629,inter
W1512994821,inter
W1513158862,inter
W1513167324,inter
W1513211366,inter
W1513214262,inst
W1513220402,inter
W1513477226,uni
W1513557409,inter
W1513575755,inter
W1513706493,inter
W1513710402,inst
W1513753641,inst
W1513769081,inter
W1513848441,inter
W1513904472,inst
W1514126701,inter
W1514152509,uni
W1514183912,inter
W1514331370,inter
W1514379495,inter
W1514406729,inter
W1514535095,inter
W1514644264,inter
W1514869529,inter
W1514907448,inter
W1514928307,inter
W1515006239,inst
W1515025965,inter
W1515106148,inter
W1515648064,inst
W1515759993,inter
W1515852583,inter
W1515931177,inter
W1516078226,inter
W1516379380,inter
W1516523450,inter
W1516611235,inter
W1516768651,inter
W1516801066,inter
W1516813203,inter
W1516842055,inter
W1516990326,inter
W1517038079,inst
W1517113043,inter
W1517165204,inter
W1517220959,inter
W1517266559,inter
W1517560372,inter
W1517656122,inter
W1517656880,inst
W1517776255,inst
W1517839093,inter
W1517949462,inter
W1517959476,inter
W1518156650,inter
W1518306097,inter
W1518333223,inter
W1518416466,inter
W1518475255,inter
W1518500973,inter
W1518554753,inter
W1518614801,inter
W1518708783,inter
W1518920518,inter
W1518920839,inter
W1519151035,inter
W1519268598,inter
W1519451279,inter
W1519510251,inter
W1519511531,inter
W1519602635,inter
W1519669182,inst
W1520316986,inter
W1520360252,inter
W1520377376,inst
W1520399166,inter
W1520434657,inter
W1520492983,inter
W1520580877,inter
W1520585432,inter
W15205973,inter
W1520679476,inter
W1520752616,inst
W1520777249,inst
W1520809016,inter
W1520843661,inter
W1520997877,inst
W1521048074,uni
W1521141427,inst
W1521143303,uni
W1521205728,inter
W1521219253,inter
W1521316934,inter
W1521331776,inter
W1521419991,inter
W1521514062,inter
W1521552865,inst
W1521729143,inter
W1521838448,inter
W1522169333,inter
W1522250313,uni
W1522250664,inter
W1522253694,inter
W1522384974,inter
W1522422101,uni
W1522504723,inter
W1522529670,inter
W1522619264,uni
W1522741398,inter
W1522973599,inter
W1522977283,inter
W1523101460,inter
W1523209876,inst
W152326368,inter
W152327296,inter
W1523299280,inter
W1523385540,inter
W1523508665,inter
W1523596170,inter
W1523712082,inter
W1523779214,inter
W1523915914,inter
W1523924401,inter
W1524046766,inter
W1524103123,inter
W1524688041,inter
W1524814392,uni
W1524870477,inter
W1524950519,inter
W1525104201,inter
W1525271152,inter
W1525376093,inter
W1525657896,inst
W1525900372,inst
W1525995145,inter
W1526205344,inter
W1526316384,inter
W1526402451,inter
W1526455816,uni
W1526575231,inter
W1526618627,inter
W1526672276,inter
W1526715104,inst
W1526778265,inter
W1526783510,inter
W1526810219,inter
W1527086738,inter
W1527174691,inst
W1527216005,inter
W1527313647,inst
W1527352189,inter
W1527446360,inst
W1527448104,inter
W1527482779,inter
W1527599512,inter
W1527856372,inter
W152792243,inter
W1527992869,inst
W1528012351,inter
W1528113134,inter
W1528177060,inter
W1528288284,inter
W1528361845,inter
W1528413678,inter
W1528522188,inter
W1528571250,inter
W1528609304,inter
W1528620860,inter
W1528708751,inter
W1528831691,uni
W1528966694,uni
W152909648,inter
W1529318688,inter
W1529380038,inter
W1529464143,inter
W1529542060,inter
W1529672735,inter
W1529746216,inter
W1529756603,inter
W1529790664,inter
W1529851927,inter
W1529902119,inter
W1529930700,inst
W1530011161,inst
W1530226820,inter
W1530262073,inter
W1530266067,inter
W1530319035,inter
W1530441920,inter
W1530490667,inter
W1530661923,inter
W1530664329,inter
W1530666108,inter
W1530766054,inter
W1530923078,inter
W1531023841,inter
W1531235167,inst
W1531259569,inter
W1531652711,uni
W1531756074,inter
W1531775393,inter
W1532081290,inter
W1532097860,inter
W1532257308,inter
W1532325895,top tier
W1532503506,uni
W1532557648,inter
W1532731094,inter
W1532755370,inter
W153282717,inter
W1532906507,inter
W1532946669,inter
W1533030612,inter
W1533269962,inter
W1533541404,inter
W1533772347,inter
W1533861849,top tier
W1533954209,inter
W1534084887,inter
W1534092936,inter
W1534121600,inter
W1534162064,inter
W1534198945,inter
W1534245483,inter
W1534308464,inter
W153430949,inter
W1534484050,inter
W1534489878,inter
W1534523911,inter
W1534934700,inter
W1535003955,inter
W1535010230,inter
W1535054020,inter
W1535197560,inter
W1535355448,inter
W1535448961,inter
W1535517582,inter
W1535571731,inter
W1535697676,inst
W1535713740,inter
W1535827370,inter
W1535854520,inter
W1536010170,inter
W1536116438,inter
W1536308292,inter
W1536420484,inter
W1536463521,inter
W1536680647,top tier
W1536741282,inter
W1536742834,inter
W1536775035,inter
W1536929369,inter
W1536962450,inter
W1537017777,inter
W1537198022,inst
W1537250570,inter
W1537254176,inst
W1537258151,inter
W1537281681,inter
W1537327044,inter
W1537348873,inter
W1537918871,inter
W1537929875,inter
W1538375546,inter
W153850805,inter
W1538713840,inter
W1539140425,inter
W1539225827,inter
W1539336247,uni
W1539436111,inter
W1539516100,inter
W1539638590,inst
W1539667014,inter
W1539670134,inter
W1539689205,inter
W1539718938,inst
W1539831114,inter
W1540042109,inter
W1540175172,inter
W1540252695,inter
W1540371141,inter
W1540376964,inter
W1540492331,inter
W1540621913,inter
W1540639362,inter
W1540807967,inst
W1540850086,inter
W154090225,inter
W1541007220,inter
W1541163254,inst
W1541273939,inter
W1541274513,inter
W1541277988,inter
W1541432545,inter
W1541459201,inter
W1541475832,inter
W1541501294,inter
W1541730457,inst
W1541936521,uni
W1542116403,inter
W1542248016,inter
W1542280630,inter
W1542574673,inter
W1542648996,inter
W1542656375,inter
W1542723682,inter
W1542734653,inter
W1542804848,inter
W1542813816,inter
W1542869039,inst
W1542891361,inter
W1542920181,inter
W1543040816,inter
W1543171621,inter
W1543364539,inter
W1543388142,inter
W1543641760,inter
W1543659249,uni
W1543674350,inter
W1543895059,inter
W1543942291,inter
W1544471297,inter
W1544807278,inter
W1544833809,inter
W1545056863,inter
W1545259859,inter
W1545289068,inst
W1545495430,inter
W1545538788,inter
W1545694218,inter
W1545779783,inter
W1545833089,inter
W1545834943,inter
W1545838455,inter
W1545972218,inter
W1546001247,inter
W1546082603,inter
W1546200464,inter
W1546231652,inter
W1546312749,inter
W154639493,inter
W1546404276,inter
W1546485431,inter
W1546650522,inst
W1546963397,inter
W1546981595,inter
W1547002199,inst
W1547035658,inter
W1547106908,inter
W1547145819,inter
W1547428300,inst
W1547464605,inter
W1547542187,inter
W154768151,inter
W1547966682,inter
W1548033283,uni
W1548154618,inter
W1548212376,inter
W1548214008,inter
W154821528,inter
W1548374273,inter
W1548446199,inter
W1548842012,inter
W1548879416,inter
W1549066988,inter
W1549392931,inter
W1549404527,inter
W1549426822,uni
W1549719405,inter
W1549872659,inter
W1549890956,inter
W154992218,inter
W1549949328,inter
W1550206324,inst
W1550558629,inter
W1550786841,inter
W1550970114,inter
W1551040661,inter
W1551095254,inter
W1551340995,inter
W1551852446,inter
W1551901190,inter
W1551947943,inter
W1552026378,inter
W1552289669,uni
W1552529795,inst
W1552676697,inter
W1552681652,inst
W1552804834,inter
W1552948952,inter
W1553070579,inter
W1553116899,inter
W1553193704,inter
W1553237764,inter
W1553309915,inst
W1553339574,inter
W1553471644,inter
W1553616198,inter
W1553876756,inter
W1553952730,inter
W1554135376,inter
W1554174647,inter
W1554192035,inter
W1554215549,inter
W1554291173,inst
W1554369651,inter
W1554567767,inter
W1554619471,inter
W1554663460,top tier
W1554877490,inter
W1555033082,inter
W1555129450,inter
W1555217697,inter
W1555226701,inter
W1555243107,uni
W1555358920,inter
W1555367926,inter
W155540824,inst
W1555515189,inter
W1555549210,inter
W1555623254,inter
W1555648817,inter
W1555805649,inter
W1555946950,inter
W1556166295,inter
W1556184062,inter
W1556303891,inter
W1556313079,inter
W155647330,inter
W1556487178,inter
W1556524282,inter
W1556561189,inter
W1556880155,inst
W155704189,inter
W1557096126,inter
W1557252109,inter
W1557353813,inter
W1557356614,inter
W1557465145,inter
W1557602349,inter
W1557752859,inter
W1557764847,inter
W1557852479,inter
W1557906385,inter
W155796068,inter
W1558012247,inter
W1558027562,inst
W1558236763,inter
W1558605166,inter
W15587618,inter
W1558778037,inter
W1558911006,inter
W1558939704,inter
W1559004190,inst
W1559135799,inter
W1559136758,inst
W1559350446,inter
W1559499673,inst
W1559531402,inter
W1559624914,inter
W1559788806,inter
W1559837960,inter
W1559870885,inter
W1560034004,inter
W1560047216,inter
W1560056355,inter
W1560101069,inst
W1560107318,inter
W15601695,inter
W1560256746,inter
W1560368474,inter
W1560412976,inter
W1560425515,inter
W1560486522,inter
W1560512119,inst
W1560538750,inter
W1560641100,inter
W1560697239,inter
W1560720671,inst
W1560872612,inter
W1560941629,inter
W1560955416,uni
W1560991867,inter
W1561081755,inter
W156128023,inter
W1561322108,inter
W1561344775,inter
W1561467840,inter
W1561744373,inter
W1561792925,inter
W1561837455,inter
W1561949898,inter
W156207838,inter
W1562107739,inter
W1562347528,inter
W156236617,inter
W1562403631,inter
W1562529351,inter
W1562530348,inst
W1562653311,inter
W1562810090,inter
W1562983757,inter
W1563382669,inter
W1563509357,inter
W1563587351,inter
W1563606705,inter
W1563678058,inst
W1563893514,inter
W1563961677,inter
W1564005249,inst
W1564197095,inter
W156420899,inter
W1564214333,inter
W1564237719,inter
W1564277727,inst
W1564369310,inter
W1564372824,inter
W1564580340,inter
W1564612943,inter
W1564627421,inst
W1564666697,inter
W1564831110,inter
W1565206031,inter
W1565259014,inter
W1565272689,inter
W1565413026,inter
W1565522472,inter
W1565545821,inter
W1565549141,inter
W1565690085,inter
W1565700737,inter
W1565733715,inter
W1565746575,top tier
W1565864173,inter
W1565909084,inter
W1566135517,inter
W1566219896,inter
W1566250853,inter
W1566296806,inter
W1566314748,inter
W1566317540,inst
W1566504545,inter
W1566511039,inter
W1566954139,inter
W1567029903,inter
W1567302070,inst
W1567467079,inter
W1567533735,inter
W1567814420,inter
W1567897629,inter
W1568015073,inter
W1568245680,inter
W1568367756,inter
W1568390818,inter
W1568529095,inter
W1568589428,inst
W1568666065,inter
W1568712909,inter
W1568739968,uni
W1568936664,inter
W1569095176,inst
W1569287257,inst
W1569356520,inter
W1569400564,uni
W1569566335,inter
W1569567979,inst
W1569596443,inter
W1569711530,inter
W1569795718,inter
W1569901886,inter
W1569930776,inter
W1570131942,inter
W1570200918,inter
W1570419641,inter
W1570538689,inter
W1570637396,inter
W1570773660,inter
W1570792098,inter
W1570834090,inter
W1570912112,inter
W1570958768,inter
W1571006235,inst
W1571008965,inter
W1571059645,inter
W1571220116,inter
W1571385165,inter
W1571391756,inter
W1571439140,inter
W1571637021,inter
W1571787080,inst
W1571847560,inter
W1571920131,inter
W1571954429,inter
W1571998673,inter
W1572006862,inter
W1572177749,inter
W1572312821,inter
W1572403161,inter
W1572450274,inter
W1572651942,inter
W1572961809,inter
W1572976570,uni
W1572996156,inter
W1573007977,inter
W1573040851,inter
W1573051247,inst
W1573061337,inter
W1573275580,inter
W1573433387,uni
W1573435933,inter
W1573526548,inter
W1573626183,inter
W1573632620,inter
W1573691780,inter
W1573714593,inter
W1573760589,inter
W1573866550,inter
W1574007497,inter
W1574114610,inter
W1574126082,inter
W1574170747,inst
W1574212840,inter
W1574271568,inst
W1574436212,inter
W1574590844,inst
W1574620194,inst
W1574656685,inter
W157468466,inter
W1574858636,inst
W1575308210,inter
W1575308494,inter
W157538006,inter
W1575387439,inst
W1575496704,inter
W1575592356,inter
W1575656359,inter
W1575671689,inter
W1575701137,inter
W1575701577,inter
W1575758330,inst
W1575889909,inter
W1576005355,inter
W1576107182,inter
W1576160514,inter
W1576373397,inter
W1576406892,inter
W1576445103,inter
W1576520375,inter
W1576534100,inter
W157670417,inter
W1576760065,inter
W1576902563,inter
W1577170445,inter
W1577317504,inter
W1577498723,inter
W1577724162,inst
W157782893,inter
W1578066333,inst
W1578184507,inter
W1578285471,top tier
W1578417629,inter
W1578487327,inst
W1578657094,inst
W1578772208,inter
W1578862585,inter
W1578960134,inter
W1579068498,inter
W1579161461,inter
W1579202901,inter
W1579299488,inter
W1579339470,inst
W1579954587,inter
W1579973638,inter
W1580085838,inter
W1580145217,inter
W1580267071,inter
W1580311733,inter
W1580389772,inter
W1580502664,inter
W1580682610,inter
W1580690513,inter
W1580788184,inter
W1580820409,inst
W1580961657,inter
W1581217569,inter
W1581306515,inter
W1581387743,inter
W1581499779,inter
W1581740421,inter
W1581974277,inter
W1581984155,inst
W1581993597,inter
W1582084566,inter
W1582217502,inter
W1582222436,inter
W1582237050,inter
W158224344,inst
W1582249177,inter
W1582368160,inter
W1582445127,inter
W158271677,inter
W1582766254,inter
W1582837696,inter
W1583086605,inst
W1583109480,inter
W1583543665,inter
W1583581687,inter
W1583713254,inter
W1583736387,inter
W1583847132,inter
W1583953854,inter
W1584031106,inter
W1584065846,inter
W1584080606,inter
W1584189884,inter
W1584218737,inter
W1584252140,inter
W1584332128,inst
W1584382383,inst
W1584392810,inter
W1584402741,inter
W1584467222,inter
W1584589603,inter
W1584908455,inter
W1584960310,uni
W1585206428,inter
W1585394501,inter
W1585431621,inter
W1585743408,inter
W1585772192,inter
W1585871172,inter
W1585939719,inter
W1585978503,inter
W1586079445,inter
W1586101785,inter
W1586102543,inter
W1586252657,inst
W1586341635,inter
W1586351097,inter
W1586355707,inter
W1586405805,inter
W1586444875,inst
W1586488998,inter
W1586726865,inter
W1586847502,inst
W1586935952,inter
W1586939924,inter
W1587054347,inter
W1587083568,inter
W1587157435,inter
W1587167414,inter
W1587314265,inst
W1587417959,inter
W1587464373,inst
W1587492102,inter
W1587595544,inter
W1587715758,inter
W1587785923,inter
W1587887312,inst
W158807770,inter
W1588201901,inst
W158824538,inter
W1588277031,inter
W1588401315,inter
W1588424744,inst
W1588437534,inter
W1588527235,inter
W1588743440,inter
W1588788171,inter
W1588828197,inter
W1589180207,inter
W1589190279,inter
W1589355053,inter
W1589497852,inter
W1589506875,uni
W1589558795,inter
W1589571834,inter
W1589632093,inter
W1589665841,inter
W1589682573,inter
W1589795917,inter
W1589808867,inter
W1589874412,inter
W1589947808,inter
W1590029928,inter
W1590128755,inter
W1590213692,inter
W1590232458,inter
W1590291180,inter
W159031619,inter
W1590488181,inter
W1590551453,inter
W1590696616,inter
W1590768396,inter
W1590928016,inter
W1590946902,inter
W1591369607,uni
W1591527919,inter
W1591577015,inter
W1591592752,inter
W1591726984,inter
W1592011777,inst
W1592017742,inter
W1592172455,inter
W1592184376,uni
W1592240329,uni
W1592294486,inst
W159237226,inter
W1592447472,inter
W1592543115,inter
W1592589289,inter
W1592627192,inter
W1592632010,inter
W1592682300,inst
W1592735956,inter
W1592900392,inter
W1593009162,inter
W1593179537,inst
W1593272421,inter
W159356931,inter
W1593692296,inter
W1593793857,inter
W1593857093,inter
W1593879295,inter
W1593939129,inter
W1594453896,inter
W1594523937,uni
W1594539819,inter
W1594727437,inter
W1594771616,inter
W1594972289,inter
W1595033040,uni
W1595303882,inter
W1595315260,inter
W1595545129,inst
W1595564425,inter
W1595614130,inter
W1595871524,inter
W1595920635,inter
W1595953339,inter
W1595956697,inter
W1595990358,inter
W1596068203,inter
W1596080613,inter
W1596131589,inter
W1596137865,inter
W1596181878,inter
W1596311,inter
W1596348044,inter
W1596374547,inter
W1596437162,inter
W1596454700,inter
W1596574250,inter
W1596717185,top tier
W1596792582,inst
W15967947,inter
W1596929908,inter
W159719520,inter
W1597286183,top tier
W1597288045,inter
W1597292463,inter
W1597379241,inter
W1597446159,inter
W159748277,inter
W1597531554,inter
W1597534740,inter
W1597644352,inter
W1597755753,inter
W1597793359,inst
W1597870463,inter
W1597899558,inter
W1597918674,inter
W1597965285,inter
W1598024204,inter
W1598088094,inter
W1598317997,inter
W1598330724,inter
W1598483315,inter
W1598497354,inter
W1598594177,inter
W1598709530,inter
W1598744047,inter
W1598764398,inst
W1598801207,inter
W1598848446,inter
W1598856494,inter
W1598862498,inter
W1598904269,inst
W1599195847,inter
W1599318573,inter
W1599510591,inter
W1599511619,inter
W1599547597,inter
W1599577927,inter
W1599590327,inter
W1599600642,inter
W1599632510,inter
W159995191,inter
W159998202,inter
W1599988844,inter
W1600273718,inter
W1600475986,inter
W1600588226,inter
W1601098769,inter
W1601101510,inter
W1601451127,inter
W1601639835,inter
W1601653334,inter
W1601795611,top tier
W1601909038,inter
W1602017060,inst
W1602150863,inter
W1602236319,inter
W1602242617,inter
W1602423779,inter
W1602428663,inter
W1602455240,inter
W1602484930,inter
W1602485673,inter
W1602492977,inter
W1602724287,inst
W1602819319,inter
W1602900718,inter
W1603377523,inter
W1603455683,inter
W1603465883,uni
W1603506848,inter
W1603641563,inter
W1604047786,inter
W1604074770,inter
W1604182559,inter
W1604267224,inter
W1604460927,inst
W1604591429,inter
W1604917823,inter
W1604938182,inter
W1604975506,inter
W1605005685,inter
W1605020421,inter
W1605151637,inter
W1605206273,inter
W1605351220,inter
W1605389775,inter
W1605638720,inter
W1605761733,inter
W1605974080,inter
W1606097016,inter
W1606108609,inter
W1606129068,inter
W1606198627,inter
W1606247040,inter
W160653928,inter
W1606680326,inter
W1606860859,inter
W1606912675,inter
W1606947757,inter
W1607166613,uni
W1607416013,inter
W1607535733,inter
W1607635451,inter
W1607705556,inter
W1607838481,inst
W1608064237,inter
W1608167060,inter
W1608180792,inter
W1608326296,inter
W1608431272,inter
W1608935641,inter
W1608999459,inter
W1609755472,inter
W1609941950,inter
W1610356397,inter
W1610745951,inter
W1610978399,inter
W1612624539,inter
W1613209293,inter
W1613557985,inter
W1613895599,inter
W1614866013,inter
W1614900577,inter
W1615222309,inter
W1615763772,inter
W1616262590,inst
W1618537293,inst
W1618905105,inter
W1619901509,inst
W1619908932,inter
W1620204465,inter
W1620255920,inter
W1620389387,inter
W1620535260,inter
W1620538313,inter
W1621326727,inst
W1621776644,inst
W1621799579,inter
W1621980328,inter
W1622370747,inter
W1623340990,inter
W1623342295,inter
W1623579146,inter
W1623920228,inter
W1624921370,inter
W1625255723,inter
W1625481196,inst
W1626142404,inter
W1626832004,inter
W162701589,inter
W1627362987,inter
W1627400044,inter
W1627776959,inter
W1628116548,inter
W1628278711,inter
W1628899544,inter
W162899883,inter
W1629010235,inter
W1630543171,inter
W1631768145,inter
W1631796333,inter
W1631811399,inter
W1632501432,inter
W1633157623,inter
W1634206385,inter
W16345605,inter
W1635257673,inter
W1635739165,inst
W1636050108,inter
W1636084995,inter
W1636213979,inter
W1636562116,inter
W163795935,inter
W1638038541,inter
W1638133288,inter
W1638440761,inter
W1638789865,inter
W1638930871,inst
W164009454,inter
W164029384,inter
W1640718925,inter
W1640828351,inst
W1641159079,inst
W1641762327,inst
W1642161394,inter
W164234667,inter
W1642392512,inter
W1642496694,inter
W1642624533,inter
W164422561,inter
W1644420677,inst
W1644979020,inter
W164498517,inter
W164522977,inter
W1645519945,inter
W1646152356,inst
W1646471391,inter
W1646675182,inter
W1646764293,inter
W1646816143,inter
W1646864233,inter
W16472989,inter
W1647337934,inter
W1647445161,inter
W1647527655,inter
W1647729745,inter
W1647869403,inter
W1647944177,inter
W1648283673,uni
W1648289763,inter
W1648885110,inter
W1649161886,inter
W1649208874,inter
W1649364915,inter
W1649758727,inter
W165002254,inst
W1650080385,inter
W165022488,inter
W1650672789,inter
W1650675509,inter
W1650697697,inter
W1651093245,inter
W1651185206,inter
W1651771552,inter
W1652326934,inter
W1652495319,inter
W1652742168,inter
W1652773952,inter
W1652775531,inter
W1652906542,inter
W1653273292,inter
W1653795527,inter
W1654072534,inter
W1654663724,inter
W1654805921,inst
W1654986541,inter
W1655830068,inter
W1656292794,inter
W1656766859,inter
W1657174467,inter
W1657558194,inter
W165772547,inter
W1657888366,inst
W1658700537,uni
W1659539761,inter
W1660104161,inter
W1660421073,uni
W1660517870,inst
W1660562555,top tier
W1661563386,inter
W1661597309,uni
W1661871015,inter
W166200253,inter
W1662911496,inter
W1663121079,inter
W1664060554,inter
W166520722,inter
W1665214252,top tier
W1665592999,inter
W1665891915,inter
W1666008820,inter
W1666670079,inter
W1666731339,inter
W1667184292,uni
W1667656580,inter
W1667709281,inter
W1668708255,inter
W1669115026,inter
W166924812,inter
W166926187,inter
W1669598709,inst
W1669806660,inter
W167016754,inter
W1670560428,inter
W1670807587,inter
W1671156703,inter
W1672271703,inter
W1672869378,inter
W1673075472,inter
W167310721,inter
W1673131496,inter
W1673309917,inter
W1673510954,inst
W1673797905,inter
W1673946269,inter
W1674304619,inter
W1674363625,inst
W1674493795,inter
W167520150,inter
W167522204,inter
W1676581800,inter
W1676820704,inter
W1677182931,top tier
W1677271966,inter
W1677308404,inter
W1677446238,inter
W1678356000,top tier
W1678695179,inst
W1679305771,inter
W1679675208,inter
W1680208568,inter
W1680392829,top tier
W1680400516,inst
W168072442,inter
W1681287014,inst
W168225553,inter
W168241150,inter
W1682480154,inst
W16827692,inter
W1683021915,inter
W1683385341,inter
W168366118,inter
W1683878900,inst
W168503743,inter
W168564468,inter
W1686420892,inter
W1686810756,top tier
W1687059777,inter
W1687533182,inter
W1687555731,inter
W1688583773,inter
W1689114373,inter
W1689909837,inter
W1690148500,inter
W1690264392,inter
W1690802106,inter
W1692039824,inter
W1693085440,inter
W1693576464,inter
W1693986406,inter
W1694303951,inter
W1695349328,inter
W169539560,inter
W1695929281,inter
W1696234310,inter
W1697123834,inter
W1697346520,inter
W169754653,inter
W1698388015,inter
W1698468799,uni
W1698544300,inter
W1698594463,inter
W169873844,inter
W1699887913,inter
W1700035086,inter
W1700434006,inter
W1702833217,inter
W1703999417,inter
W1706000851,inst
W170647656,inter
W1707144927,inter
W1707548898,inter
W1709057194,inst
W1709509222,inter
W170980215,inter
W1709989312,inter
W171054114,inter
W171063220,inter
W1710734607,inst
W171087157,inter
W1712546432,uni
W1714109750,inter
W171460047,inter
W171564115,inter
W1716671614,inst
W171769125,inst
W1717876164,inter
W1718191392,inter
W1719067462,inter
W1719407190,inter
W172031327,inter
W1720514416,inter
W1721358409,uni
W1721549435,inter
W1721780562,inter
W1722290647,inter
W1722765662,inter
W172303158,inter
W1723574056,inter
W1723619723,inter
W1723660629,inter
W1725972983,inter
W1726445723,inter
W1726993684,inter
W172857819,inter
W1729969041,inter
W1731912909,inter
W1732045461,inst
W1732222442,inter
W1734374900,inter
W1735317348,inst
W1735394485,inter
W1735722559,inter
W173647602,inter
W17383148,inter
W1739285698,inter
W174079757,inst
W174264350,inter
W1742701791,inst
W1744189505,inter
W174434876,inter
W174507466,inter
W1746156,inter
W1746521253,inter
W1746774624,inter
W1747005659,inter
W174726522,inter
W1748564905,inst
W174955942,inter
W1749856071,inter
W1749897720,inter
W1750953599,inter
W1751470192,inter
W1752018616,inter
W1752772649,inter
W1752828987,inst
W175300340,inter
W175307687,inter
W1753112717,inter
W1753278265,inter
W1753309420,inter
W1753361524,inter
W1753711502,inter
W1753816021,inter
W1754401002,inter
W1754529168,uni
W1754661426,inter
W1754973657,inter
W1755019093,inter
W1755227063,inter
W1755774129,inter
W1757326238,inter
W1758018725,inter
W1758241377,inter
W1758631602,inter
W1758702441,inter
W1758846674,inter
W1758853955,inter
W175998346,inter
W1760551737,inter
W1761022139,inter
W1761034959,inter
W1761184020,inter
W176125184,inter
W1762008180,inter
W1762180461,inter
W1762798876,inter
W1762855965,inter
W1763496468,inter
W1764988088,inter
W1765082532,inter
W1765650989,inter
W1769222792,inter
W1769319322,inter
W1769385468,inter
W1769563729,inter
W1769620023,inter
W177005447,inst
W1770429257,inter
W1770869992,inter
W1770873769,inter
W1771106060,inter
W1772106451,inter
W1772174758,inst
W1772897350,inter
W1773037563,inter
W1773393451,inter
W1774234760,inter
W17749540,inst
W1776042733,inter
W1776985898,inter
W1777243519,inter
W1777628566,inter
W1780185704,inter
W1780715146,inter
W1780815862,inter
W1781836750,inter
W1782312947,inter
W1782556075,inter
W1782590233,inter
W1782674917,inst
W1782979359,inter
W1783315696,inst
W1783331634,inter
W1783842908,inter
W178440398,inter
W1785227512,inter
W1785260621,inter
W17857273,inter
W1785844102,inter
W1785872000,inter
W1785931840,inter
W1786160636,inter
W1786928897,uni
W1787079083,inter
W1787224781,inter
W1787402657,inst
W178783221,inter
W1788071186,inter
W1788953784,inter
W1789008473,inter
W1789163674,inter
W1789172747,inter
W1789197365,inter
W178925619,inter
W1789716261,inter
W1790445942,inter
W179050616,inter
W1790954942,inter
W1792103217,inter
W1792276263,uni
W1792340860,inter
W1792516231,inter
W1792751107,inter
W1792831685,inter
W1793121960,inter
W1793186821,inst
W1793816471,inter
W179400402,inter
W1794121648,inst
W179430498,inter
W1795489290,inter
W1795669137,inter
W1795776638,inter
W1796714434,inter
W1796995083,inter
W1797238555,inter
W1797428404,inter
W1797502670,inter
W1797523785,inter
W1797861140,inter
W1798667612,inter
W179947084,inter
W1800077614,inter
W1800271513,inter
W1800329471,inter
W1800582018,inter
W1800902616,inter
W1801002936,inter
W1801151079,inter
W1801287997,inter
W180171617,inter
W1802788407,inter
W1803059841,inter
W1803891119,inst
W1803912468,inst
W1804057676,inst
W1804866537,inter
W1805970333,inter
W180623648,inter
W1806317803,inter
W1807098818,inst
W1808206046,inter
W1808319331,inter
W1808946831,inter
W1808966389,inter
W1811074473,inter
W181158786,inter
W1811605617,inter
W1812083975,inter
W1812904039,inter
W1813284708,inst
W1813723185,inter
W1813809747,inter
W18139138,inter
W1814244002,inter
W1814730161,inter
W1815089602,inter
W1815416954,inter
W1815830542,inter
W1816296130,inter
W1817561967,inst
W1817665711,inter
W1818318606,inter
W1818395637,inter
W1818450980,inter
W1819183045,inter
W1819918422,inter
W1820051232,inter
W1821109219,inst
W1823159427,inter
W1823409095,inter
W1823841943,inter
W1824270332,inter
W182431003,inter
W1824983306,inter
W1824983686,inter
W1825426646,inter
W1825448573,inst
W1825532946,inter
W182605591,inter
W1826072219,inter
W1826493339,inter
W1826683848,inter
W1826690079,inter
W1827065324,inter
W1827112781,inter
W1827553138,inst
W1828043017,inter
W1828311434,inst
W1828415971,inter
W1829108557,inter
W1829787244,inter
W1829885432,inter
W183078661,inter
W1831071391,inter
W1831086767,inter
W1831177196,inter
W183141160,inter
W1831576612,inter
W183247175,inter
W1832481033,inst
W1832583097,inter
W183261903,inter
W183268822,inter
W1832693441,top tier
W1832716748,inter
W1832881114,inter
W1833260794,inter
W1833266457,inter
W1834627138,inter
W1834627372,inst
W1834846564,inter
W1834926878,inter
W1835419070,inter
W1835683923,inter
W1836533770,inst
W1836578358,inter
W1836921993,inter
W1837274854,inter
W1837702027,inter
W1837982953,inter
W1838334990,inter
W1838411890,inter
W1838783946,inter
W183903679,inter
W1840205690,inter
W184020796,inter
W1841005840,inter
W1841786573,inter
W1842150623,uni
W1842188249,inter
W1842519740,inter
W18426229,inst
W1843038300,inter
W1843294840,inter
W1843351773,inter
W1843474218,inter
W1843540088,uni
W1843554742,uni
W1843792225,inter
W1844422699,inter
W1845048434,inter
W1845402413,inter
W1845643653,inter
W1846312076,inter
W1847138607,inter
W1847155892,inter
W1847588514,inter
W1847647515,inter
W1848345224,inter
W1848982944,inter
W1849489850,inter
W1851158265,inter
W1851327982,inter
W1851862812,inter
W1852059679,inter
W1853840354,inter
W1854214752,top tier
W1854677459,inter
W1854948231,inter
W1855462127,inter
W1855484900,inter
W1856525733,inter
W185698926,inst
W1857335844,inter
W1857508347,inter
W1857538800,inter
W1857725693,inst
W1857928999,inter
W1858013099,inter
W1858168446,inter
W1858417939,uni
W1859099244,inter
W1859193303,inter
W1859276392,inter
W1859590599,inter
W1859870454,inst
W1860137378,inter
W186043453,inter
W1860895949,inter
W1860966481,inter
W1861252306,inter
W1861510175,inst
W1861596447,inter
W1861901279,inst
W1861990872,inter
W1863034060,inter
W1863047657,inter
W1863651598,inst
W1863704471,inter
W1863858339,inst
W186433452,inter
W1864403886,inter
W186443009,inter
W1864603219,inter
W1865508801,uni
W1865564993,inter
W186564184,inter
W1865676108,inst
W186586245,inter
W1866589047,inter
W1867211182,inter
W1867773974,inter
W1867865751,uni
W1868429266,inter
W1868670904,inter
W1869391892,inter
W1869912679,inter
W1869924930,inst
W1869993023,inter
W1870132251,inter
W187037124,inter
W1870526020,inter
W1870652584,inst
W1871050032,inter
W1871283275,inter
W1871385855,inter
W1871710631,inter
W1871988015,inter
W1872213290,inter
W1872336954,inter
W1872397016,inter
W1872799899,inter
W187309317,inter
W1873459143,inter
W187357405,inter
W1873681175,inter
W1874027545,inst
W1874694348,inst
W1874944254,inter
W1875025314,uni
W1875176923,inter
W1875348914,inter
W1875422439,uni
W1875842236,inter
W1876110941,inter
W187628563,inter
W1877892954,uni
W1878097627,inter
W1878305936,inter
W1878544538,inter
W1878565453,inter
W1878827273,inter
W1879242765,inter
W1880024786,inter
W1880111445,inst
W1880262756,top tier
W188047557,inter
W1880787143,inter
W1880913825,inter
W1881647329,inter
W1881950329,inter
W1882012874,inst
W1882199934,inter
W1882925433,inter
W1883134643,inter
W1883353873,inst
W1884022968,inst
W1885185971,inter
W1885208713,inter
W1885534640,inter
W188569453,inter
W1886196868,inter
W1886818361,inter
W1887776620,inter
W188803003,inter
W1888233473,inter
W1889500924,inter
W1890075632,inter
W189008923,inter
W1890828259,inter
W1890973173,inter
W189102462,inter
W1891394627,inter
W1892063863,inter
W1892242977,inter
W1892382968,inter
W1892986622,inter
W1892998540,inter
W1893133781,inter
W1893337562,uni
W1893585201,inter
W1893980568,inter
W1894057436,inter
W1894116512,inter
W1894140872,inter
W1894242881,inter
W1894340352,inter
W1894500138,inter
W1894697123,inst
W1894980963,inter
W1895255416,inter
W1895390915,inter
W1895577753,inter
W189567885,inter
W189596042,inter
W1895978999,inst
W1895989618,inst
W1896042436,inter
W1896080482,inter
W1896211881,inter
W1896395893,inter
W1896495360,inter
W1896525111,inst
W1896609777,inter
W1896788142,inter
W1896794744,inter
W1896860224,inst
W1896932959,inter
W189728766,inter
W1897715322,inter
W1897795992,inter
W189799848,inter
W1898560071,inst
W1898617002,inter
W1899249567,inter
W1899257834,inter
W189929561,inter
W1899517412,inter
W1899611990,inter
W1900072260,uni
W1900086069,inter
W1900288795,inter
W1900408618,inst
W1900806206,inter
W1900913856,inst
W1901075642,inter
W190139448,inter
W190146808,inter
W1901600440,inst
W1902027874,top tier
W1902237438,inst
W1902405276,inter
W1902819564,inter
W1903020140,inter
W1903036498,inter
W1903588243,inst
W1903612395,inter
W1903616336,inter
W1904088687,inst
W1904464160,inst
W1904483788,inter
W1904826605,inter
W1905010114,inter
W1905033729,inter
W1905153633,inter
W1905263592,inter
W1905829557,inter
W1905882502,inst
W1905898145,inter
W1905916335,inter
W1906171312,inter
W1906224694,inst
W1906453299,inter
W1906771498,inter
W1907073173,inter
W1907292960,inter
W1907458443,inter
W1907706552,inter
W1907877624,inst
W1908020446,inter
W1908148254,inst
W1908394441,inter
W1908634864,inter
W1908985308,inst
W1909011730,inter
W1909138541,inter
W1909234690,inter
W1909315545,inter
W1909457994,inter
W1909515874,inter
W1909847116,inst
W1909952827,inst
W1909990781,inter
W1910109443,inst
W1910566948,inter
W1910619957,inter
W1910686388,inter
W191079301,inter
W1910934042,inter
W191129667,inst
W1911745671,inter
W1911933469,inst
W1911944710,inter
W1911958278,inter
W1912123407,inst
W1912170604,uni
W1912570122,inst
W1912852371,inter
W1912954554,inst
W1912982817,inter
W191300147,inter
W1913082254,inter
W1913108116,inter
W1913207580,inter
W1913628733,inter
W1913675087,inter
W191471982,inter
W1914921536,inter
W1915250530,inter
W1915261143,inter
W1915315806,inter
W1915485278,inst
W1915551841,inter
W1915668717,inter
W1915688400,inter
W1915875214,inter
W1916279783,inter
W1916649859,inter
W1917120379,inter
W1917186605,inter
W1917250095,uni
W1917380066,inter
W1917420918,inter
W1917513273,inter
W1917620371,inter
W191779156,inter
W1918275453,inst
W191877893,inter
W1918870341,inter
W191887720,inter
W1919129342,inst
W1919191429,inter
W1919391408,inter
W1919395891,inter
W1920022804,inst
W1920095035,inter
W1920196880,inst
W1920259731,inter
W1920280450,inst
W1920629946,inter
W1920702274,inst
W1920962657,inter
W1921111023,inst
W1921147789,inter
W1921293667,inter
W192152208,inter
W1921524170,inter
W1921620702,inter
W1921672120,inter
W1922045932,inter
W1922066339,inter
W1922288304,inst
W1922637732,inter
W1922658220,inter
W1922773808,inter
W1922904362,inst
W1923099106,inter
W1923137425,uni
W1923211482,inter
W1923332106,inst
W1923404803,inter
W1923636854,inter
W1923760064,inter
W1923967535,inter
W1924160326,inter
W192446467,inter
W1924693737,inter
W1924820897,inter
W1925024438,inter
W1925032196,inter
W1925196354,inter
W1925217477,inter
W1925334442,inter
W1925413106,inter
W1925596459,inter
W1926243429,inst
W1926565224,uni
W1926639317,inst
W1926645898,inter
W1927052826,inter
W1927091612,inter
W1927099252,inter
W1927170233,inter
W1927308204,inter
W1927424322,inter
W1927486677,inter
W1927716628,inter
W1927727581,inter
W1928025793,uni
W1928206773,uni
W1928328839,uni
W1928419358,inter
W1928546442,inter
W1928812145,inst
W1929162314,inst
W1929820608,inter
W192982988,uni
W1929856797,inter
W1929903369,inter
W1930223417,inter
W1930528368,inst
W1930563420,inst
W1930624869,inter
W1930780477,inst
W1930856805,inter
W1931112481,inter
W1931450083,inter
W1931483334,inter
W1931557824,inter
W1931639407,inter
W1931641413,inter
W1931725016,inter
W1931778309,inter
W1932126803,inter
W1932198206,inter
W1932328771,inter
W1932469787,inter
W1932481952,inter
W1932571874,inter
W1932600547,inter
W1932674313,inter
W1932922755,inter
W1933046935,inter
W1933125045,inter
W1933219619,inter
W1933349210,inter
W1933856905,inst
W1934161132,inter
W1934184906,inst
W193418570,inter
W1934235358,inst
W1934241014,inter
W1934410531,inter
W1934458198,inter
W1934599730,inter
W1934798953,inter
W1935207225,inst
W1935233136,inter
W1935363674,inter
W1935402982,inter
W1935640932,inter
W1935817682,inter
W1935978687,inter
W1936022305,top tier
W1936042936,inter
W1936679285,inter
W1936772439,inter
W1936948608,inter
W193706516,inter
W1938020354,inter
W1938155837,uni
W1938330657,inter
W1938381348,inter
W1938425378,inst
W1938553034,inter
W1938565953,inter
W1938618045,inter
W1938716637,inter
W1938911234,inter
W1938976761,inter
W1939220059,inst
W1939286235,inter
W1939941161,inter
W1940024881,inst
W1940180045,inter
W1940245494,inter
W1940408512,inter
W1940642994,inter
W1940644960,inter
W1940669919,inter
W1941019159,inter
W1941470495,inter
W1941659294,inter
W1942147923,inter
W1942203500,inst
W1942214758,inter
W1942214889,inter
W1942758450,inter
W1943054406,inter
W1943316347,inter
W1943357268,inter
W1943357607,inter
W1943383135,inst
W1943385891,inst
W1943874188,inst
W1944091105,inter
W1944367927,inter
W1944630830,inter
W1944824941,inter
W1945147587,inter
W1945209586,inter
W1945608308,inter
W194562767,uni
W1945792210,inst
W1945867156,inter
W1946039914,inter
W1946093182,inter
W1946323491,inst
W1946329989,inter
W1946609740,inst
W1946635378,inter
W1946727031,inter
W194699136,inter
W1947022709,inter
W1947031653,inter
W1947072875,inter
W1947291763,inter
W1947481528,inst
W1947835416,inter
W1948092788,inter
W1948188046,inter
W1948369226,inter
W1948466936,inst
W1948664808,inter
W1948751323,inst
W1948896869,uni
W1948954308,inter
W1949355760,inter
W1949393069,inter
W1949442742,inter
W1949478088,inter
W194966468,inter
W1950635849,inter
W1950681193,inter
W1951223036,inst
W1951319388,inter
W1951479179,inter
W1952210680,inst
W1952332000,inter
W1952434180,inter
W1952506714,inter
W1952835952,inter
W1952885858,inter
W1953465585,inter
W1953529280,inter
W1953687040,inter
W1953741985,inter
W1953929691,inter
W1954210423,inter
W195450805,inter
W1954814638,inter
W1954873805,inter
W1955369839,inter
W1955942245,inter
W1956096059,inter
W1956333070,inst
W1956340063,inter
W1956344434,inter
W1956780391,inter
W1957019456,inter
W1957478839,inst
W1957742077,inter
W1958032890,inter
W1958932515,inter
W1958945689,inst
W1959013360,inter
W1959554786,inter
W1959608418,top tier
W1959818661,inter
W1960289438,inst
W1960364170,inter
W1960384938,inter
W1960579544,inter
W1960622419,inter
W1960706641,inter
W1960993122,inter
W1961025862,inter
W1961303947,inter
W1961891967,inter
W1962395456,inter
W1962468782,inter
W1962496800,inter
W1962885524,inst
W1963480624,inter
W1963483652,inter
W1963497044,inter
W1963504747,inst
W1963516639,inter
W1963564197,inter
W1963568149,inter
W1963571656,inter
W1963572107,inter
W1963576999,inter
W1963588905,inter
W1963589611,inter
W1963600245,uni
W1963612445,inst
W1963615255,inter
W1963628831,inter
W1963643924,inter
W1963645326,inter
W1963657000,inter
W1963660278,inter
W1963664503,inter
W1963669198,inter
W1963687124,inter
W1963693997,inter
W1963698186,inter
W1963699159,inter
W1963708201,inter
W1963719930,inter
W1963723328,inter
W1963730962,inter
W1963733777,inter
W1963734567,inst
W1963748087,inter
W1963749132,inter
W1963751327,inter
W1963757402,inter
W1963762880,inter
W1963771902,inter
W1963775544,inter
W1963785454,inter
W1963792925,inter
W1963794468,inter
W1963821364,inter
W1963822497,inter
W1963822838,inter
W1963822932,inter
W1963825920,inter
W1963833004,inter
W1963834148,inter
W1963841448,inst
W1963841851,inter
W1963842873,inter
W1963848754,inter
W1963850231,inter
W1963857568,inter
W1963882359,inst
W1963882742,inst
W1963888125,uni
W1963897898,inter
W1963903484,inter
W1963906258,inter
W1963908272,inter
W1963922375,inst
W1963924029,inter
W1963926886,inter
W1963937446,inter
W1963939098,inter
W1963943170,inter
W1963950607,inter
W1963951738,inter
W1963957842,inter
W1963958800,inter
W1963970749,inter
W1963971515,inter
W1963980413,inter
W1963984301,inter
W1963984981,inter
W1964000644,inter
W1964026809,uni
W1964031838,inter
W1964038241,inter
W1964047840,inter
W1964048881,inter
W1964061824,inter
W1964064970,inter
W1964067312,inst
W1964074342,inter
W1964095033,inter
W1964097859,inter
W1964106935,inter
W1964112135,inter
W1964116646,inter
W1964146299,inter
W1964162596,uni
W1964172938,inst
W1964176378,inter
W1964176878,inter
W1964207665,inst
W1964209003,inter
W1964209779,inter
W1964215855,inter
W1964217357,inter
W1964219887,inter
W196422389,inter
W1964232317,inter
W1964266152,uni
W1964272929,inter
W1964281402,inter
W1964307222,inst
W1964311183,inter
W1964320810,inst
W1964322372,inter
W1964335437,inter
W1964335446,inter
W1964357740,top tier
W1964363036,inter
W1964363264,uni
W1964372169,inter
W1964376592,inter
W1964394804,inter
W1964395417,inter
W1964400575,inter
W1964403653,inter
W1964410579,inst
W1964421114,uni
W1964437163,inter
W1964456437,inter
W1964460216,inter
W1964464249,inter
W1964465225,inter
W1964465414,inter
W1964468250,inter
W1964477602,inter
W1964488715,uni
W1964491208,inter
W1964497219,inter
W1964504902,inter
W1964505499,inter
W1964508600,inter
W1964509438,inter
W1964513093,inter
W1964517503,inter
W1964518629,inter
W1964530222,inter
W1964547699,inter
W1964553676,inter
W1964558012,inst
W1964561904,inter
W1964567503,inter
W1964582933,inter
W1964583443,inter
W1964584313,inter
W1964585380,inter
W1964592811,inter
W1964597781,inst
W1964608729,inter
W1964635666,inter
W1964642694,inter
W1964646364,inter
W1964650420,inter
W1964657223,inter
W1964679953,inter
W1964681401,inter
W1964692086,inter
W1964705112,inter
W1964724053,inter
W1964749845,inter
W1964751355,inter
W1964762821,inter
W1964776411,inter
W1964807490,inter
W1964809364,inter
W1964809923,inst
W1964817260,inter
W1964827684,inter
W1964831500,inter
W1964835625,inter
W1964843383,inter
W1964844638,inter
W1964846093,inter
W1964857955,inter
W1964872868,inter
W1964877916,inter
W1964883574,inter
W1964897498,inter
W1964901710,inter
W1964922707,inter
W1964935442,inter
W1964946446,inter
W1964960762,inter
W1964962870,inter
W1964971935,inter
W1964981672,inter
W1964988669,uni
W1964988843,inter
W1964992060,inter
W1965004135,inter
W1965032094,inter
W1965042603,uni
W1965051915,inter
W1965074177,uni
W1965079286,inter
W1965081941,inter
W1965097424,inter
W1965105464,inter
W1965118163,inter
W1965122136,inst
W1965147469,inter
W1965162695,uni
W1965163018,inter
W1965164871,inter
W1965173371,inter
W1965173544,inter
W1965211583,inter
W1965218064,inter
W1965230378,inter
W1965252832,inter
W1965256189,inter
W1965278079,inter
W1965280641,inter
W1965291583,inter
W1965312964,inter
W1965313623,inter
W1965327223,inter
W1965332812,inter
W1965343327,inter
W1965343849,inter
W1965358278,inter
W1965358692,inter
W1965366508,inst
W1965385472,inter
W1965400296,inter
W1965401349,uni
W1965421981,inter
W1965424011,inter
W1965434768,inst
W1965438620,inter
W1965446324,inter
W1965452491,inter
W1965452869,inter
W1965465660,inter
W1965469959,inst
W1965470034,inter
W1965470504,inter
W1965470970,inter
W1965471276,inter
W1965487093,inter
W1965489181,inter
W1965494734,inst
W1965497533,inter
W1965506623,inter
W1965512225,inter
W1965530617,inter
W1965537434,inter
W1965537706,inter
W1965540871,inter
W1965542260,inter
W1965548765,inter
W1965555277,inter
W1965560931,inter
W1965570454,inter
W1965570465,inter
W1965571336,inter
W1965580387,inter
W1965585133,inter
W1965585496,inter
W1965586148,inter
W1965587486,inter
W1965612527,inter
W1965627534,inter
W1965644184,uni
W1965644970,inter
W1965647483,inter
W1965656255,inter
W1965657003,inst
W1965662749,inter
W1965663154,inter
W1965663462,inter
W1965670081,inter
W1965680834,inter
W1965682336,inter
W1965683215,inter
W1965689044,inter
W1965696122,inst
W1965709776,inter
W1965716942,inter
W1965735576,inter
W1965745083,inter
W1965760975,inter
W1965765118,inter
W1965766415,inst
W1965801454,inter
W1965804146,inter
W1965847996,inter
W1965850005,inst
W1965850651,inter
W1965855526,inter
W1965865731,inter
W1965867049,inter
W1965881025,inter
W1965883494,inter
W1965890413,inter
W1965893653,inst
W1965902027,inter
W1965904807,inter
W1965904937,inter
W1965950563,inter
W1965958004,uni
W1965963207,inter
W1965968818,inter
W1965980674,inter
W1965985543,inter
W1966008995,inter
W1966011618,inter
W1966017250,inter
W1966022471,inter
W1966028303,inter
W1966030318,inter
W1966030791,inter
W1966032076,inst
W1966035420,inter
W1966051348,inter
W1966053725,inter
W1966062899,inter
W1966067599,inter
W1966076229,inst
W1966082499,inst
W1966087765,inter
W1966092221,inter
W1966120181,inter
W1966129222,inter
W1966132286,inter
W1966165240,inter
W1966176242,inter
W1966177116,inter
W1966178089,inter
W1966194538,inter
W1966210987,inter
W1966236704,inter
W1966261825,uni
W1966269773,inter
W1966310768,inter
W1966312437,inter
W1966324668,inter
W1966343138,inter
W1966347620,inst
W1966349459,inst
W1966356839,inter
W1966357268,inter
W1966359569,inst
W1966362036,inter
W1966363240,inter
W1966385142,inter
W1966392103,inter
W1966396518,inter
W1966397414,inter
W1966398442,inter
W1966420457,inter
W1966429948,inter
W1966450819,inter
W1966454287,inter
W1966457016,inter
W1966460428,inter
W1966472938,inter
W1966476522,inter
W1966480602,inter
W1966483153,inter
W1966486278,inter
W1966486562,inter
W1966486636,uni
W1966499068,inter
W1966512492,inter
W1966521833,inter
W1966523089,inter
W1966533239,inter
W1966559029,inter
W1966570544,inter
W1966570881,inter
W1966576938,inter
W1966579413,inter
W1966585167,inter
W1966593490,inter
W1966599948,inter
W1966601033,inter
W1966601466,inter
W1966612958,inter
W1966615855,inter
W1966629366,inter
W1966639131,inter
W1966654857,inter
W1966662143,inter
W1966665997,inter
W1966666559,inter
W1966668294,inter
W1966682079,inter
W1966694366,inter
W1966694816,inter
W1966697570,inter
W1966698790,inter
W1966700487,inter
W1966701161,inter
W1966702375,inter
W196672294,inter
W1966725286,inter
W1966738114,inter
W1966740105,inter
W1966749257,inst
W1966750556,inter
W1966750619,inter
W1966753498,inter
W1966754847,inter
W1966771059,inter
W1966784954,inter
W1966789068,inter
W1966804242,inter
W1966809779,inter
W1966823699,inter
W1966836246,inter
W1966844521,inter
W1966850048,inter
W1966856237,inter
W1966858941,inter
W1966863659,inter
W1966864883,inter
W1966874927,inter
W1966882565,inter
W1966890290,inter
W1966894219,inter
W1966901557,inter
W1966907097,inter
W1966907426,inter
W1966917412,inter
W1966918354,inst
W1966922361,inter
W1966931974,inter
W1966933160,uni
W1966950894,inter
W1966951118,inter
W1966959462,inter
W1966984322,inter
W1966984878,inter
W1966987082,uni
W1966988260,inter
W1966990998,inter
W1966992099,inter
W1966994481,inter
W1967003875,inter
W1967022116,inter
W1967034721,inter
W1967044361,inter
W1967053725,inter
W1967058794,inst
W1967058818,inter
W1967067241,inter
W1967069736,inter
W1967071448,inter
W1967084447,uni
W1967098370,inter
W1967105405,inter
W1967116906,inter
W1967118969,inter
W1967148170,inter
W1967160434,uni
W1967163043,uni
W1967171647,inter
W1967172064,inter
W1967180011,inter
W1967181460,inter
W1967181943,inter
W1967215109,inter
W1967219734,inter
W1967231248,inter
W1967235311,inter
W1967235554,inter
W1967244928,inter
W1967249911,inter
W1967251929,inter
W1967262753,inter
W1967264375,inter
W1967268147,inter
W1967281432,inter
W1967287503,inter
W1967295107,inter
W1967313494,inter
W1967320885,inter
W1967363853,inter
W1967373117,inst
W1967380063,inter
W1967387782,inter
W1967406295,inter
W1967406532,inter
W1967427473,inter
W1967434879,inter
W1967434994,inter
W1967445075,inter
W1967456674,inter
W1967464443,inter
W1967471096,inter
W1967471831,uni
W1967483773,inter
W1967484570,uni
W1967497571,inter
W1967498673,inter
W1967520159,inter
W1967532625,inter
W1967535604,inter
W1967555147,inter
W1967568565,inter
W1967569802,inter
W1967591232,inter
W196761320,inter
W1967619433,inter
W1967621505,inter
W1967632700,inter
W1967645641,inter
W1967648049,inst
W1967660849,inter
W1967663570,inter
W1967666795,inter
W1967698654,inter
W1967708238,uni
W1967715131,inter
W1967730444,inter
W1967738886,inst
W1967740503,inter
W1967747361,inter
W1967763965,inst
W1967764756,uni
W1967787184,inter
W1967790662,inter
W1967793880,inst
W1967795091,inter
W1967802770,inter
W1967802975,inter
W1967815760,inter
W1967830768,inst
W1967841530,inter
W1967858190,inter
W1967870595,inter
W1967876699,inter
W1967891793,inter
W1967906328,inter
W1967911754,inter
W1967917458,uni
W1967925097,inter
W1967925628,inter
W1967927120,inter
W1967938406,inter
W1967950609,inter
W1967968533,inter
W1967977254,inter
W1967981232,inter
W1967983031,inter
W1967989262,inter
W1967995767,inter
W1968002620,inst
W1968013322,inter
W1968023378,inter
W1968026678,inter
W1968031037,inter
W1968039508,inter
W1968098929,inter
W1968103567,inter
W1968105809,inter
W1968112912,inter
W1968127891,inter
W1968151527,inter
W1968157422,inter
W1968160919,inter
W1968164921,inter
W1968173975,inter
W1968185127,inst
W1968193669,uni
W1968196609,inter
W1968207059,inter
W1968208229,inter
W1968240770,inter
W1968243361,inter
W1968257994,inter
W1968265719,inter
W1968285172,inst
W1968294394,inter
W1968300456,inter
W1968302589,inter
W1968306950,inter
W1968316338,inter
W1968316911,inter
W1968319881,inter
W1968320709,inter
W1968326021,inter
W1968329815,inter
W1968344387,inter
W1968351384,inter
W1968373540,inter
W1968398122,inter
W1968405646,inter
W1968415651,inter
W1968415971,inter
W1968420054,inter
W1968424997,inst
W1968426792,inter
W1968438105,inter
W1968439359,inter
W1968444040,inter
W1968450779,inter
W1968474638,inter
W1968475685,inter
W1968477114,inter
W1968480140,inter
W1968482092,inter
W1968487420,inter
W1968489959,inter
W1968505275,inter
W1968507164,inter
W1968508349,inter
W1968518318,inter
W1968523955,inter
W1968524744,inter
W1968530227,uni
W1968537264,inter
W1968580889,inter
W1968581726,inter
W1968601254,inter
W1968609670,uni
W1968616970,inter
W1968638389,inter
W1968657467,inter
W1968660417,inter
W1968661061,inter
W1968689650,inter
W1968692677,inter
W1968700631,inst
W1968702039,inter
W1968706640,inter
W1968708801,inter
W1968712419,inter
W1968727738,uni
W1968740067,inter
W1968752118,inter
W1968798514,inter
W1968807024,inter
W1968812721,inter
W1968813561,inst
W1968829116,inst
W1968853180,inter
W1968856053,inter
W1968861283,inter
W1968886330,inst
W1968935920,inst
W1968939597,inter
W1968960149,inter
W1968967786,inter
W1968968116,inter
W1968982033,inst
W1968982346,inter
W1968995953,inter
W1968999661,inter
W1969002959,inter
W1969004136,inter
W1969016460,inter
W1969017960,inter
W1969021871,inter
W1969030392,inter
W1969055469,inter
W1969065560,inter
W1969067534,inter
W1969069964,inter
W1969077952,inter
W1969084565,inst
W1969095015,inst
W1969107196,inter
W1969139189,inter
W1969163871,inter
W1969165241,inter
W1969172463,inter
W1969183341,inter
W1969186573,inst
W1969190644,inter
W1969191437,inter
W1969198379,inst
W1969228310,inter
W1969245183,inst
W1969257438,inter
W1969269637,inter
W1969287662,inst
W1969288471,inter
W1969294188,inter
W1969303661,inter
W1969317089,inter
W1969319493,inter
W1969323652,inter
W1969324401,inter
W1969332978,inter
W1969341770,inter
W1969349947,inter
W1969353325,inter
W1969354395,inter
W1969357402,inter
W1969360009,inst
W1969412560,inter
W1969426834,inter
W1969431187,inter
W1969442805,inter
W1969443643,inter
W1969449821,inter
W1969477202,inter
W1969486750,inter
W1969492090,inter
W1969501726,inst
W1969527806,inter
W1969534140,inter
W1969550081,inter
W1969557815,inter
W1969558664,inter
W1969564787,inter
W1969573529,inter
W1969577241,inter
W1969595749,inter
W1969609037,inst
W1969611173,inter
W1969617278,inter
W1969623450,inter
W1969623637,inst
W1969659889,inter
W1969660923,inter
W1969666750,inter
W1969669722,inter
W1969684232,inter
W1969684495,inter
W1969698078,inter
W1969713547,inter
W1969732194,inter
W1969734869,inter
W1969734965,inter
W1969743763,inter
W1969765300,inter
W1969768213,inter
W1969773874,inter
W1969774370,inter
W1969789239,inter
W1969799644,inter
W1969805974,inst
W1969820331,uni
W1969827353,inter
W1969835298,inter
W1969842170,inter
W1969849690,inter
W1969849809,uni
W1969872429,inter
W1969888881,uni
W1969914528,inter
W1969921890,inter
W1969923711,inter
W1969939022,inst
W1969939902,inter
W1969943016,inter
W1969956349,inter
W1969974611,inter
W1969975228,inter
W1969978671,inter
W1969990195,inst
W1970026646,inst
W1970027940,inter
W1970030635,inter
W1970042852,inter
W1970055540,inter
W1970065917,inter
W1970088130,inter
W1970095641,inter
W1970099578,inter
W1970104171,inter
W1970106721,inter
W1970120446,inter
W1970137430,inter
W1970139793,uni
W1970163283,inter
W1970167598,inter
W1970178948,inter
W1970189273,inter
W1970190616,inter
W1970190994,inst
W1970194957,inter
W1970210326,inter
W1970216338,inter
W1970225139,inst
W1970249071,inter
W1970265448,inter
W1970266878,inter
W1970275772,inst
W1970284898,inter
W1970295782,inter
W1970300528,inter
W1970305599,inter
W1970305920,inter
W1970342366,inter
W1970372784,inst
W1970404001,inter
W1970405634,inter
W1970425058,inter
W1970425646,inter
W1970446252,inter
W1970451752,inter
W1970462628,inter
W1970464880,inter
W1970479141,inter
W1970480040,inter
W1970498526,inter
W1970524732,inter
W1970532703,inter
W1970536602,inter
W1970538952,inter
W1970544520,inter
W1970557073,inter
W1970563617,inter
W1970565328,inter
W1970582418,inter
W1970585217,inter
W1970594638,uni
W1970601344,inter
W1970603441,inter
W1970606629,inter
W1970613767,inter
W1970633409,inter
W1970645982,inter
W1970653278,inter
W1970666641,inter
W1970668192,inter
W1970691969,inter
W1970693754,inter
W1970705443,inter
W1970707909,inter
W1970708615,inter
W1970756365,inter
W1970756432,inter
W1970759228,inst
W1970762553,inter
W1970776799,inst
W1970780821,inter
W1970787253,inter
W1970789124,inter
W1970800786,inter
W1970801029,inter
W1970802315,inter
W1970826701,inter
W1970832383,inst
W1970835792,inter
W1970859533,inter
W1970863292,inter
W1970865484,inter
W1970867218,inter
W1970870428,inter
W1970900230,inter
W1970932548,inter
W1970933169,inter
W1970935533,inter
W1970938797,inter
W1970939331,inter
W1970941848,inter
W1970942140,inter
W1970942930,inter
W1970943303,inter
W1970944921,inst
W1970948046,inter
W1970948459,inst
W1970948880,inst
W1970957223,inter
W1970962759,inter
W1970966506,inter
W1970968369,inter
W1970979418,inter
W1970986702,inter
W1971013425,inter
W1971019775,uni
W1971022913,inter
W1971023268,inter
W1971028137,inter
W1971039378,inter
W1971061054,inter
W1971062326,inter
W1971062533,inter
W1971068234,inter
W1971079665,inter
W1971086513,inter
W1971086750,inter
W1971103086,inter
W1971113501,inter
W1971117290,inter
W1971117482,inter
W1971138037,inter
W1971168247,inst
W1971180577,inter
W1971185946,inter
W1971211045,inter
W1971213794,inter
W1971220482,inter
W1971220772,inter
W1971228775,inter
W1971239853,inter
W1971240015,inter
W1971240430,inst
W1971243715,inter
W1971256895,inter
W1971259134,inter
W1971266846,inter
W1971286892,inter
W1971300161,inter
W1971303044,inter
W1971303791,inter
W1971305843,inter
W1971315259,inter
W1971319898,inter
W1971323182,inter
W1971327226,inter
W1971339231,inter
W1971342410,inst
W1971342703,inst
W1971344402,inter
W1971361852,inst
W1971366384,inter
W1971396376,inter
W1971408687,inter
W1971413647,inter
W1971425543,inter
W1971428680,inter
W1971429569,inter
W1971443429,uni
W1971446828,inter
W197145066,inter
W1971459249,inter
W1971488501,inter
W1971491951,inter
W1971502306,inter
W1971511148,inter
W1971523488,inter
W1971525252,inter
W1971533279,uni
W1971536606,inter
W1971541086,inter
W1971543283,uni
W1971545142,inter
W1971556138,inst
W1971585631,inst
W1971587273,inter
W1971594048,inter
W1971602293,inter
W1971605365,inter
W1971613396,inter
W1971636947,inter
W1971641581,inst
W1971647913,inter
W1971649776,inter
W1971661097,inter
W1971662204,inst
W1971681701,inter
W1971690934,inter
W1971691188,inst
W1971700621,inter
W1971705456,inter
W1971714722,inter
W1971727464,inter
W1971735090,inter
W1971735267,inter
W1971747544,inter
W1971764118,inter
W1971765097,inter
W1971784203,top tier
W1971815739,inter
W1971815967,inter
W1971822872,inter
W1971825415,inter
W1971825525,inter
W1971827229,uni
W1971853188,inter
W1971864291,inter
W1971889990,inter
W1971890403,inter
W1971901219,inter
W1971931734,inter
W1971937900,inter
W1971942712,inst
W1971944151,inter
W1971950062,uni
W1971954547,inter
W1971955426,inter
W1971978160,inter
W1971991620,inter
W1971997351,inter
W1971998388,inter
W1972003754,inter
W1972004026,inter
W1972004260,inter
W1972018154,inter
W1972020324,inter
W1972022365,inter
W1972027649,inter
W1972031006,inter
W1972041827,inst
W1972043103,inter
W1972048375,inst
W1972053908,uni
W1972060823,inst
W1972063359,inter
W1972065312,inter
W1972071974,inter
W1972090741,inter
W1972098965,inter
W1972111963,inst
W1972121713,inter
W1972125593,inter
W1972126281,inter
W1972128795,inter
W1972148009,inter
W1972149284,inter
W1972153891,inter
W1972169827,inter
W1972195523,inter
W1972196076,inter
W1972198295,inter
W1972199767,inst
W1972200612,inter
W1972209410,inter
W1972216957,inter
W1972222614,inter
W1972226726,inter
W1972228828,inter
W1972230609,inter
W1972240011,inter
W1972245406,inter
W1972250320,inter
W1972252530,inter
W1972257375,inst
W1972262648,inter
W1972270941,inter
W1972277434,inter
W1972297941,inter
W1972311586,inst
W1972328015,inter
W1972331617,inter
W1972335571,inter
W1972365491,inter
W1972382727,inter
W1972388231,inter
W1972390207,inter
W1972395148,inst
W1972397400,inter
W1972411778,inter
W1972413910,inter
W1972416255,inst
W1972442292,inter
W1972453333,inter
W1972456053,inst
W1972468300,inter
W1972471335,inter
W1972472126,inter
W1972482520,inst
W1972482645,inter
W1972494740,inter
W1972505767,inter
W1972508834,inter
W1972515067,inst
W1972517209,inter
W1972520333,inter
W1972541235,inter
W1972552638,inter
W1972566984,inter
W1972567154,inter
W1972572665,inter
W1972587600,inter
W1972588429,inter
W1972594981,inst
W1972616160,inter
W1972620389,uni
W1972642170,inter
W1972646572,inter
W1972653359,inter
W1972653663,inter
W1972655158,inter
W1972657627,uni
W1972669216,inter
W1972673189,inter
W1972704511,uni
W1972716905,inter
W1972719645,inter
W1972726633,inter
W1972738071,inter
W1972738518,inter
W1972740044,inter
W1972744999,inter
W1972760347,inter
W1972762473,inter
W1972771074,inter
W1972771321,inter
W1972793074,inter
W1972796262,inst
W1972812972,inst
W1972826678,inter
W1972843873,inter
W1972848503,uni
W1972865089,uni
W1972873791,inter
W1972873938,inter
W1972881359,inter
W1972904756,uni
W1972907726,inter
W1972922100,inter
W1972960842,inter
W1973012451,inst
W1973013783,inter
W1973020382,inter
W1973035802,inter
W1973046722,inter
W1973049664,inter
W1973065762,inter
W1973079533,inst
W1973089334,inter
W1973094914,inter
W1973098286,inter
W1973137277,inter
W1973141513,inter
W1973156346,inter
W1973176164,inst
W1973179992,inter
W1973182849,uni
W1973186567,inter
W1973198551,inst
W1973207688,inter
W1973207880,inter
W1973214372,inter
W1973220679,inter
W1973225261,inter
W1973237440,inter
W1973255633,inst
W1973259750,inter
W1973260109,inter
W1973264045,inter
W1973280663,uni
W1973284743,inst
W1973298267,inter
W1973299779,inter
W1973307935,inter
W1973312238,inter
W1973324548,inter
W1973326289,inter
W1973335962,inst
W1973341905,inter
W1973344790,uni
W1973374823,inter
W1973379362,uni
W1973391675,inter
W1973407216,inter
W1973414967,inter
W1973435495,inter
W1973436466,inter
W1973444540,inter
W1973446088,inter
W1973452128,inter
W1973496052,inter
W1973500996,inst
W1973501585,inter
W1973516775,inter
W1973538724,inter
W1973573652,uni
W1973588708,inst
W1973595880,inter
W1973606434,inter
W1973611342,inter
W1973628819,inter
W197363229,inter
W1973650748,uni
W1973652931,inter
W1973657277,inter
W1973660470,uni
W1973677677,inter
W1973683994,inter
W1973687553,inst
W1973690672,inst
W1973693034,inter
W1973697585,inter
W1973698973,inst
W1973720377,inter
W1973730821,inter
W1973747955,inter
W1973756767,inter
W1973776666,inter
W1973788353,inter
W1973792122,inst
W1973793475,inter
W1973825546,inter
W1973828066,inter
W1973861090,inter
W1973862904,inter
W1973865630,inter
W1973871483,inter
W1973880217,inter
W1973884997,inter
W1973896675,inter
W1973900078,inter
W1973907457,inter
W1973925224,inter
W1973946917,uni
W1973948787,inst
W1973962479,inter
W1973965874,inter
W1973969964,uni
W1973976434,inter
W1973978487,inter
W1974019064,inter
W1974027752,inst
W1974028248,inter
W1974043473,inter
W1974058871,inter
W1974061452,inter
W1974063126,inter
W1974075019,inter
W1974076946,inst
W1974078131,inter
W1974083762,inter
W1974090011,inter
W1974096844,inst
W1974098896,inter
W1974099360,inter
W1974110273,inter
W1974124880,inter
W1974136573,inter
W1974150959,inter
W1974153628,inter
W1974158203,inter
W1974160425,inter
W1974169079,inst
W1974172224,uni
W1974172997,inter
W1974183283,inter
W1974195097,inter
W1974195684,inter
W1974199791,inter
W1974205438,inter
W1974210421,inter
W1974216994,uni
W1974263003,inter
W1974293884,inter
W1974314970,inst
W1974321539,inter
W1974324284,inter
W1974326986,inter
W1974333071,inter
W1974336758,inter
W1974339580,inter
W1974346566,inter
W1974357398,inter
W1974370712,inter
W1974388055,inter
W1974394819,inter
W1974398767,inter
W1974421439,inter
W1974436615,inter
W1974441948,inter
W1974444746,inst
W1974451927,inter
W1974476849,inter
W1974477498,uni
W1974483963,inter
W1974486805,inter
W1974525150,inter
W1974531909,inter
W1974547141,uni
W1974549579,inter
W1974550153,inter
W1974551581,inter
W1974573143,inter
W1974605793,inter
W1974610632,uni
W1974613583,inter
W1974624244,inter
W1974648697,inter
W1974671004,inst
W1974686221,inter
W1974696541,inter
W1974708980,inter
W1974710463,inter
W1974717235,inter
W1974741803,inter
W1974744233,inter
W1974744554,inter
W1974760326,inter
W1974766144,inter
W1974784305,inter
W1974819972,inter
W1974821370,inter
W1974821667,inter
W1974836797,inter
W1974861114,inter
W1974865313,inter
W1974874329,uni
W1974875685,inter
W1974881566,inter
W1974884542,inst
W1974885453,inter
W1974888421,inter
W1974897896,inter
W1974904316,inter
W1974907720,inter
W1974910099,inter
W1974919957,inter
W1974927094,inter
W1974928098,inter
W1974928788,inter
W1974943206,inter
W1974949407,inter
W1974965726,inter
W1974969920,inter
W1974973438,inter
W1974973440,uni
W1974976481,inter
W1974984534,inter
W1974988574,inter
W1975009259,inter
W1975009952,inter
W1975018727,inst
W1975019251,inst
W1975022484,inter
W1975050092,inter
W1975076166,inter
W1975085273,inst
W1975092632,inter
W1975099099,inter
W1975102597,inter
W1975109850,inter
W1975115491,inter
W1975116927,inter
W1975135614,inst
W1975160033,inter
W1975169446,inter
W1975173300,inter
W1975177827,inter
W1975214626,inter
W1975216787,inter
W1975222610,inter
W1975238690,inter
W1975244148,inst
W1975255815,inst
W1975277883,inter
W1975291515,inter
W1975301756,inter
W1975303631,inter
W1975320652,inter
W1975332627,inter
W1975348168,inter
W1975358183,inter
W1975359962,inter
W1975369978,inter
W1975375150,inter
W1975386056,inter
W1975393729,inst
W1975410544,inter
W1975413141,inter
W1975414584,inst
W1975415766,inter
W1975416282,inter
W1975417808,inter
W1975422095,inter
W1975424329,inter
W1975433230,uni
W1975439966,inst
W1975447209,inter
W1975454934,inter
W1975479076,inter
W1975514105,inter
W1975517671,inter
W1975518022,inter
W1975518936,inter
W1975523646,inter
W1975528596,inter
W1975528636,inst
W1975533027,inter
W1975539849,inter
W1975543330,inter
W1975551615,inter
W1975566717,inst
W1975570414,inter
W1975575519,inter
W1975579741,inter
W1975586080,inter
W1975586330,inter
W1975605357,inter
W1975610128,inter
W1975616538,inter
W1975620021,inter
W197562991,inter
W1975640419,inter
W1975641737,inter
W1975642600,uni
W1975647954,inter
W1975653240,inter
W1975654601,inter
W1975666003,inter
W1975675656,inter
W1975677983,inter
W1975678038,inter
W1975679132,inter
W1975684011,inter
W1975692209,inst
W1975697382,inter
W1975714268,inter
W1975722015,inst
W1975732275,inter
W1975732485,inter
W1975749451,inter
W1975768144,uni
W1975768928,inter
W1975780119,inst
W1975799598,inter
W1975820725,inter
W1975830550,inter
W1975834093,uni
W1975842137,inter
W1975844474,inter
W1975877650,inter
W1975878914,inter
W1975891294,inter
W1975903010,inter
W1975916211,inter
W1975936206,inter
W1975944451,uni
W1975959625,inter
W1975976087,inst
W1975978386,inter
W1975987360,inter
W1975989106,inst
W1975998435,inter
W1975999821,inst
W1976014329,inter
W1976015505,inter
W1976017036,inter
W1976030201,inter
W1976043938,inter
W1976049855,inter
W1976051179,inter
W1976069032,inter
W1976069054,inter
W1976090620,inter
W1976111082,inter
W1976125183,inter
W1976137296,inter
W1976149064,inter
W1976149214,inter
W1976149354,inter
W1976153921,inter
W1976185052,inter
W1976186848,inter
W1976188373,inter
W1976203617,inter
W1976213004,inter
W1976256447,inter
W1976295633,inst
W1976296591,inter
W1976301458,inter
W1976310561,inter
W1976329209,inter
W1976341950,inter
W1976363619,inter
W1976373002,inter
W1976380866,inter
W1976387408,inter
W1976387523,inter
W1976436707,inter
W1976462192,inter
W1976475710,inter
W1976495072,uni
W1976496037,inter
W1976496742,inter
W1976513504,inter
W1976525096,inter
W1976526581,inter
W1976558090,inter
W1976567894,inter
W1976605855,uni
W1976606095,inter
W1976618413,inst
W1976625418,inter
W1976631201,inter
W1976639566,inter
W1976668624,inter
W1976672509,inter
W1976676487,inter
W1976677460,top tier
W1976679747,uni
W1976701842,uni
W1976702616,inter
W1976710349,inter
W1976724148,uni
W1976731028,inst
W1976748778,inter
W1976749869,inter
W1976751551,inter
W1976776761,inst
W1976777788,inter
W1976778942,inter
W1976779262,inter
W1976818984,inter
W1976821017,inst
W1976830627,inter
W1976845394,inter
W1976847937,inter
W1976848779,inst
W1976868543,inter
W1976905195,inter
W1976916561,inter
W1976921161,inst
W1976922823,inter
W1976936019,inter
W1976939734,inter
W1976944844,inter
W1976944900,inst
W1976948919,inter
W1976948944,inter
W1976955649,inter
W1976959044,inter
W1976966855,inter
W1976969221,inst
W1976993630,inter
W1976994692,inter
W1976996892,inter
W1976998625,inter
W1977000157,inter
W1977001629,inst
W1977017150,inter
W1977026695,inter
W1977037410,inter
W1977050089,inter
W1977053705,inter
W1977061612,inter
W1977066218,inter
W1977073949,inter
W1977093357,inter
W1977096265,inter
W197709981,inter
W1977100458,inter
W1977111935,inter
W1977112860,inter
W1977115694,inter
W1977123030,inter
W1977123675,inst
W1977124181,inst
W1977148550,inter
W1977174119,inter
W1977175169,inter
W1977181418,inter
W1977181472,inter
W1977182282,inter
W1977189278,inter
W1977193486,inter
W1977205581,inst
W1977212480,inst
W1977241131,inter
W1977245551,inter
W1977270402,inter
W1977270874,inter
W1977271127,inter
W1977276706,inter
W1977295306,inter
W1977295820,inter
W1977301265,inter
W1977318987,inter
W1977320934,inter
W1977326780,inter
W1977342186,inter
W1977342401,inter
W1977345947,inter
W1977355730,inter
W1977362558,inter
W1977367431,inst
W1977370680,inter
W1977375620,inter
W1977376049,inter
W1977415353,inter
W1977433812,inter
W1977434823,uni
W1977436546,inter
W1977456835,inst
W1977478067,inter
W1977485163,inter
W1977496278,inter
W1977511031,inter
W1977540954,inter
W1977545325,top tier
W1977546873,inter
W1977556410,inst
W1977557404,uni
W1977582957,inter
W1977597076,inter
W1977634304,inter
W1977642603,inter
W1977674021,inter
W1977700955,inter
W1977707526,inter
W1977713234,inter
W1977721108,inter
W1977732568,inter
W1977737593,inter
W1977752528,inter
W1977767406,inter
W1977769089,inter
W1977780169,inter
W1977805008,inter
W1977806565,inter
W1977814411,inter
W1977828885,inter
W1977848238,inter
W1977852640,inter
W1977860450,inter
W1977867261,inter
W1977867644,inter
W1977870273,inter
W1977877565,inter
W1977902724,inter
W1977902874,inter
W1977906644,inter
W1977910998,inter
W1977917554,uni
W1977925962,inter
W1977933611,inter
W1977933767,inter
W1977935262,inter
W1977937121,inter
W1977943306,inter
W1977944791,inter
W1977949265,inst
W1977954154,inst
W1977970897,inter
W1977995219,inter
W1977998583,inter
W1978000310,inter
W1978002132,inter
W1978012821,inter
W1978015745,inter
W1978037315,inter
W1978037372,inter
W1978044639,inter
W1978052925,inter
W1978053173,inter
W1978054178,inst
W1978069786,inter
W1978075487,inter
W1978080684,inst
W1978082132,inter
W1978082383,inter
W1978084955,inter
W1978093332,uni
W1978107848,inter
W1978108972,inter
W1978112828,inst
W1978115611,inter
W1978118438,inst
W1978134155,inter
W1978138256,inter
W1978160955,inter
W1978166789,inst
W1978171318,inter
W1978179301,inter
W1978198451,inter
W1978201126,inter
W1978201170,inter
W1978220811,inst
W1978232622,inter
W1978234976,inter
W1978235430,inter
W1978249367,inter
W1978259121,inter
W1978269740,inter
W1978276814,uni
W1978305174,inter
W1978319501,inter
W1978328995,inter
W1978331308,inter
W1978338723,inter
W1978338818,inter
W1978346071,inter
W1978355769,inter
W1978357561,inter
W1978380814,inter
W1978381081,inter
W1978381881,inter
W1978382207,inter
W1978394996,top tier
W1978396244,inter
W1978400480,inter
W1978419499,inst
W1978425155,inter
W1978434005,inter
W1978456026,inter
W1978461925,inter
W1978472543,inter
W1978478796,inter
W1978480905,inter
W1978508564,inter
W1978513881,inter
W1978515644,inter
W1978539378,inst
W1978559254,inter
W1978562894,inter
W1978580424,inter
W1978581090,inst
W1978590356,inter
W1978591246,inter
W1978596586,uni
W1978600984,inst
W1978613449,inst
W1978629435,inter
W1978631822,inter
W1978632766,inter
W1978633512,inter
W1978634099,inter
W1978660525,inter
W1978695274,inter
W1978751402,inter
W1978760744,inter
W1978760946,inter
W1978762550,inter
W1978767129,inter
W1978780849,inter
W1978784480,inter
W1978786559,inter
W1978788990,inter
W1978799369,inter
W1978809115,inst
W1978818583,inter
W1978855168,inter
W1978866421,inter
W1978868733,inst
W1978870270,inst
W1978872422,inter
W1978892902,inter
W1978905539,inter
W1978914960,inter
W1978919910,inter
W1978939576,inter
W1978979292,inter
W1978990080,inter
W1979014233,inter
W1979016574,inter
W1979019161,inter
W1979020924,inter
W1979032160,inter
W1979036815,inter
W1979053927,inter
W1979065184,inter
W1979067128,inter
W1979072167,inter
W1979076920,inst
W1979081727,inst
W1979089509,inter
W1979099814,inter
W1979134164,inter
W1979145572,inter
W1979146060,inter
W1979148404,inter
W1979154116,inter
W1979175600,inter
W1979193144,inter
W1979198104,uni
W1979224575,inter
W1979233178,inter
W1979233855,inter
W1979256582,inter
W1979277605,inter
W1979284950,inter
W1979285944,inter
W1979291092,inter
W1979295888,inter
W1979302160,inter
W1979316690,inter
W1979320228,inst
W1979330015,inter
W1979339361,inter
W1979347161,inter
W1979356488,inter
W1979359234,inst
W1979360836,inst
W1979369481,inter
W1979371195,inter
W1979378996,inst
W1979387334,inter
W1979404695,inter
W1979410621,inst
W1979442274,inter
W1979449467,inter
W1979450609,inst
W1979464002,inter
W1979485530,inter
W1979507906,inter
W1979527452,inter
W1979548221,inst
W1979553069,inter
W1979555050,uni
W1979566015,inter
W1979597166,inter
W1979598217,inter
W1979601623,inst
W1979607625,inter
W1979612096,inter
W1979622972,inter
W1979649888,inter
W1979651826,inter
W1979655951,inter
W1979660621,inter
W1979666980,inter
W1979667396,inter
W1979674792,inter
W1979679587,inter
W1979696346,inter
W1979699738,inter
W1979710858,inst
W1979711143,inter
W1979711384,inter
W1979716730,inst
W1979725798,inst
W1979735396,inst
W1979787006,inter
W1979795732,inter
W1979814682,inter
W1979821252,inst
W1979827651,uni
W1979837563,inter
W1979849815,inst
W1979853448,inst
W1979854723,inter
W1979860865,uni
W1979863690,inter
W1979868167,inter
W1979880298,inter
W1979900087,inter
W1979908518,inter
W1979913347,uni
W1979914275,inter
W1979914800,inter
W1979921936,inter
W1979924569,inter
W1979955936,inter
W1979965748,inter
W1979966120,inter
W197998238,inter
W1979990036,uni
W1979991621,uni
W1980001792,inter
W1980017694,inter
W1980024583,inter
W1980035368,inter
W1980038595,inter
W1980049228,inter
W1980053379,inter
W1980063284,inter
W1980090013,inter
W1980093244,inter
W1980094839,inter
W1980108629,inter
W1980114101,inst
W1980126236,inter
W1980135773,inter
W1980148047,inter
W1980149518,inter
W1980156780,inter
W1980172982,inter
W1980174718,inter
W1980184674,inter
W1980201624,inter
W1980209352,inter
W1980211411,inter
W1980214165,inter
W1980245463,inter
W1980246646,inter
W1980252284,inter
W1980253717,inter
W1980254052,inter
W1980258361,inter
W1980271325,inter
W1980276039,inter
W1980348618,inter
W1980351138,inter
W1980361852,uni
W1980364632,inter
W1980365054,inter
W1980374422,inter
W1980396830,inter
W1980401455,uni
W1980409844,inst
W1980414848,inter
W1980418810,inter
W1980431326,inter
W1980432290,inst
W1980466168,inter
W1980473545,inter
W1980487211,inter
W1980552170,inter
W1980552868,inter
W1980555478,inter
W1980560549,inter
W1980564456,top tier
W1980566286,inter
W1980568117,inter
W1980575345,inter
W1980585283,inter
W1980594200,inter
W1980595883,inter
W1980599059,inter
W1980619199,inter
W1980629022,inter
W1980650074,inter
W1980654796,inst
W1980664642,inter
W1980677368,inst
W1980687383,inter
W1980688698,inst
W1980700461,inter
W1980701825,inter
W1980704718,inter
W1980708124,uni
W1980713635,inter
W1980718549,inst
W1980722661,inter
W1980732600,inter
W1980733361,inter
W1980744208,inter
W1980755217,inter
W1980770256,inter
W1980775850,inter
W1980778897,uni
W1980781556,inter
W1980788341,inter
W1980789580,inter
W1980793158,inter
W1980800761,inter
W1980801869,inter
W1980802338,inter
W1980818933,inter
W1980819045,inter
W1980828944,inter
W1980830101,inter
W1980852127,inter
W1980856175,inter
W1980859269,inter
W1980861757,inter
W1980864082,inst
W1980894526,inter
W1980902820,inter
W1980904386,inter
W1980911747,inst
W1980938219,inter
W1980939032,inter
W1980946984,inter
W1980956598,inter
W1980959920,inter
W1980966471,inter
W1980985774,uni
W1981020230,inst
W1981036287,inter
W1981038351,inter
W1981042585,inter
W1981063968,inter
W1981064967,inter
W1981067412,inter
W1981072042,inter
W1981096457,inst
W1981103638,uni
W1981106795,inter
W1981114175,inter
W1981119726,uni
W1981119885,inst
W1981144549,inter
W1981152494,inter
W1981185254,inter
W1981195244,inter
W1981196359,inter
W1981200565,inter
W1981207567,inter
W1981209126,inter
W1981212633,inter
W1981220107,inter
W1981221397,inter
W1981224255,inter
W1981238004,inter
W1981252484,inter
W1981260643,inter
W1981277666,inter
W1981280811,inter
W1981283924,inter
W1981295749,inter
W1981296138,inter
W1981308866,inter
W1981320868,inter
W1981328874,inter
W1981333922,inter
W1981350555,inter
W1981369412,inter
W1981374696,inst
W1981377771,inter
W1981385563,inter
W1981388088,inter
W1981388173,uni
W1981388248,inter
W1981397552,inter
W1981399499,inter
W1981401525,inter
W1981401636,uni
W1981413807,inter
W1981416932,inter
W1981420413,inter
W1981421358,inter
W1981450011,inter
W1981452735,inter
W1981466322,inter
W1981472734,inst
W1981479685,inter
W1981535236,inter
W1981536864,inter
W1981552292,inst
W1981554428,inst
W1981560817,inter
W1981562693,inter
W1981563826,inter
W1981566414,inst
W1981585867,inter
W1981594106,inter
W1981600035,inter
W1981613567,inter
W1981617182,inter
W1981627538,inter
W1981651876,inst
W1981661500,inter
W1981663184,inst
W1981681063,inter
W1981687653,inter
W1981693481,inter
W1981695622,inter
W1981706894,inter
W1981710323,inter
W1981711716,inst
W1981718090,uni
W1981721425,inter
W1981781955,inter
W1981791873,inter
W1981799522,inter
W1981832641,inter
W1981839554,inter
W1981845048,inter
W1981855331,inter
W1981856935,inter
W1981856985,inter
W1981857004,inter
W1981863521,inter
W1981874596,inter
W1981899655,inter
W1981906190,inter
W1981909972,inter
W1981913121,inter
W1981926269,inter
W1981934656,inter
W1981943156,inter
W1981943433,inter
W1981943493,inst
W1981945670,inter
W1981950143,inter
W1981952777,inter
W1981955640,inter
W1981986609,uni
W1981996334,inter
W1982002974,inst
W1982011875,inter
W1982017990,inter
W1982020952,inter
W1982034405,inter
W1982038056,inter
W1982041753,inst
W1982042557,inter
W1982048725,inst
W1982059058,inter
W1982061533,inter
W1982099023,inter
W1982106473,inter
W1982107991,inter
W1982108777,inter
W1982113212,inter
W1982114217,inter
W1982129592,inter
W1982141094,inter
W1982153337,inter
W1982158401,inter
W1982158456,inter
W1982173547,inter
W1982177423,inter
W1982180670,inter
W1982182559,inter
W1982183556,inter
W1982189476,inter
W1982202203,inter
W1982205631,inter
W1982209341,inter
W1982212348,inter
W1982218566,inter
W1982224715,inter
W1982230396,inter
W1982233362,inter
W1982249873,inter
W1982256854,inter
W1982266332,uni
W1982273692,inter
W1982302133,inter
W1982304603,inter
W1982305921,inter
W1982342918,inter
W1982356260,inter
W1982365650,inter
W1982369981,inter
W1982402725,inter
W1982420354,inter
W1982438076,inter
W1982441109,inter
W1982441864,inter
W1982451263,inter
W1982459281,inter
W1982459732,inter
W1982463698,inter
W1982472447,inter
W1982474773,inter
W1982485921,inter
W1982486391,inter
W1982507497,inter
W1982512167,inter
W1982520714,inter
W1982529247,inst
W1982532564,inter
W1982541114,inter
W1982550841,inter
W1982551589,inter
W1982551739,inst
W1982569539,inter
W1982577700,inter
W1982604981,inter
W1982605007,inter
W1982610692,inter
W1982636234,inter
W1982647060,inter
W1982648679,inter
W1982651806,uni
W1982661931,inter
W1982667805,inter
W1982679659,inst
W1982696459,inst
W1982705251,inter
W1982708897,inter
W1982709077,inter
W1982716240,inter
W1982736658,inter
W1982740925,inter
W1982756090,inter
W1982776174,inter
W1982779742,inter
W1982784722,inter
W1982799362,inter
W1982819660,inter
W1982829297,uni
W1982842980,inter
W1982855196,inter
W1982860322,inter
W1982870440,inter
W19828709,inter
W1982871379,inter
W1982877802,inter
W1982885147,inter
W1982887217,inter
W1982894432,inter
W1982899348,inst
W1982925187,inter
W1982931780,inter
W1982940755,inter
W1982950856,inter
W1982952634,inter
W1982955548,inter
W1982970299,inst
W1982976173,inter
W1982998540,inter
W1982999709,inter
W1983020133,inst
W1983029152,inter
W1983030745,inter
W1983035190,inter
W1983046612,uni
W1983062295,inter
W1983063782,inter
W1983067644,inter
W1983069178,inter
W1983091208,inter
W1983096721,inter
W1983107032,inter
W1983108990,inter
W1983125724,inter
W1983134423,inter
W1983135165,uni
W1983137479,inter
W1983139887,inter
W1983142587,inter
W1983143653,inter
W1983157164,inter
W1983162815,inter
W1983187783,inst
W1983203670,inter
W1983216477,inter
W1983217436,inter
W1983236527,inter
W1983285480,inst
W1983308770,inter
W1983309412,inter
W1983321307,inst
W1983325631,inter
W1983332149,inter
W1983341549,inter
W1983359980,inter
W1983362322,inter
W1983374778,inter
W1983377546,inter
W1983382657,inter
W1983393784,uni
W1983394510,inst
W1983404251,inter
W1983416598,inter
W1983417245,inter
W1983425265,inter
W1983425370,uni
W1983427623,inter
W1983446664,inter
W1983448373,inst
W1983472673,inter
W1983474530,inst
W1983488873,inter
W1983491013,inter
W1983510392,inter
W1983519058,inter
W1983524036,inter
W1983526251,inter
W1983529311,inter
W1983534832,inter
W1983548143,inter
W1983556082,inter
W1983557401,inter
W1983560528,inter
W1983564289,inter
W1983586459,uni
W1983599491,inter
W1983609845,inter
W1983627704,inter
W1983655155,inter
W1983658296,inter
W1983659664,inter
W1983661866,inter
W1983666584,inter
W1983681808,inter
W1983691152,inter
W1983693257,inter
W1983699108,inter
W1983701453,inter
W1983706390,inter
W1983707227,uni
W1983718476,inter
W1983723499,inter
W1983727080,inst
W1983733343,inter
W1983753065,inter
W1983779147,inst
W1983802150,inst
W1983805861,inter
W1983813735,inter
W1983813906,inter
W1983823085,inter
W1983827610,inter
W1983835206,inter
W1983865151,inter
W1983889386,inter
W1983908352,inter
W1983927101,inter
W1983927549,uni
W1983942331,inter
W1983948817,inter
W1983958448,inst
W1983989471,inter
W1983991366,inter
W1983992752,inter
W1983997964,inter
W1983999399,inter
W1984004232,inter
W1984008363,inst
W1984009983,inter
W1984020445,inter
W1984032901,inst
W1984073183,inter
W1984083720,inter
W1984086065,inter
W1984090357,inter
W1984092937,uni
W1984121966,inter
W1984142126,inter
W1984153259,inter
W1984155718,inter
W1984165404,inter
W1984186972,inst
W1984187936,inter
W1984197365,inter
W1984207815,inter
W1984217603,inter
W1984218673,inst
W1984219317,inter
W1984220076,inter
W1984220394,inst
W1984233424,inter
W1984256563,inter
W1984256985,inter
W1984257000,inter
W1984263725,inter
W1984272776,inst
W1984274686,uni
W1984274769,inter
W1984287438,inter
W1984290186,inter
W1984309565,inter
W1984314602,top tier
W1984322083,inter
W1984324787,uni
W1984330335,inter
W1984339321,inter
W1984349431,inst
W1984361844,inter
W1984370381,inter
W1984370993,inst
W1984373323,uni
W1984375608,inter
W1984378865,inter
W1984389605,inter
W1984401578,inter
W1984424640,inter
W1984452258,inter
W1984456796,inter
W1984467068,inter
W1984482509,inter
W1984493109,inst
W1984496298,inst
W1984496983,inter
W1984502656,inter
W1984525458,inter
W1984525527,inter
W1984528974,inter
W1984543816,inter
W1984544455,inter
W1984581836,inter
W1984590281,inter
W1984590660,inter
W1984601143,inter
W1984609181,inter
W1984637275,inter
W1984643425,inter
W1984647091,inter
W1984648879,inst
W1984669326,uni
W1984681760,inter
W1984709403,inter
W1984710860,inst
W1984712681,inter
W1984720662,inter
W1984723527,inter
W1984724035,inter
W1984736553,inter
W1984744513,inter
W1984745412,inter
W1984753492,inter
W1984755068,inter
W1984758917,inter
W1984772295,inter
W1984779880,inter
W1984784892,inter
W1984789858,inst
W1984791219,inter
W1984797906,inter
W1984806179,inter
W1984811139,inter
W1984818353,inter
W1984818365,inter
W1984835144,inter
W1984839439,inter
W1984842289,inter
W1984851769,inter
W1984877556,inter
W1984883439,inter
W1984888779,inter
W1984897969,inter
W1984898509,inter
W1984903808,inter
W1984910340,inter
W1984918106,inter
W1984921118,inter
W1984921424,inter
W1984970527,inter
W1984973950,inter
W1984983329,inter
W1984993578,inter
W1985004765,inter
W1985009090,inter
W1985013167,inter
W1985014527,inter
W1985020934,inter
W1985058973,inter
W1985061810,inter
W1985064788,inter
W1985086393,inst
W1985094948,uni
W1985100731,inter
W1985109612,inter
W1985115397,inter
W1985118667,inter
W1985123706,inst
W1985134249,inter
W1985144286,inst
W1985157031,inst
W1985157738,inter
W1985167364,inter
W1985172735,inter
W1985176850,inst
W1985185807,inter
W1985193018,inter
W1985210344,inter
W1985216923,inter
W1985217339,inter
W1985222382,inst
W1985226929,inter
W1985229168,inter
W1985230893,inter
W1985261848,inter
W1985304392,inter
W1985306533,inter
W1985309579,inter
W1985342627,inter
W1985347901,inst
W1985348591,inst
W1985350390,inter
W1985354313,inter
W1985362679,inter
W1985364901,inter
W1985368054,inter
W1985368534,inst
W1985382559,inter
W1985384559,inter
W1985397955,inter
W1985413831,inter
W1985416667,inter
W1985417744,inter
W1985419898,inter
W1985424295,inter
W1985424925,inter
W1985432778,inter
W1985439922,inter
W1985444680,inter
W1985444977,inter
W1985451711,inter
W1985502054,inter
W1985504684,inter
W1985526958,inter
W1985535105,inter
W1985551847,inter
W1985558698,inter
W1985562179,inter
W1985565271,inter
W1985587638,inter
W1985588649,top tier
W1985594680,inter
W1985597491,uni
W1985618229,inter
W1985626581,inter
W1985636418,inter
W1985636891,inter
W1985659105,inter
W1985662530,inter
W1985690171,inter
W1985692486,inter
W1985712644,inter
W1985727327,inter
W1985733049,inst
W1985741258,inter
W1985755631,inter
W1985762657,inter
W1985769160,inter
W1985787020,inter
W1985799322,inter
W1985802523,inter
W1985803640,inter
W1985815835,inter
W1985834699,inter
W1985852691,inter
W1985856855,inst
W1985861536,inter
W1985872699,inter
W1985887335,inst
W1985902369,inst
W1985948529,inst
W1985951985,inter
W1985959435,inter
W1985987493,inst
W1985998286,inst
W1986007107,inter
W1986009775,inter
W1986023967,inter
W1986026811,inter
W1986049918,inter
W1986063961,inter
W1986076659,inter
W1986078722,inter
W1986085123,inter
W1986085173,inter
W1986086736,inst
W1986087295,inter
W1986096622,inter
W1986140460,inter
W1986143388,inter
W1986170391,inter
W1986171291,inter
W1986178474,inter
W1986189125,inter
W1986198903,inter
W1986217007,inst
W1986223769,inter
W1986232260,inter
W1986237407,inter
W1986244340,inter
W1986263008,inter
W1986268008,inter
W1986292761,inter
W1986297427,inst
W1986302430,inter
W1986302819,inter
W1986302899,inter
W1986310146,inter
W1986318211,inter
W1986320748,inter
W1986328771,inter
W1986334759,inter
W1986357279,inter
W1986363052,inter
W1986384291,inter
W1986391289,inter
W1986415669,inter
W1986426706,inter
W1986431723,inter
W1986441862,uni
W1986442363,inter
W1986449012,inter
W1986455621,inst
W1986471197,inter
W1986476355,inter
W1986479617,inter
W1986486124,inter
W1986490170,inter
W1986490585,inter
W1986495842,inter
W1986497773,inter
W1986507855,inter
W1986530877,inter
W1986534137,inter
W1986535055,inter
W1986544188,inter
W1986557861,inst
W1986570368,inter
W1986570437,inter
W1986581609,inter
W1986587752,inter
W1986604231,inst
W1986606318,inter
W1986610383,inter
W1986626283,inter
W1986632072,inter
W1986643873,inter
W1986648759,inter
W1986653775,inter
W1986659997,inter
W1986663052,inter
W1986668511,inter
W1986674116,inter
W1986674444,inter
W1986674454,inter
W1986684432,inter
W1986697120,inter
W1986697600,inter
W1986711118,inst
W1986712960,inter
W1986730114,inter
W1986730545,inst
W1986744686,inter
W1986747556,inter
W1986749780,inter
W1986751761,inter
W1986755980,inter
W1986784833,inst
W1986800449,inter
W1986803802,inter
W1986805195,inst
W1986815528,inter
W1986827596,inter
W1986837565,inter
W1986840991,inter
W1986864969,uni
W1986900154,uni
W1986913017,inter
W1986916218,inter
W1986931325,inst
W1986936489,inter
W1986948093,inter
W1986951886,inter
W1986954676,inst
W1986958672,inter
W1986981055,inter
W1986988453,inter
W1986989799,inter
W1986997541,inter
W1987004884,inter
W1987004947,inter
W1987024398,inter
W1987027398,inst
W1987027478,inter
W1987033997,inter
W1987038030,inst
W1987041006,inter
W1987058923,inter
W1987063035,inter
W1987082149,inter
W1987082334,inter
W1987087299,inter
W1987098293,inter
W1987117885,inter
W1987122308,inter
W1987149029,uni
W1987149108,inst
W1987162413,inter
W1987175346,inter
W1987221372,inter
W1987231241,inter
W1987263710,inter
W1987264479,inter
W1987278810,inter
W1987280464,inter
W1987299193,inter
W1987300327,inter
W1987303754,inter
W1987307264,inter
W1987315149,inter
W1987325243,inter
W1987366351,inst
W1987374783,inst
W1987385324,inter
W1987387814,inst
W1987392461,inter
W1987406538,inter
W1987425720,inter
W1987435188,inter
W1987458603,uni
W1987474526,inter
W1987485205,inter
W1987500336,inter
W1987507268,inter
W1987513739,inter
W1987515522,inter
W1987517671,inter
W1987523869,inst
W1987524735,inter
W1987535593,inter
W1987540368,uni
W1987552834,inst
W1987565072,inter
W1987565640,uni
W1987572442,inter
W1987582408,inter
W1987597502,inter
W1987608073,inter
W1987608335,inter
W1987615819,inter
W1987622756,inter
W1987644053,inter
W1987718109,uni
W1987725259,inter
W1987726864,inter
W1987738670,inter
W1987747840,uni
W1987753869,inter
W1987760161,inter
W1987780927,inter
W1987796198,inter
W1987801991,inter
W1987814534,inter
W1987868073,inter
W1987878736,inter
W1987896015,inter
W1987900099,inter
W1987903409,inter
W1987915183,inter
W1987928348,inter
W1987932675,inter
W1987937723,inter
W1987944138,inter
W1987952586,inter
W1987971958,top tier
W1987977794,inst
W1987982537,inter
W1987983010,inter
W1988012335,inter
W1988012512,inter
W1988014764,inter
W1988022890,inter
W1988030826,inter
W1988034291,inter
W1988036170,inter
W1988037271,top tier
W1988044997,inst
W1988053887,inter
W1988054515,inst
W1988071111,inter
W1988083342,inter
W1988097129,inst
W1988110322,inter
W1988115241,top tier
W1988121326,inter
W1988130573,inst
W1988130696,inter
W1988137288,inter
W1988138260,inter
W1988148591,inter
W1988150362,inter
W1988162290,inter
W1988169528,inter
W1988177606,inter
W1988179031,inter
W1988184829,inter
W1988185570,inter
W1988187361,inter
W1988189382,inter
W1988190988,inter
W1988192306,inter
W1988194533,inter
W1988195734,inter
W1988202745,inter
W1988210705,inter
W1988213610,inter
W1988219803,inter
W1988223305,inter
W1988224273,inter
W1988236064,inter
W1988239910,inter
W1988254505,inter
W1988259820,inter
W1988268569,inter
W1988272246,inter
W1988306155,inter
W1988308435,inter
W1988311692,inter
W1988312038,inter
W1988313499,inter
W1988317155,inst
W1988327625,inter
W1988329654,inst
W1988337892,inter
W1988344179,inter
W1988344262,uni
W1988393308,inter
W1988395888,inter
W1988406347,inter
W1988435015,inter
W1988437166,inter
W1988437413,inter
W1988438094,inter
W1988445395,inter
W1988448269,inter
W1988460529,inter
W1988479877,inter
W1988483973,inter
W1988496692,inter
W1988514683,inter
W1988555505,inter
W1988557449,inter
W1988605894,inter
W1988613889,inter
W1988615825,inst
W1988620524,inter
W1988631628,uni
W1988632447,inter
W1988633556,inter
W1988654309,inter
W1988691561,inter
W1988696933,inter
W1988712728,inter
W1988714735,inter
W1988724208,inter
W1988738304,inter
W1988742519,inter
W1988774297,inter
W1988776183,inter
W1988799456,inter
W1988800505,inter
W1988801089,inter
W1988814833,inter
W1988821290,inter
W1988825590,inter
W1988835709,inter
W1988844105,inter
W1988849838,inter
W1988857989,inter
W1988859391,inter
W1988862459,inter
W1988877407,inter
W1988881936,inter
W1988886314,inter
W1988888548,inter
W1988900652,inter
W1988907574,inter
W1988909822,inter
W1988914452,inst
W1988934578,inter
W1988943802,inter
W1988945200,inter
W1988949749,inter
W1988961939,inter
W1988962758,inter
W1988968220,inter
W1988973633,inter
W1988976163,inter
W1988987025,inter
W1988997815,inter
W1989008607,inter
W1989034586,inter
W1989037459,inter
W1989039835,inter
W1989070508,inter
W1989085630,inter
W1989113243,inter
W1989126931,inter
W1989130143,inter
W1989131954,uni
W1989166221,inter
W1989167856,inter
W1989168869,inter
W1989180318,inter
W1989186501,inter
W1989190017,inst
W1989208997,uni
W1989209040,inter
W1989210953,inst
W1989216112,inter
W1989217148,inter
W1989218206,inst
W1989231417,inst
W1989236069,inter
W1989237782,inter
W1989238551,inter
W1989250039,inter
W1989254201,inter
W1989255508,uni
W1989282113,inter
W1989287797,inter
W1989288658,inter
W1989290647,inter
W1989291446,inter
W1989298268,inter
W1989300723,inter
W1989305290,inter
W1989305571,inter
W1989305905,inter
W1989306415,inter
W1989312953,inter
W1989316905,inter
W1989328028,inter
W1989339726,inter
W1989343489,inter
W1989355565,inter
W1989356517,inter
W1989357884,uni
W1989358763,inter
W1989362795,inter
W1989369648,inter
W1989377994,inter
W1989386584,inst
W1989387577,inter
W1989396323,inter
W1989408492,inter
W1989413881,inter
W1989420631,inter
W1989443316,inter
W1989443586,inst
W1989449147,inter
W1989449504,inter
W1989462278,inter
W1989480677,inter
W1989483126,inter
W1989503120,uni
W1989506196,inter
W1989507268,inter
W1989511919,inter
W1989517238,inst
W1989554917,inter
W1989555277,inter
W1989567746,inter
W1989577851,inter
W1989578081,inter
W1989582918,inter
W1989623274,inst
W1989632075,inst
W1989633450,inter
W1989659920,inter
W1989663456,inter
W1989663900,inter
W1989674786,inter
W1989684337,inst
W1989694551,inter
W1989699650,inter
W1989700774,inter
W1989707854,inter
W1989713570,inter
W1989721338,inter
W1989722032,inst
W1989728020,inst
W1989744401,inter
W1989746184,inter
W1989782579,inter
W1989784606,inst
W1989791295,inter
W1989801164,inter
W1989837133,inter
W1989838421,inter
W1989839504,inter
W1989850654,inst
W1989850718,inter
W1989863986,inter
W1989870823,inter
W1989885967,inter
W1989889610,inter
W1989907351,inter
W1989911287,inter
W1989920000,inter
W1989927736,inter
W1989932424,inter
W1989933843,inter
W1989940317,inst
W1989949705,inter
W1989954918,inter
W1989970896,inter
W1989984193,inst
W1989986511,uni
W1989986719,inter
W1989989024,inter
W1989990132,inter
W1990005421,inter
W1990009902,inter
W1990011773,inter
W1990025144,inter
W1990033735,inter
W1990037710,inter
W1990043408,inter
W1990044033,inter
W1990060255,inter
W1990062941,inst
W1990066657,inter
W1990072650,inter
W1990073712,inter
W1990079212,inter
W1990082205,inter
W1990087033,inter
W1990090830,inst
W1990116101,inter
W1990140643,inter
W1990145774,inter
W1990158561,inter
W1990159405,inter
W1990161788,inter
W1990165928,inter
W1990170222,inter
W1990179667,inter
W1990186735,inter
W199018803,inter
W1990190154,inter
W1990207480,inter
W1990220158,inter
W1990225548,inter
W1990234445,uni
W1990235222,inter
W1990242495,inter
W1990248806,inter
W1990254496,inter
W1990254706,inter
W1990255192,inter
W1990258870,uni
W1990259429,inter
W1990260696,inter
W1990262198,inst
W1990265910,inter
W1990289923,inst
W1990299632,inter
W1990318994,inter
W1990325383,inter
W1990331172,inter
W1990333535,inter
W1990338169,inter
W1990352893,inter
W1990360323,inst
W1990369652,inter
W1990375062,inter
W1990377043,inter
W1990385580,inst
W1990389665,inter
W1990395475,inst
W1990402864,inter
W1990416059,inter
W1990431111,inter
W1990433277,inter
W1990436029,inter
W1990445943,inter
W1990456653,inter
W1990460433,inter
W1990474090,inter
W1990474415,inter
W1990476635,inst
W1990490226,inter
W1990494963,inter
W1990496939,inter
W1990500174,inter
W1990500986,inter
W1990516625,inter
W1990516747,inter
W1990517717,top tier
W1990523337,inst
W1990568990,uni
W1990575811,inter
W1990587611,inter
W1990600049,inter
W1990611737,inter
W1990625076,inter
W1990636673,inter
W1990643871,inst
W1990649188,inter
W1990653637,inter
W1990665605,inter
W1990674082,inter
W1990689599,inter
W1990693616,inter
W1990717243,inter
W1990733064,inter
W1990733988,inter
W1990736548,inter
W1990753794,inter
W1990754123,inter
W1990758499,inter
W1990771923,inter
W1990773133,inter
W1990779621,inst
W1990794173,inter
W1990797646,inter
W1990804363,inter
W1990810992,inter
W1990824483,inter
W1990838156,inter
W1990855883,inst
W1990871427,inter
W1990871914,inter
W1990881149,inst
W1990881776,inter
W1990886008,inst
W1990901434,inter
W1990911977,inter
W1990919719,inter
W1990925119,inter
W1990928267,inter
W1990940174,inter
W1990941549,inter
W1990979552,inter
W1991040691,inst
W1991041256,inst
W1991043035,inter
W1991060246,inter
W1991061605,inter
W1991076541,inter
W19910844,inter
W1991084933,inter
W1991091007,inter
W1991106155,uni
W1991109154,inter
W1991118597,inter
W1991129840,inst
W1991133427,inter
W1991152532,inter
W1991153938,inst
W1991157477,inter
W1991162661,inter
W1991175668,inter
W1991191127,inter
W1991208020,inter
W1991219878,inter
W1991223992,inter
W1991246945,inter
W1991265374,inter
W1991266022,inst
W1991278266,inter
W1991306532,inter
W1991313639,uni
W1991329314,inter
W1991334027,inter
W1991338370,uni
W1991340088,inter
W1991342513,inter
W1991367009,inst
W1991384258,inter
W1991396665,inter
W1991438626,inter
W1991466730,inter
W1991466857,inter
W1991468458,inter
W1991472448,inst
W1991473543,inst
W1991509950,inter
W1991515095,uni
W1991521215,inter
W1991522926,inter
W1991539166,inter
W1991571072,inter
W1991595161,inter
W1991598992,inter
W1991601392,inter
W1991604845,inter
W1991605728,inst
W1991606871,inter
W1991607601,inter
W1991617826,inter
W1991618643,inter
W1991622368,inter
W1991635091,inter
W1991647943,inst
W1991671938,inst
W1991673847,inter
W1991682620,inter
W1991692256,inter
W1991706625,inter
W1991711810,inter
W1991713476,inter
W1991713954,inter
W1991714174,inter
W1991719850,inter
W1991730713,inter
W1991730997,inter
W1991732328,inter
W1991738904,inter
W1991744168,inter
W1991755800,inst
W1991762134,inter
W1991777702,inter
W1991788899,inter
W1991804188,inter
W1991821078,inter
W1991838331,inst
W1991839217,inst
W1991846290,inter
W1991856864,inter
W1991864117,inter
W1991865437,inter
W1991885852,inter
W1991917161,inter
W1991921299,inter
W1991932593,uni
W1991945471,inter
W1991949483,inter
W1991967864,inter
W1991968851,inter
W1991976249,inter
W1991978415,inter
W1991983095,inter
W1991995316,inter
W1992002662,inst
W1992008902,inter
W1992025196,inter
W1992030785,inter
W1992036378,inter
W1992036716,inter
W1992053325,inter
W1992066656,inter
W1992081887,inter
W1992093395,inter
W1992097886,inter
W1992101337,inter
W1992102435,inter
W1992115687,inst
W1992126578,inter
W1992132942,inter
W1992146603,inter
W1992150801,inst
W1992154928,inter
W1992160273,inter
W1992163285,uni
W1992172913,inter
W1992176519,inter
W1992178984,inter
W1992189255,inter
W1992200374,inst
W1992205482,inter
W1992226551,inter
W1992243306,inter
W1992243454,inter
W1992245152,inter
W1992247684,inter
W1992247750,uni
W1992265234,inter
W1992270714,inter
W1992282993,inter
W1992286472,inter
W1992291252,inter
W1992310572,inter
W1992328771,inter
W1992330218,uni
W1992346916,inter
W1992358283,inter
W1992363721,inter
W1992406658,inter
W1992408309,inter
W1992416163,inter
W1992424384,inter
W1992434499,uni
W1992444449,inter
W1992450048,inter
W1992467563,inter
W1992467676,inter
W1992479210,inter
W1992492534,inter
W1992502250,inter
W1992505708,inter
W1992534129,inter
W1992547397,inter
W1992550299,inter
W1992552938,uni
W1992556963,inter
W1992558806,inter
W1992586477,inter
W1992588279,inter
W1992593730,inter
W1992604310,inter
W1992608042,inter
W1992614285,uni
W1992625160,inst
W1992647717,inter
W1992648242,inter
W1992651205,inter
W1992652686,inter
W1992658340,inter
W1992666150,inter
W1992666580,inter
W1992683137,inter
W1992685673,inter
W1992693319,inter
W1992710381,inter
W1992722249,inter
W199273009,inter
W1992778600,inter
W1992813219,inst
W1992817935,inst
W1992825118,inter
W1992835758,inst
W1992842723,inter
W1992842793,inter
W1992889297,inter
W1992904575,inter
W1992926813,inter
W1992927000,inter
W1992927296,inter
W1992931932,inter
W1992947643,inter
W1992959482,inst
W1992960813,inter
W1992963104,inst
W1992980292,inter
W1993014080,inter
W1993014362,inter
W1993025464,inter
W1993046136,inter
W1993046240,inter
W1993051719,inter
W1993068751,inst
W1993072051,inter
W1993077783,inter
W1993078493,inter
W1993088587,inter
W1993092146,inter
W1993102193,inter
W1993119111,inter
W1993120651,inter
W1993122650,inter
W1993124739,inter
W1993131354,inter
W1993134156,inter
W1993141752,inter
W1993143336,inter
W1993144775,inter
W1993147546,inter
W1993152368,inter
W1993180192,inter
W1993201133,inter
W1993202001,inter
W1993209012,inter
W1993210075,inter
W1993215430,inter
W1993216293,inter
W1993220166,inter
W1993226619,inter
W1993229082,inter
W1993232133,inst
W1993267702,inter
W1993274656,inter
W1993280531,inter
W1993284445,inter
W1993284846,inter
W1993285168,inter
W1993309640,inter
W1993320088,inter
W1993348678,inter
W1993357945,inter
W1993382237,inter
W1993383116,inter
W1993390063,inter
W1993390201,inter
W1993394951,inter
W1993399552,inter
W1993401354,inter
W1993403967,inter
W1993421674,uni
W1993433750,inter
W1993433997,inter
W1993450671,inter
W1993454158,inst
W1993468393,inter
W1993474903,inter
W1993483669,inter
W1993487882,inter
W1993496775,inter
W1993518163,inter
W1993531511,inter
W1993531746,inter
W1993535816,inter
W1993539890,inter
W1993545406,inter
W1993548452,inter
W1993553289,inter
W1993554394,inter
W1993554808,inter
W1993557076,inter
W1993584577,inst
W1993595044,inter
W1993597597,inst
W1993612309,inter
W1993625798,inst
W1993626808,inter
W1993629540,inter
W1993639090,inter
W1993640071,inter
W1993640157,inter
W1993641417,inter
W1993661467,inter
W1993665712,inter
W1993670574,inter
W1993690978,inter
W1993695198,inter
W1993697526,inst
W1993704367,inter
W1993717606,inter
W1993717695,inter
W1993727043,inter
W1993733065,inter
W1993740947,inter
W1993745552,inter
W1993754142,inter
W1993756116,inter
W1993756236,uni
W1993758357,inter
W1993789327,inter
W1993809999,inter
W1993818688,inter
W1993828178,inter
W1993835026,inst
W1993851932,inter
W1993854306,inter
W1993857858,inter
W1993857938,inter
W1993859887,inter
W1993871655,inter
W1993871915,inter
W1993879066,uni
W1993888853,inter
W1993892970,inter
W199390120,inter
W1993918491,inter
W1993921138,inter
W1993921692,inter
W1993937043,inst
W1993950820,inter
W1993953473,inst
W1993959163,inter
W1993976538,inter
W1993989674,inter
W1993993976,inter
W1993996076,inter
W1993999944,inter
W1994016811,inter
W1994034660,inter
W1994037959,inter
W1994040201,inter
W1994049097,inter
W1994056816,inter
W1994065560,inter
W1994072439,inter
W1994089662,inter
W1994094966,inter
W1994110072,inter
W1994114865,inter
W1994127432,inter
W1994139191,inter
W1994140482,inter
W1994148398,inter
W1994157509,inter
W1994165052,inter
W1994165469,inter
W1994176509,inter
W1994180971,inter
W1994181060,inter
W1994184495,inter
W1994190630,inter
W1994193755,inter
W1994195945,inter
W1994204888,inter
W1994211185,inter
W1994212758,inter
W1994212840,inter
W1994223040,inter
W1994239235,inter
W1994240765,inter
W1994250273,inter
W1994252836,inter
W1994256150,inter
W1994265736,inst
W1994285181,inter
W1994292487,inter
W1994293779,inter
W1994312584,inter
W1994325185,inter
W1994330494,inter
W1994335277,inter
W1994352665,inter
W1994355607,inter
W1994362649,inter
W1994366794,inter
W1994368614,inter
W1994369874,inter
W1994380990,inter
W1994385748,inter
W1994389483,inter
W1994389497,inter
W1994393544,inst
W1994408160,uni
W1994410331,inter
W1994410342,inter
W1994419432,inter
W1994429123,inter
W1994441984,inst
W1994448553,inter
W1994451802,inter
W1994463880,inst
W1994477199,inter
W1994481163,inter
W1994499467,inter
W1994514915,inter
W1994519569,uni
W1994522389,inst
W1994529543,inter
W1994532632,inter
W1994576156,inter
W1994588724,inst
W1994590553,inter
W1994590902,inter
W1994593991,inter
W1994601434,inst
W1994602871,inter
W1994643580,inter
W1994651680,inter
W1994655167,inter
W1994656008,inter
W1994669411,inter
W1994696419,uni
W1994713788,inst
W1994717387,inter
W1994753033,inter
W1994769389,inst
W1994777961,inst
W1994790157,inter
W1994790623,inter
W1994791961,inter
W1994799346,inst
W1994811700,inter
W1994815284,inter
W1994842413,inter
W1994849646,inter
W1994851389,inst
W1994864760,uni
W1994873143,inter
W1994888851,inter
W1994893702,inter
W1994897523,inter
W1994920552,inter
W1994920782,inter
W1994926493,inst
W1994927648,inter
W1994933468,inter
W1994934982,inter
W1994953747,inter
W1994975687,inter
W1994988157,inter
W1995000577,inter
W1995001425,inter
W1995013618,inter
W1995023359,inter
W1995028404,inst
W1995052674,inter
W1995059063,inter
W1995060019,inter
W1995060904,inter
W1995065885,inter
W1995067877,inter
W1995081825,inter
W1995109607,inst
W1995111642,inter
W1995114494,inter
W1995116296,inter
W1995124433,inter
W1995134626,inter
W1995137594,inst
W1995138619,inter
W1995140920,inter
W1995144692,inter
W1995158804,inter
W1995166554,inter
W1995167642,inter
W1995169979,inter
W1995189196,inter
W1995196645,inst
W1995200799,inter
W1995200916,inter
W1995206879,inter
W1995212433,inter
W1995215698,inter
W1995218833,inter
W1995222854,inst
W1995244810,inter
W1995246886,inter
W1995266040,inter
W1995272909,inter
W1995288535,uni
W1995288812,inter
W1995300989,inter
W1995303001,inter
W1995303482,inter
W1995309312,inst
W1995332865,uni
W1995341907,uni
W1995341919,inter
W1995343657,inst
W1995353327,inter
W1995362788,inter
W1995363530,inst
W1995364496,inter
W1995365592,inst
W1995371689,uni
W1995375207,inter
W1995378829,inter
W1995379006,inter
W1995381449,inter
W1995393679,inter
W1995394357,inter
W1995404280,inter
W1995424939,inst
W1995447291,inter
W1995450695,inter
W1995468669,inter
W1995470018,inter
W1995471038,inter
W1995485090,inter
W1995487754,inter
W1995501514,inter
W1995510664,inter
W1995531130,inter
W1995540902,inter
W1995557995,inst
W1995577199,inter
W1995578999,inter
W1995581297,inter
W1995616179,inter
W1995619642,inter
W1995625125,inst
W1995631140,inter
W1995640122,inst
W1995641013,inter
W1995642220,inter
W1995643732,inter
W1995648027,inter
W199564985,inter
W1995654310,uni
W1995672555,inter
W1995676676,inst
W1995689188,inter
W1995695159,inter
W1995696964,inst
W1995701437,inter
W1995703890,inter
W1995706540,inter
W1995714461,inter
W1995746750,inter
W1995751017,inter
W1995766786,inter
W1995770177,inter
W1995772663,inter
W1995795856,inter
W1995822412,inter
W1995832731,inter
W1995834002,inter
W1995850373,inter
W1995855646,inter
W1995871194,inter
W1995872006,inter
W1995882234,uni
W1995885428,inter
W1995891825,inter
W1995900572,inst
W1995930498,inst
W1995952752,inter
W1995953849,inter
W1995969371,inter
W1995978358,inter
W1995982708,inter
W1995994886,inter
W1996000850,inter
W1996004991,inter
W1996019509,inst
W1996021027,inter
W1996021349,top tier
W1996036165,inter
W1996037679,inter
W1996061205,inter
W1996073671,inter
W1996075932,inter
W1996091293,inter
W1996092971,inter
W1996106850,inter
W1996109622,top tier
W1996118782,inter
W1996122805,inter
W1996124770,inter
W1996135234,inter
W1996142026,inter
W1996146326,inter
W1996149348,inter
W1996154663,inter
W1996157756,inter
W1996162276,inter
W1996165017,inter
W1996176180,inter
W1996184438,inst
W1996187920,inter
W1996211041,inter
W1996227995,uni
W1996228789,inter
W1996262124,inter
W1996263433,inter
W1996275460,inter
W1996295408,inter
W1996296982,uni
W1996297275,inter
W1996303636,inter
W1996326067,inter
W1996326832,inter
W1996330238,inter
W1996340840,inst
W1996343389,inter
W1996345933,inst
W1996354876,inter
W1996355151,inter
W1996355918,inter
W1996356284,inter
W1996360405,top tier
W1996368454,inter
W1996379879,uni
W1996380427,inter
W1996382506,inst
W1996428910,uni
W1996437526,inter
W1996449943,inter
W1996468500,inter
W1996478295,inter
W1996480554,inter
W1996487021,inter
W1996487631,inter
W1996488762,inter
W1996491707,inter
W1996508268,inter
W1996522075,uni
W1996522765,inter
W1996525234,inter
W1996525353,inter
W1996531989,inter
W1996543675,inst
W1996551363,inter
W1996567956,inter
W1996575062,inst
W1996591754,inter
W1996596054,inter
W1996606950,inter
W1996608800,inter
W1996619541,inter
W1996620851,inter
W1996624683,inter
W1996643156,inter
W1996655877,uni
W1996656176,inter
W1996664229,uni
W1996671731,inter
W1996678359,inter
W1996690269,inter
W1996714756,inter
W1996730563,inter
W1996737028,inter
W1996765463,inter
W1996777517,inter
W1996779653,inter
W1996792103,inter
W1996799478,uni
W1996809805,inter
W1996851296,inst
W1996853420,inter
W1996865068,inter
W1996867965,uni
W1996901117,inst
W1996915994,inter
W1996935697,inter
W1996940434,inst
W1996941060,inter
W1996942701,inter
W1996952208,inter
W1996952633,inter
W1996960305,inter
W1996974848,inter
W1996981391,inter
W1996982555,inter
W1997002146,inter
W1997004165,inter
W1997004171,inter
W1997006295,inter
W1997007937,inter
W1997009346,inter
W1997019403,inter
W1997029178,inter
W1997041243,inter
W1997044393,inter
W1997057955,inter
W1997058184,inter
W1997066004,inter
W1997068722,inter
W1997069591,inter
W1997088963,inter
W1997101808,inter
W1997102273,inter
W1997102766,inter
W1997112292,inter
W1997113291,inst
W1997127867,inter
W1997154840,inter
W1997154861,inter
W1997162567,inter
W1997177892,inter
W1997186449,inter
W1997188340,inter
W1997201541,inter
W1997225065,inter
W1997225329,inter
W1997259299,inter
W1997269120,inter
W1997272604,inter
W1997295508,inter
W1997323430,inter
W1997345811,inter
W1997358512,inst
W1997364371,inter
W1997366961,inter
W1997391728,inter
W1997401508,inter
W1997409847,inter
W1997414364,inter
W1997417261,inter
W1997422071,inter
W1997424273,inter
W1997424673,inter
W1997430507,inter
W1997432635,inter
W1997435498,inter
W1997460147,inter
W1997487825,inter
W1997491984,inter
W1997502136,inter
W1997507409,inter
W1997507511,inter
W1997510158,inter
W1997540108,inter
W1997556859,inter
W1997569534,inter
W1997597015,inter
W1997600725,inter
W1997614470,inter
W1997631839,inst
W1997633104,inst
W1997640799,inter
W1997642534,inter
W1997647783,inter
W1997650479,inter
W1997655258,inter
W1997669059,inter
W1997680774,uni
W1997690934,inter
W1997709380,inter
W1997709480,inter
W1997720164,inter
W1997720312,inst
W1997731847,uni
W1997740071,inter
W1997772859,inter
W1997775274,inter
W1997787483,inter
W1997787524,inter
W1997807661,inter
W1997819465,inter
W1997825023,uni
W1997837296,inter
W1997851969,inter
W1997854217,inter
W1997859100,inter
W1997869834,inter
W1997939603,inter
W1997981958,inter
W1997990243,inter
W1997994732,inter
W1998031351,inter
W1998042868,inter
W1998044834,inst
W1998065025,inter
W1998065341,uni
W1998076850,inter
W1998079619,inter
W1998120323,inter
W1998140328,inter
W1998160863,inter
W1998162042,inter
W1998168156,inter
W1998172110,inter
W1998176104,inst
W1998183071,inter
W1998188730,inter
W1998193049,inter
W1998206286,inter
W1998209514,inst
W1998222986,inter
W1998230732,inter
W1998232667,inter
W1998241318,inter
W1998254443,inter
W1998259350,inter
W1998285609,inter
W1998294030,inter
W1998299325,inst
W1998317913,inter
W1998326571,inter
W1998368731,inter
W1998372843,inter
W1998399070,inst
W1998402968,inter
W1998404394,uni
W1998417100,inter
W1998437586,inter
W1998439738,inter
W1998446509,inst
W1998448417,inter
W1998453757,inter
W1998468704,inter
W1998493381,inter
W1998496248,inter
W1998518913,inter
W1998538047,inst
W1998541716,inter
W1998541829,inter
W1998566446,inter
W1998567523,inter
W1998574793,inter
W1998601876,inter
W1998621342,inter
W1998626624,inter
W1998632015,inst
W1998639006,inter
W1998642636,uni
W1998685506,inter
W1998726571,uni
W1998745872,inst
W1998748427,inter
W1998752042,uni
W1998754646,inter
W1998757231,inter
W1998778430,inter
W1998782100,inter
W1998785512,inter
W1998795630,inter
W1998808035,inter
W1998813621,inter
W1998818470,inter
W1998822229,inter
W1998834305,inter
W1998840545,inter
W1998854236,inter
W1998857182,inter
W1998874961,uni
W1998891182,uni
W1998893109,inter
W1998898918,inter
W1998913687,inter
W1998920956,inter
W1998921964,inter
W1998924745,inter
W1998927873,inst
W1998933206,inter
W1998945666,inter
W1998970309,inter
W1998986980,inter
W1998997296,inter
W1999013684,inst
W1999014607,inter
W1999019778,inter
W1999041921,inter
W1999042468,inter
W1999045373,inter
W1999050294,inter
W1999058342,uni
W1999072436,inter
W1999087689,inter
W1999094915,inter
W1999095027,inter
W1999111115,inter
W1999114171,inter
W1999114920,inter
W1999115460,inter
W1999147440,inter
W1999157599,uni
W1999183840,inter
W1999190478,inter
W1999192586,inst
W1999194916,inter
W1999195292,inter
W1999196277,inter
W1999219269,inter
W1999231368,inter
W1999235772,inter
W1999241626,inter
W1999244633,inst
W1999261327,inter
W1999262617,inter
W1999270225,inst
W1999273011,inter
W1999285979,inter
W1999293705,inter
W1999307384,inter
W1999324199,inter
W1999330266,inter
W1999341643,inter
W1999346693,inter
W1999373351,inter
W1999382066,inter
W1999386354,inter
W1999386511,inter
W1999395283,inter
W1999395788,inter
W1999399018,inter
W1999404243,inter
W1999410835,inter
W1999421209,uni
W1999421692,inst
W1999427125,uni
W1999427165,inst
W1999431203,inter
W1999440913,inst
W1999444901,inter
W1999466278,inter
W1999478155,inst
W1999480590,inter
W1999492885,inter
W1999495228,inter
W1999497532,inter
W1999499433,inter
W1999499451,uni
W1999504916,inter
W1999509530,inter
W1999519247,inter
W1999519891,inter
W1999530536,inter
W1999534094,inter
W1999547238,inter
W1999552083,inter
W1999552553,inter
W1999556776,inst
W1999574662,inter
W1999575133,inter
W1999581662,inter
W1999593404,uni
W1999597918,inter
W1999601957,inter
W1999612069,uni
W1999613060,uni
W1999621961,inter
W1999632213,inter
W1999664967,inst
W1999665432,inter
W1999667176,inter
W1999668872,inter
W1999679315,inter
W1999681398,inter
W1999685314,inter
W1999692457,inst
W1999693663,inter
W1999706070,inter
W1999733856,inter
W1999747351,inter
W1999768179,inter
W1999798000,inter
W1999804613,inter
W1999821839,inter
W1999823724,inter
W1999824796,inst
W1999832602,inst
W1999834714,inter
W1999846426,inter
W1999846783,inter
W1999858616,inter
W1999860347,inter
W1999867771,inter
W1999875337,uni
W1999883264,inter
W1999905104,inter
W1999917481,inter
W1999924358,inter
W1999928392,inter
W1999939577,inter
W1999969863,inter
W1999970330,inst
W1999977067,inter
W1999977943,inter
W1999984505,inter
W1999994061,inter
W2000010444,inter
W2000015395,inter
W2000042408,inter
W2000049284,inter
W2000052611,inter
W2000061529,inter
W2000067452,inst
W2000078667,inter
W2000083322,inter
W2000091162,inter
W2000116086,inter
W2000116937,inter
W2000117205,inter
W2000123186,uni
W2000123997,inter
W2000137106,inst
W2000142883,inter
W2000171858,inst
W2000179336,inter
W2000180481,inter
W2000194849,inter
W2000195296,uni
W2000208085,uni
W2000217311,inter
W2000221246,inter
W2000228466,inter
W2000236879,inst
W2000238166,inter
W2000250112,inter
W2000256072,inter
W2000257873,inter
W2000260716,inter
W2000261838,inter
W2000263194,inter
W2000272165,inter
W2000283260,inter
W2000284933,uni
W2000304281,inter
W2000306071,uni
W2000306582,inter
W2000317174,inter
W2000324948,inter
W2000350990,inter
W2000353609,inter
W2000369940,inter
W2000374918,inter
W2000380427,top tier
W2000383488,inter
W2000389722,inter
W2000398141,inter
W2000400809,uni
W2000407553,inter
W2000431947,inter
W2000454347,inter
W2000467687,inter
W2000484421,inst
W2000501709,inter
W2000513984,inter
W2000526324,inter
W2000552254,inter
W2000562608,inter
W2000564446,inter
W2000570676,inter
W2000586878,inter
W2000604020,inter
W2000604990,inst
W2000623309,inter
W2000630039,inter
W2000631982,inter
W2000689228,inter
W2000697206,inter
W2000697678,uni
W2000705368,inter
W2000709479,uni
W2000711685,inter
W2000715530,inst
W2000716540,inter
W2000722217,inter
W2000727278,inter
W2000736912,inter
W2000748906,inter
W2000760262,inter
W2000783838,inter
W2000788935,inst
W2000793529,inter
W2000804746,inter
W2000817250,inter
W2000832583,inter
W2000835972,inter
W2000844469,inst
W2000856205,inter
W2000859364,inter
W2000868378,inter
W2000881147,inter
W2000889716,inter
W2000890209,inst
W2000895477,inter
W2000897614,inter
W2000898755,inst
W2000904666,inter
W2000906214,inter
W2000906407,inter
W2000910707,inter
W2000913668,inter
W2000939988,inter
W2000946162,inst
W2000947342,inter
W2000954674,inter
W2000961858,inter
W2000969056,inter
W2000975802,inter
W2000976145,inter
W2000976222,inter
W2000977215,inter
W2000983337,inter
W2000984842,inter
W2000987269,inter
W2000987725,inter
W2001051966,inst
W2001078180,inter
W2001079689,inter
W2001082095,inter
W2001082974,inter
W2001085473,inst
W2001099320,inter
W2001105364,inter
W2001105862,inst
W2001107547,inter
W2001112986,inter
W2001121074,inter
W2001121794,inter
W2001122765,inter
W2001135345,inter
W2001138475,inter
W2001141328,top tier
W2001159872,inter
W2001169386,inter
W2001178607,inst
W2001206950,inter
W2001209238,inter
W2001210652,inter
W2001211472,inter
W2001225922,inter
W2001229683,inter
W2001230143,inter
W2001235622,inter
W2001254336,inter
W2001255626,inter
W2001258868,inter
W2001260633,uni
W2001280627,uni
W2001281984,inter
W2001286579,inter
W2001290092,inter
W2001295448,inter
W2001297828,uni
W2001299781,inter
W2001316417,inst
W2001320970,inter
W2001322210,inter
W2001341588,inst
W2001350281,inter
W2001354364,inter
W2001364212,inst
W2001371760,inter
W2001373043,inter
W2001390602,inter
W2001411470,inter
W2001412353,inter
W2001413944,inter
W2001428495,inter
W2001431291,inter
W2001442849,inst
W2001461029,inst
W2001465610,inter
W2001474264,inst
W2001474347,inter
W2001474526,inter
W2001479511,inter
W2001497544,inter
W2001497677,inter
W2001513714,inst
W2001515960,inter
W2001519147,inter
W2001552276,inter
W2001555946,inter
W2001557365,inter
W2001559242,inter
W2001573500,inter
W2001576292,inter
W2001577852,inter
W2001594935,inter
W2001626625,inter
W2001628229,inter
W2001635101,inter
W2001639616,inter
W2001642682,inter
W2001645181,inter
W2001653897,inter
W2001671593,inter
W2001677911,inter
W2001696967,inter
W2001713393,inter
W2001716230,inter
W2001738739,inter
W2001770761,inter
W2001775002,inter
W2001785976,inter
W2001788001,inter
W2001788007,inter
W2001790138,inter
W2001792341,inter
W2001795564,inter
W2001805670,inter
W2001821591,inter
W2001841079,inter
W2001851087,inst
W2001851376,inter
W2001852281,inter
W2001856160,inter
W2001868385,uni
W2001875460,inter
W2001901358,inter
W2001912116,inter
W2001914962,inter
W2001915957,inter
W2001920851,inter
W2001923620,inter
W2001923771,inter
W2001926232,inter
W2001927111,inter
W2001938796,inter
W2001939451,inter
W2001951724,inter
W2001967219,inter
W2001974708,inter
W2001976285,inst
W2001992305,inter
W2001993926,uni
W2001995068,uni
W2002001836,inter
W2002011878,inter
W2002015239,inter
W2002016471,inter
W2002020524,inter
W2002041997,inter
W2002054891,inter
W2002061134,inst
W2002063031,inter
W2002080402,inter
W2002089154,top tier
W2002096058,inst
W2002096154,inter
W2002097322,inter
W2002102087,inter
W2002103730,inter
W2002113995,inst
W2002120337,inter
W2002123250,inter
W2002154213,inst
W2002156209,inter
W2002158735,inter
W2002165892,inter
W2002168691,inter
W2002169100,inter
W2002178409,inter
W2002195182,inter
W2002216612,inter
W2002216664,inst
W2002216886,inst
W2002227246,inter
W2002230572,inter
W2002246243,inter
W2002261403,inst
W2002269247,inter
W2002271733,inter
W2002278080,inter
W2002278783,inter
W2002301065,inst
W2002304376,inter
W2002306431,inst
W2002309839,inter
W2002312729,inst
W2002337080,inter
W2002341633,inter
W2002341920,inter
W2002343128,inter
W2002357371,inter
W2002368069,uni
W2002372750,inter
W2002377668,inter
W2002388858,inter
W2002395275,inter
W2002404430,inter
W2002411654,uni
W2002423246,inter
W2002433241,inter
W2002443812,inter
W2002459607,inter
W2002474704,inter
W2002482721,inter
W2002482862,inter
W2002484714,inter
W2002487546,inter
W2002492663,inter
W2002501531,inter
W2002509771,inst
W2002510553,inter
W2002528432,inst
W2002529995,inter
W2002530405,inter
W2002531386,inter
W2002532360,inter
W2002533862,inter
W2002558294,inter
W2002561404,inter
W2002569498,inter
W2002592134,inter
W2002598418,inter
W2002613568,inst
W2002616520,inter
W2002618640,inter
W2002639489,inst
W2002640471,inter
W2002643655,inter
W2002645931,inter
W2002652706,inter
W2002665784,inst
W2002669955,inst
W2002679338,inter
W2002690115,inter
W2002695893,inter
W2002716283,inter
W2002733813,inter
W2002738217,inter
W2002747220,inter
W2002758003,inter
W2002761806,inter
W2002766659,inter
W2002769845,inst
W2002789811,inter
W2002791154,inter
W2002791369,inter
W2002792327,inter
W2002793093,inter
W2002805364,inter
W2002819510,inter
W2002830407,inter
W2002836673,inter
W2002847526,inter
W2002858550,inter
W2002863810,inter
W200286934,inter
W2002884025,inter
W2002887576,inter
W2002892384,inter
W2002909345,inter
W2002918766,inter
W2002926132,inter
W2002955791,inter
W2002956097,inter
W2002961836,inter
W2002969010,inter
W2002970490,inter
W2002984167,inter
W2002998677,uni
W2003003854,inter
W2003007256,inter
W2003010193,inter
W2003012803,inter
W2003016800,inter
W2003021193,inter
W20030223,inter
W2003022719,inter
W2003032902,inter
W2003053071,inter
W2003053226,inter
W2003060733,inter
W2003075690,inter
W2003085167,inter
W2003088946,inst
W2003092530,inter
W2003111999,inter
W2003113995,inter
W2003124459,inter
W2003132673,inst
W2003158973,inter
W2003159935,inter
W2003165422,inter
W2003176181,uni
W2003177806,inter
W2003180357,inter
W2003180493,inter
W2003192948,inter
W2003195056,inst
W2003196729,inter
W2003216148,inter
W2003231920,inter
W2003236427,inter
W2003246839,inst
W2003248363,inter
W2003256174,inter
W2003279372,uni
W2003280793,inter
W2003281149,inter
W2003282655,inter
W2003304826,inter
W2003313563,inter
W2003316866,inter
W2003321974,inter
W2003329468,inter
W2003333910,inter
W2003343330,inter
W2003347249,inter
W2003356525,inter
W2003367354,inst
W2003403720,inter
W2003404741,inter
W2003410111,inter
W2003410902,inter
W2003424164,inter
W2003431413,inst
W2003446614,uni
W2003459479,inst
W2003474290,inter
W2003474836,inter
W2003483025,inst
W2003501910,inter
W2003532801,inter
W2003543031,inter
W2003553461,inter
W2003568760,inter
W2003584509,inter
W2003584654,inter
W2003597517,inter
W2003609771,inter
W2003610159,inter
W200361552,inter
W2003627696,inter
W2003637147,inter
W2003650502,inter
W2003657827,inter
W2003677307,inst
W2003689637,inter
W2003690406,inter
W2003704098,inter
W2003750906,inter
W2003762972,inter
W2003765713,inter
W2003796051,inter
W2003798513,inter
W2003811039,inter
W2003820025,inter
W2003836032,inter
W2003840611,inter
W2003844484,inst
W2003856348,inter
W2003863309,uni
W2003878660,inter
W2003884262,inter
W2003887018,inter
W2003895630,uni
W2003919193,inter
W2003923881,inter
W2003931815,inter
W2003945700,inst
W2003954610,inter
W2003977554,inter
W2003979793,inter
W2004000008,inter
W2004009407,inst
W2004025832,inst
W2004031835,inter
W2004036463,inter
W2004050528,inter
W2004058992,inter
W2004074725,inter
W2004085849,inter
W2004086221,inter
W2004105780,inst
W2004110412,inter
W2004116416,inter
W2004120611,inter
W2004127884,inter
W2004143918,uni
W2004150881,inter
W2004183066,inter
W2004192224,uni
W2004211009,inter
W2004245696,inter
W2004259890,inter
W2004276548,inter
W2004283384,inter
W2004287069,inter
W2004303081,inter
W2004304255,inst
W2004305018,inter
W2004317773,inter
W2004328411,inter
W2004343588,inter
W2004352737,inst
W2004357503,inter
W2004362343,inter
W2004376198,inter
W2004379491,inter
W2004386901,inter
W2004397624,inter
W2004405965,inter
W2004440151,uni
W2004456327,inst
W2004457624,inter
W2004463571,inter
W2004463581,inter
W2004466035,inter
W2004475116,inter
W2004480211,inter
W2004496732,inter
W2004525121,inter
W2004532746,inter
W2004536034,uni
W2004546284,inter
W2004555680,inter
W2004557401,inter
W2004565464,inter
W2004567482,inst
W2004586020,inter
W2004590829,inst
W2004601675,inter
W2004616349,inter
W2004618348,inter
W2004618474,inst
W2004629718,inter
W2004646046,inter
W2004652899,inter
W2004662500,inst
W2004676871,inter
W2004682264,inter
W2004683773,inter
W2004686575,inter
W2004691878,inst
W2004692429,inter
W2004697122,inter
W2004750113,inter
W2004759155,inter
W2004763266,inter
W2004778565,inter
W2004782804,inter
W2004784300,inter
W2004789423,inst
W2004791924,inst
W2004814164,inter
W2004822956,inter
W2004826472,inter
W2004826883,inter
W2004831070,inst
W2004836269,inter
W2004854970,uni
W2004858482,inter
W2004865039,inter
W2004865374,inter
W2004868961,inst
W2004904037,inter
W2004919646,inter
W2004924114,inter
W2004926453,inter
W2004929227,inter
W2004929506,inter
W2004935101,inter
W2004935805,inter
W2004957946,inter
W2004957971,inter
W2004960067,inter
W2004960087,inter
W2004961492,inter
W2004963814,inter
W2004980089,inter
W2004993701,inter
W2005008005,inter
W2005025163,inter
W2005029703,uni
W2005052966,inst
W2005064465,inst
W2005064722,inter
W2005070869,inter
W2005073192,inter
W2005076113,inter
W2005083749,inter
W2005093110,inter
W2005097301,inter
W2005101185,inter
W2005107501,inter
W2005129294,inter
W2005133256,inter
W2005150099,inter
W2005152325,inter
W2005153862,inst
W2005167856,inter
W2005181355,inter
W2005181468,inter
W2005196269,inst
W2005212720,inst
W2005218002,inst
W2005222163,inst
W2005222981,inter
W2005223977,inter
W2005229894,inter
W2005232502,inst
W2005234333,inter
W2005235540,inter
W2005247812,inter
W2005256556,inter
W2005309313,inter
W2005314985,inst
W2005315176,inter
W2005317356,inter
W2005318779,inter
W2005319504,inter
W2005328752,inter
W2005333494,inter
W2005342277,inter
W2005343707,inter
W2005353255,inter
W2005355801,inst
W2005356436,inter
W2005360139,inter
W2005361883,inter
W2005365269,inter
W2005377080,inter
W2005406065,inter
W2005416476,inter
W2005416890,inter
W2005428336,inter
W2005435516,inter
W2005456264,inter
W2005470683,inter
W2005471662,inter
W2005472778,inter
W2005488736,inter
W2005493177,inter
W2005498856,inter
W2005506050,inst
W2005514110,inter
W2005528207,inter
W2005536920,inter
W2005545232,inter
W2005560245,inter
W2005577434,inter
W2005579731,inter
W2005613922,inter
W2005630536,inter
W2005633833,inst
W2005634704,inter
W2005636292,inter
W2005646337,inst
W2005648487,inst
W2005658973,inter
W2005666551,inter
W2005670640,inter
W2005676969,inter
W2005678300,inter
W2005688943,inter
W200569362,inter
W2005694243,inter
W2005695559,inter
W200570192,inter
W2005708967,inter
W2005726782,inter
W2005746713,inter
W2005747575,inter
W2005788407,inter
W2005789390,inter
W2005791930,inter
W2005814255,inter
W2005829247,inter
W2005865975,inter
W2005871495,inter
W2005875092,uni
W2005903677,inter
W2005904475,inter
W2005922699,inter
W2005923469,inter
W2005925547,inter
W2005944553,inter
W2005947441,inter
W2005961184,inter
W2005972435,inter
W2005991258,inter
W2005999980,inst
W2006008916,inter
W2006013660,inter
W2006049347,inter
W2006064197,inst
W2006096941,inter
W2006100797,inter
W2006119904,inst
W2006132599,inter
W2006137268,inter
W2006153260,inter
W2006159725,inter
W2006161319,inter
W2006166592,inter
W2006170882,inter
W2006178360,inst
W2006197465,inter
W2006202847,inter
W2006206650,inter
W2006210519,inter
W2006217302,inter
W2006218023,inter
W2006254254,inter
W2006254307,inter
W2006260003,inter
W2006270623,inter
W2006293211,uni
W2006293540,inter
W2006315915,inter
W2006322934,inter
W2006327398,inst
W2006332447,inter
W2006347227,inter
W2006365753,inter
W2006379798,inst
W2006381652,inst
W2006383716,inter
W2006385243,inter
W2006386896,inter
W2006398374,inter
W2006400568,inst
W2006408850,inter
W2006409409,inter
W2006411943,inter
W2006414815,inter
W2006416652,inst
W2006424400,inter
W2006432606,inter
W2006436808,inter
W2006441134,inst
W2006443827,inter
W2006449468,inst
W2006457904,inter
W2006482757,uni
W2006482983,inter
W2006496613,inter
W2006508316,inter
W2006512335,inter
W2006533296,inter
W2006544565,inter
W2006545635,inter
W2006567158,inter
W2006567512,inter
W2006575063,inter
W2006575519,inter
W2006581452,inter
W2006589758,uni
W2006597312,inter
W2006602523,inter
W2006603966,inter
W2006607242,inter
W2006637940,inter
W2006657628,inter
W2006657731,inter
W2006660569,inter
W2006679208,inter
W2006695002,inter
W2006699286,inter
W2006718226,inter
W2006730392,inter
W2006735210,inter
W2006735560,inter
W2006737620,inst
W2006782375,inst
W2006791214,inter
W2006793117,inst
W2006796539,inter
W2006798861,inter
W2006802400,inst
W2006822196,uni
W2006824146,inter
W2006830243,inst
W2006837219,inter
W2006862475,inter
W2006872880,inter
W2006903949,inter
W2006904655,inter
W2006918424,inst
W2006926864,inter
W2006932476,inter
W2006934434,inter
W2006948763,inst
W2006958863,inter
W2006971198,inter
W2007024473,inter
W2007030854,inter
W2007031439,inter
W2007034295,uni
W2007058118,inter
W2007068391,inst
W2007083035,inter
W2007087405,inter
W2007087980,inst
W2007088323,inter
W2007098590,inter
W2007098759,uni
W2007103412,inter
W2007107904,inter
W2007130930,inter
W2007138219,inter
W2007139619,inter
W2007165536,uni
W2007175576,inter
W2007177550,uni
W2007178502,inter
W2007187232,inter
W200719108,inter
W2007219304,inter
W2007222021,inter
W2007227619,inter
W2007240678,inter
W2007241592,inter
W2007250341,inter
W2007250389,inter
W2007257620,inter
W2007264979,inter
W2007266146,inter
W2007278710,inter
W2007286875,inter
W2007287574,inter
W2007296198,inter
W2007309295,inter
W2007321291,inter
W2007339694,inter
W2007346406,inter
W2007358006,uni
W2007363951,inter
W2007379456,inter
W2007390781,inter
W2007397109,inter
W2007422996,inter
W2007426522,uni
W2007426631,inter
W2007446032,inter
W2007453627,inter
W2007458243,inter
W2007466965,inter
W2007485038,uni
W2007486177,inter
W2007487989,inter
W2007497025,uni
W2007510844,inter
W2007521184,inter
W2007524969,inter
W2007536474,inter
W2007545650,inter
W2007557502,inter
W2007563240,inter
W2007572995,inter
W2007590360,inter
W2007609359,inter
W2007633368,inter
W2007646468,inter
W2007647094,inter
W2007677428,inter
W2007687521,inter
W2007688684,inter
W2007693625,inter
W2007703264,uni
W2007704270,uni
W2007722268,inter
W2007750032,inter
W2007751412,inter
W2007755607,inter
W2007756800,inst
W2007770500,inter
W2007771417,inter
W2007777261,inter
W2007787298,inst
W2007793108,inter
W2007800125,inter
W2007805591,inter
W2007815473,inter
W2007845800,inter
W2007857904,inter
W2007863954,inter
W2007872281,inter
W2007877542,inter
W2007910999,inter
W2007917976,inter
W2007924002,inter
W2007930753,inter
W2007939633,inter
W2007948277,inst
W2007954101,inter
W2007962810,inter
W2007964100,inter
W2007972815,inst
W2007972983,inter
W2007974484,inter
W2007975161,inter
W2007992204,inter
W2008007352,inter
W2008011371,inter
W2008038359,inter
W2008047660,inter
W2008053453,inter
W2008056655,inst
W2008059543,inter
W2008065952,inter
W2008068458,inter
W2008093443,inter
W2008104685,inst
W2008124745,inter
W2008134736,inter
W2008159608,inter
W2008172338,inter
W2008178409,inter
W2008181255,inter
W2008194477,inter
W2008196645,inst
W2008228843,inter
W2008232587,inter
W2008233223,inter
W2008250445,inter
W2008266917,inter
W2008272678,inter
W2008280507,inter
W2008284520,inst
W2008286107,inst
W2008292658,inter
W2008296506,inter
W2008324087,inter
W2008330181,inter
W2008353306,inter
W2008353316,inter
W2008354637,uni
W2008365755,inter
W2008386611,inter
W2008396997,inter
W2008399088,inst
W2008399597,inter
W2008408131,inter
W2008413953,inter
W2008427453,inter
W2008428344,inter
W2008429100,inter
W2008433969,inter
W2008434443,inter
W2008441443,inter
W2008445926,inter
W2008447317,inter
W2008451057,inter
W2008453980,inter
W2008454012,inter
W2008496380,inter
W2008499683,inter
W2008513264,inter
W2008515962,inter
W2008533620,inter
W2008543104,inter
W2008552770,inst
W2008574913,inter
W2008576546,inter
W2008579142,inter
W2008584716,inst
W2008620911,inter
W2008630615,inter
W2008634986,inter
W2008637829,inst
W2008644337,inter
W2008652629,inter
W2008659178,inter
W2008672420,inter
W2008682964,inter
W2008688745,uni
W2008707076,inst
W2008716894,inter
W2008750157,inter
W2008751576,inst
W2008766537,inter
W2008793502,inter
W2008793926,inst
W2008796724,inter
W2008800818,inter
W2008806374,inter
W2008810193,inst
W2008814825,inter
W2008819433,inter
W2008820477,uni
W2008832091,inter
W2008836686,inter
W2008840062,inter
W2008840956,inter
W2008863993,inter
W2008874348,inter
W2008896880,inter
W2008903345,inter
W2008914219,inter
W2008920031,inst
W2008923158,inter
W2008929991,inter
W2008935098,inter
W2008938152,inter
W2008967868,inter
W2008972513,inter
W2008976700,inter
W2008989859,inst
W2009006398,inter
W2009007001,inter
W2009015737,inter
W2009017392,uni
W2009031688,inter
W2009034807,inst
W2009047044,inter
W2009052065,inst
W2009067114,inter
W2009081245,inter
W2009086942,inter
W2009090493,inter
W2009090726,inter
W2009113145,inter
W2009113517,inter
W2009125817,inter
W2009130368,inter
W2009133679,inter
W2009135061,inter
W2009139756,inter
W2009145694,inter
W2009150094,inter
W2009161425,inter
W2009163533,inter
W2009176794,inter
W2009190245,inter
W2009204692,inter
W2009212393,inter
W2009220433,inter
W2009228073,inst
W2009233589,inter
W2009252992,inter
W2009268323,uni
W2009272467,inter
W2009276485,inter
W2009277123,inter
W2009312480,inter
W2009320932,inter
W2009322460,inter
W2009323476,inter
W2009324105,inter
W2009331272,inter
W2009331731,inter
W2009345227,inter
W2009349978,uni
W2009354787,inter
W2009358092,inter
W2009360059,inst
W2009366825,inter
W2009369230,inter
W2009383886,inst
W2009389445,inter
W2009390827,inst
W2009392309,inter
W2009393887,inter
W2009400274,inst
W2009408190,inst
W2009410525,inter
W2009423697,inter
W2009424187,inter
W2009428216,inst
W2009429688,inter
W2009435862,inter
W2009439582,inst
W2009444993,inter
W2009451935,inter
W2009455267,inter
W2009455324,inter
W2009461808,inst
W2009478384,inter
W2009495573,inter
W2009507474,inter
W2009533501,inter
W2009558737,uni
W2009568795,inter
W2009575019,inter
W2009627211,inst
W2009647132,inter
W2009661173,inter
W2009668020,inst
W2009678853,inter
W2009685382,inst
W2009702080,inter
W2009704228,inter
W2009708702,inter
W2009713937,inter
W2009722370,inter
W2009722685,inter
W2009727399,inter
W2009749048,inter
W2009753156,inter
W2009753734,uni
W2009757553,inter
W2009765893,inter
W2009801020,inter
W2009807183,inter
W2009824857,inter
W2009837614,inter
W2009839239,inter
W2009849632,inter
W2009850603,inter
W2009853310,uni
W2009858410,inter
W2009867280,uni
W2009871339,inter
W2009872129,inter
W2009872177,inter
W2009876485,inter
W2009880377,inter
W2009885647,inter
W2009885820,inter
W2009908982,inter
W2009911379,inter
W2009921428,inter
W2009923649,inter
W2009944560,inter
W2009951705,inter
W2009964554,inter
W2009974611,inter
W2009989296,inter
W2010004972,inst
W2010007060,inter
W2010011966,inter
W2010029535,uni
W2010042187,inter
W2010042874,uni
W2010052339,inter
W2010058478,inter
W2010065958,inter
W2010074783,inter
W2010080688,inter
W2010108550,inter
W2010113997,inter
W2010114018,inter
W2010140249,inter
W2010144953,inter
W2010146397,inter
W2010150441,inter
W2010152689,inter
W2010164223,inter
W2010166165,inter
W2010167524,inter
W2010169127,inter
W2010175290,inter
W2010181071,inst
W2010184465,inter
W2010190385,inter
W2010190925,inter
W2010202760,inter
W2010203032,uni
W2010220656,inter
W2010236610,inter
W2010241311,inter
W2010243644,inter
W2010260400,inter
W2010277817,inter
W2010292005,inst
W2010296477,inter
W2010303251,inst
W2010314160,inter
W2010317729,inter
W2010319424,inter
W2010323970,inter
W2010334716,inter
W2010335517,inter
W2010340098,inter
W2010341213,inter
W2010343462,inst
W2010365467,inst
W2010389255,inter
W2010389668,inter
W2010395842,inter
W2010399676,inter
W2010404802,inter
W2010422691,inter
W2010426864,inter
W2010438541,inter
W2010442806,inter
W2010452605,inter
W2010471052,inter
W2010484138,inter
W2010488174,inter
W2010489945,inter
W2010495840,inter
W2010507846,inter
W2010518354,inter
W2010541316,inter
W2010543864,inter
W2010558138,inter
W2010573872,inst
W2010576123,inter
W2010589404,inst
W2010615668,inter
W2010616303,inst
W2010641115,inter
W2010652031,inter
W2010657328,inter
W2010658059,inst
W2010664883,inter
W2010668953,inter
W2010676134,inter
W2010682507,inter
W2010690685,inter
W2010694126,inter
W2010706128,uni
W2010714123,inter
W2010758696,uni
W2010767423,inter
W2010783536,inst
W2010792042,inter
W2010802738,inter
W2010815565,inter
W2010816463,inter
W2010824005,inter
W2010830355,inter
W2010833997,inter
W2010838229,inter
W2010840089,inter
W2010863512,inter
W2010864054,inter
W2010865240,inst
W2010865277,inter
W2010877333,inter
W2010883554,inst
W2010886356,inter
W2010907244,inter
W2010920360,inter
W2010920895,uni
W2010936531,inter
W2010938324,inter
W2010947830,inter
W2010961992,inst
W2010967033,inter
W2010967623,inter
W2010968026,inter
W2010975286,inter
W2010982317,inter
W2010988913,inter
W2010989618,inter
W2011008529,inter
W2011009054,inst
W2011014648,inter
W2011016023,inter
W2011021882,inter
W2011029476,inter
W2011032054,inst
W2011057980,inter
W2011066907,inter
W2011094351,inter
W2011103488,inter
W2011114755,inter
W2011118865,inter
W2011119863,inter
W2011127272,inter
W2011152097,inter
W2011155378,inter
W2011159447,inter
W2011159948,inter
W2011173240,inter
W2011174137,inter
W2011179905,inter
W2011195605,inter
W2011198696,inter
W2011199230,inter
W2011213621,inter
W2011216988,inter
W2011218124,inter
W2011224005,inter
W2011231455,inter
W2011262986,inter
W2011276533,inter
W2011277562,uni
W2011282943,inter
W2011285823,inter
W2011301426,top tier
W2011305103,inter
W2011322546,inter
W2011329731,inter
W2011353132,inter
W2011357920,inter
W2011359321,inter
W2011390239,inter
W2011392465,uni
W2011418118,inter
W2011421848,inst
W2011430131,inter
W2011436943,inter
W2011450913,inter
W2011455250,inter
W2011475289,inter
W2011478888,inst
W2011485152,inter
W2011487458,uni
W2011489095,inter
W2011499228,inter
W2011506639,inter
W2011516019,inst
W2011530260,inter
W2011530342,inter
W2011544593,inter
W2011549082,inst
W2011551012,inter
W2011556491,inst
W2011565602,inst
W2011581446,inter
W2011586890,inter
W2011612686,inter
W2011632873,inter
W2011637083,inter
W2011645100,inst
W2011670903,inter
W2011680513,inst
W2011681037,inter
W2011697200,inter
W2011698647,inter
W2011699809,inter
W2011703862,inter
W2011712902,inter
W2011729043,inter
W2011762419,inter
W2011778831,inter
W2011801097,inst
W2011807696,inter
W2011808278,inter
W2011814952,inter
W2011820950,inst
W2011821279,inter
W2011824880,uni
W2011832962,inter
W2011847110,inter
W2011869755,inter
W2011870623,inter
W2011877643,inter
W2011895858,inst
W2011899237,inter
W2011900468,inter
W2011913987,inter
W2011942647,inter
W2011947761,inter
W2011948619,inter
W2011952414,inter
W2011953761,inter
W2011974155,inter
W2011987811,inter
W2011994564,inter
W2012010763,inter
W2012010791,inter
W2012024302,inter
W2012026221,uni
W2012040402,inter
W2012060039,inst
W2012069857,inter
W2012074458,inter
W2012084732,inter
W2012089560,inter
W2012098630,inter
W2012103782,inst
W2012112601,inter
W2012125396,inter
W2012130731,inter
W2012131382,inter
W2012140088,inst
W2012152801,inter
W2012171749,inter
W2012197049,inter
W2012199071,inter
W2012219217,inst
W2012231141,inter
W2012232311,inter
W2012247078,inter
W2012253736,inter
W2012274434,inter
W2012276851,inter
W2012287248,inter
W2012296273,inter
W2012299860,inter
W2012314824,inst
W2012319351,inter
W2012329067,inter
W2012330712,inter
W2012376428,inter
W2012401789,inter
W2012412190,inter
W2012412479,inter
W2012423440,inter
W2012431717,inter
W2012451526,inter
W2012459404,inter
W2012461879,inter
W2012470931,inter
W2012476701,inter
W2012478492,inter
W2012504494,inter
W2012510403,inst
W2012514762,inter
W2012515538,inst
W2012546067,inter
W2012557818,inter
W2012571534,inst
W2012588232,inter
W2012592962,inter
W2012605804,inter
W2012611697,inter
W2012622148,uni
W2012635162,inter
W2012644520,inter
W2012648224,inter
W2012656872,inter
W2012666594,inter
W2012669829,inter
W2012681659,inter
W2012688189,inter
W2012697358,inst
W2012715465,inter
W2012723823,inst
W2012733465,inter
W2012738485,inter
W2012739991,inter
W2012743186,inter
W2012749606,inter
W2012751811,inter
W2012753837,inter
W2012761320,inter
W2012762214,inter
W2012770159,inter
W2012777694,inst
W2012778636,uni
W2012779036,inter
W2012780498,inter
W2012788303,inter
W2012789367,inter
W2012795698,inter
W2012797621,uni
W2012811500,inter
W2012813306,inter
W2012828271,inst
W2012841869,inter
W2012844477,inter
W2012875423,inst
W2012878613,inst
W2012896611,inst
W2012902555,inter
W2012910063,inter
W2012926860,inter
W2012931101,inter
W2012934409,inter
W2012935932,inter
W2012958378,inter
W2012966417,inter
W2012969029,inter
W2012969172,inter
W2012971796,inter
W2012976444,inter
W2012991200,inter
W2012997301,inter
W2013023515,inter
W2013034497,inst
W2013038594,inter
W2013050620,inter
W2013051270,inter
W2013071456,inter
W2013073072,inst
W2013075750,inst
W2013076218,inter
W2013077567,uni
W2013083013,inter
W2013088431,inter
W2013090273,inter
W2013093146,inter
W2013093719,inter
W2013114126,inter
W2013121852,inter
W2013123710,inter
W2013126815,inter
W2013127515,inter
W2013129990,inter
W2013133114,inter
W2013136820,inst
W2013137939,inter
W2013172501,uni
W2013183108,inter
W2013186713,inter
W2013196231,inter
W2013205922,inter
W2013208103,inter
W2013226864,inter
W2013246060,inst
W2013264805,inter
W2013265115,inter
W2013272791,inter
W2013276173,inter
W2013277034,inter
W2013281124,inst
W2013291622,inter
W2013298510,inter
W2013315944,inst
W2013317495,inter
W2013318133,inst
W2013318791,inter
W2013326354,inter
W2013336356,inter
W2013340830,inter
W2013348487,inter
W2013350532,inter
W2013351174,inter
W2013357884,inter
W2013360608,inter
W2013361761,inter
W2013361896,inter
W2013363278,inter
W2013372140,inter
W2013372444,inter
W2013373704,inter
W2013383764,inter
W2013395246,inter
W2013402274,inter
W2013406658,inter
W2013409485,inter
W2013419690,inter
W2013420608,inter
W2013423684,inter
W2013428243,inter
W2013433986,inter
W2013451793,inter
W2013453319,inter
W2013454700,inter
W2013464622,inter
W2013472030,inst
W2013491831,inter
W2013495493,inter
W2013498034,inter
W2013498242,inter
W2013501249,inter
W2013504000,inst
W2013516207,inter
W2013525041,inter
W2013540708,inter
W2013541998,inter
W2013542432,inter
W2013561507,inter
W2013568550,inter
W2013572473,inter
W2013572628,inter
W2013613544,inter
W2013620284,inter
W2013622559,inter
W2013624176,inter
W2013643315,inter
W2013643406,inter
W2013658284,inst
W2013677087,inter
W2013679316,inter
W2013691733,inter
W2013711971,inter
W2013760445,inter
W2013776327,inst
W2013788787,inter
W2013795421,inter
W2013798243,inter
W2013802515,inter
W2013814618,inter
W2013822448,inst
W2013843381,uni
W2013845289,inter
W2013853256,inter
W2013882420,inst
W2013890596,inter
W2013892160,inter
W2013901208,inter
W2013901835,inter
W2013904582,inter
W2013908419,inter
W2013923919,inter
W2013932532,inter
W2013936704,inter
W2013944848,inter
W2013955970,uni
W2013958607,inter
W2013963117,inter
W2013967419,inter
W2013979987,inter
W2013987468,inter
W2013994708,inter
W2014000807,inter
W2014010591,inter
W2014041841,inter
W2014051288,inter
W2014068360,inter
W2014085418,inter
W2014093969,inter
W2014100981,inter
W2014102731,inter
W2014113877,inter
W2014115466,inter
W2014116693,inter
W2014117942,inter
W2014127299,inter
W2014133299,inter
W2014143478,inter
W2014147828,inter
W2014155494,uni
W2014171012,inter
W2014185685,inter
W2014195831,inter
W2014199104,inst
W2014211132,inter
W2014217370,inter
W2014217492,inter
W2014234730,inter
W2014235039,inter
W2014238350,uni
W2014238766,inter
W2014239329,inst
W2014250091,inter
W2014267519,inter
W2014267881,uni
W2014272325,inter
W2014281736,uni
W2014283007,inter
W2014331087,inter
W2014332215,inter
W2014344607,inter
W2014358648,inter
W2014373272,inter
W2014390890,inter
W2014394971,inter
W2014415866,inter
W2014421517,inter
W2014431096,uni
W2014433010,inter
W2014435295,inter
W2014436490,uni
W2014456055,inter
W2014462389,inter
W2014467303,inst
W2014470493,inter
W2014470704,inter
W2014473432,inter
W2014492194,inter
W2014497078,inter
W2014515160,inst
W2014518612,uni
W2014527868,inter
W2014537484,inter
W2014538668,inter
W2014545696,inter
W2014549043,inter
W2014554046,inter
W2014560533,inter
W2014561814,inter
W2014562510,inter
W2014566476,inter
W2014571013,inst
W2014579930,inter
W2014589236,inst
W2014591703,inter
W2014595453,inter
W2014596061,inter
W2014607681,inter
W2014640665,uni
W2014659302,inter
W2014660968,inter
W2014665656,inst
W2014674612,inter
W2014702203,inter
W2014703436,inter
W2014704001,inter
W2014704465,inter
W2014706029,inter
W2014714034,inst
W2014722552,inter
W2014724071,inter
W2014728147,inter
W2014732817,inter
W2014736901,inter
W2014739666,inter
W2014747308,inter
W2014752373,inter
W2014753445,inter
W2014765070,inter
W2014765264,inter
W2014801693,inst
W2014806198,inter
W2014812486,inst
W2014819080,inter
W2014823261,inter
W2014842100,inter
W2014842528,inter
W2014849676,inst
W2014854862,inst
W2014858249,inter
W2014871086,inter
W2014883954,inter
W2014884518,inter
W2014890100,inter
W2014903366,inter
W2014909878,inter
W2014913012,inter
W2014915963,inter
W2014932484,inter
W2014936212,inter
W2014938663,inst
W2014946817,inter
W2014949296,inter
W2014949624,inter
W2014952121,inter
W2014975345,inter
W2014988852,inter
W2014999464,inter
W2015008748,inter
W2015038284,inter
W2015050489,inter
W2015052595,inter
W2015063698,inter
W2015099957,inter
W2015105467,inter
W2015122283,inter
W2015130851,inter
W2015132296,inter
W2015136191,inter
W2015140512,inter
W2015146415,inter
W2015149553,inter
W2015182599,inter
W2015191210,inst
W2015199487,inter
W2015202171,inter
W2015208945,inter
W2015210745,uni
W2015212590,inter
W2015213058,inter
W2015215897,inter
W2015230415,inst
W2015234358,inst
W2015240401,inter
W2015240473,inter
W2015247312,inst
W2015247870,inter
W2015263507,inter
W2015283422,inter
W2015291970,inst
W2015331666,inter
W2015337464,inter
W2015338146,inter
W2015339742,inter
W2015342680,inter
W2015343600,uni
W2015357401,inter
W2015361919,inter
W2015365430,inter
W2015367870,inter
W2015376032,uni
W2015377652,inter
W2015385212,inter
W2015407730,inter
W2015433306,inter
W2015433860,inter
W2015454243,inter
W2015456226,inter
W2015461918,inter
W2015463394,inter
W2015468058,inst
W2015482779,inter
W2015485656,uni
W2015500034,inter
W2015506288,inter
W2015512193,inter
W2015513982,inst
W2015527994,inter
W2015530430,inter
W2015537087,inst
W2015538933,inst
W2015541566,inter
W2015554455,inter
W2015558203,inter
W2015565878,inter
W2015583498,inter
W2015585187,inter
W2015613785,inst
W2015627050,inst
W2015630349,inter
W2015635521,inter
W2015635922,uni
W2015657065,inter
W2015672003,inst
W2015681865,inter
W2015686512,inter
W2015688756,inst
W2015699956,inter
W2015700994,inter
W2015705737,inter
W2015711261,inst
W2015714288,inter
W2015729594,inter
W2015740497,inter
W2015741870,inter
W2015745953,inter
W2015752826,inter
W2015755066,inter
W2015768950,inter
W2015780581,inter
W2015787715,inter
W2015797803,inter
W2015805170,inter
W2015823648,inter
W2015838353,inter
W2015844562,inter
W2015846939,inter
W2015857587,inter
W2015861736,inter
W2015865004,inter
W2015866247,inter
W2015874150,inter
W2015888261,inter
W2015906942,inter
W2015909866,inter
W2015910212,uni
W2015914132,inter
W2015921206,inter
W2015926323,inter
W2015931265,inter
W2015937406,inter
W2015937909,inter
W2015943153,inter
W2015945789,inter
W2015953845,inst
W2015955502,inter
W2015962526,inter
W2015975137,inter
W2015977145,inter
W2015990867,uni
W2016000499,inter
W2016003670,inter
W2016004437,inter
W2016052261,inter
W2016053056,inst
W2016056566,inter
W2016068847,inter
W2016075148,inter
W2016075876,inter
W2016079676,inter
W2016103006,uni
W2016121411,inter
W2016146333,uni
W2016157551,inter
W2016161667,inter
W2016184967,inter
W2016199505,inter
W2016218947,inter
W2016219933,inter
W2016232724,uni
W2016234215,inst
W2016268312,inter
W2016268421,inter
W2016277631,uni
W2016286620,inter
W2016300859,inter
W2016307773,inter
W2016312880,inter
W2016321105,inst
W2016321815,inter
W2016328763,inter
W2016358852,inter
W2016361660,inter
W2016367126,inter
W2016367480,inter
W2016369756,inter
W2016376046,inter
W2016379692,inst
W2016395863,inter
W2016405781,inter
W2016415759,inst
W2016418196,inter
W2016425264,inter
W2016474650,inter
W2016484659,inter
W2016485878,inter
W2016507058,inter
W2016514848,inter
W2016517940,inter
W2016543560,inter
W2016573881,inter
W2016576705,inst
W2016587229,inter
W2016589492,inter
W2016597358,inst
W2016602387,inter
W2016660452,inter
W2016661531,uni
W2016679348,inter
W2016683332,inter
W2016687162,inter
W2016703634,inter
W2016707837,inter
W2016713126,inter
W2016721239,inter
W2016742135,inter
W2016749013,inter
W2016767400,inter
W2016778703,inter
W2016781560,inter
W2016792323,inter
W2016796493,inter
W2016807653,inter
W2016828421,inter
W2016838730,inter
W2016851920,inter
W2016853137,inter
W2016854254,inst
W2016864970,inter
W2016866640,inter
W2016885468,inter
W2016891181,inter
W2016909568,inter
W2016917213,inter
W2016922566,inter
W2016924386,inter
W2016974309,inter
W2016979877,inter
W2016988843,inter
W2016990965,inter
W2017002146,inter
W2017005873,inter
W2017028970,inter
W2017030536,inter
W2017039392,inter
W2017043087,inter
W2017046409,inter
W2017049775,inter
W2017063915,uni
W2017065346,inter
W2017067455,inter
W2017072914,inter
W2017077355,inter
W2017087384,inter
W2017096959,inter
W2017103958,inter
W2017106268,uni
W2017121215,inter
W2017132056,inter
W2017139094,inter
W2017146017,inter
W2017169623,inter
W2017187835,inter
W2017188035,inter
W2017195496,inter
W2017195838,inter
W2017202671,inter
W2017203676,inter
W2017206151,inter
W2017212552,inter
W2017224880,inter
W2017226097,inter
W2017231283,inter
W2017241531,uni
W2017247229,inter
W2017253568,inter
W2017256884,inst
W2017257315,inter
W2017259817,inter
W2017274604,inter
W2017277147,inst
W2017278493,inter
W2017279613,inter
W2017284536,inter
W2017288758,inter
W2017293193,inst
W2017297084,inst
W2017307179,inter
W2017310186,inter
W2017313218,inst
W2017315323,inter
W2017321291,inter
W2017337590,top tier
W2017345038,inter
W2017351116,inter
W2017356210,inter
W2017367756,inter
W2017373564,inter
W2017376066,inter
W2017381700,inst
W2017392634,inter
W2017395451,inter
W2017408522,inter
W2017408678,inter
W2017428553,inter
W2017439879,inter
W2017440989,inter
W2017441627,inst
W2017442984,inter
W2017458325,inter
W2017458912,inter
W2017464959,inter
W2017487636,inter
W2017507607,inter
W2017509776,inter
W2017513161,inst
W2017524370,inter
W2017530772,inter
W2017552381,inter
W2017558614,inter
W2017575932,inst
W2017599290,inter
W2017606936,inter
W2017619978,inter
W2017629697,inter
W2017643809,inter
W2017648784,inter
W2017656802,inter
W2017661088,inter
W2017682639,inter
W2017695773,inter
W2017697648,inter
W2017702218,inter
W2017702854,inter
W2017709142,inter
W2017709228,inter
W2017710275,inter
W2017764348,inter
W2017771884,inter
W2017781525,inter
W2017785068,inter
W2017795724,inter
W2017802988,inter
W2017806383,inter
W2017814585,inst
W2017830516,inter
W2017837172,inter
W2017842683,inter
W2017843089,inter
W2017845276,inter
W2017850362,uni
W2017851210,inter
W2017875634,inter
W2017889431,inter
W2017919244,inter
W2017927472,inter
W2017930564,inter
W2017934920,inter
W2017939415,inter
W2017942098,inter
W2017951318,inter
W2017952090,inter
W2017964195,inst
W2017970496,inter
W2017982663,inter
W2017998733,inter
W2018006179,inter
W2018014973,inter
W2018017294,inter
W2018029053,uni
W2018037215,inter
W2018042038,inter
W2018055480,inter
W2018057603,inst
W2018061979,inter
W2018066164,inter
W2018069368,inter
W2018070356,inter
W2018074366,inter
W2018081610,inter
W2018081766,inter
W2018082374,inter
W2018083486,inter
W2018089423,inter
W2018093209,inter
W2018093989,inter
W2018097969,inter
W2018113971,inter
W2018136058,inter
W2018137101,uni
W2018157245,inter
W2018162007,inter
W2018162709,inter
W2018189982,inter
W2018190240,inter
W2018190771,inst
W2018194343,inter
W2018198861,inter
W2018199316,inter
W2018232488,inter
W2018248801,inter
W2018257806,inter
W2018285335,inter
W2018295102,inter
W2018300428,inter
W2018303293,inter
W2018316318,inter
W2018318651,inter
W2018337293,inter
W2018342857,inst
W2018345704,inter
W2018357313,inter
W2018359669,uni
W2018365488,inst
W2018366250,inter
W2018366608,inter
W2018384136,inter
W2018389955,inter
W2018391802,inter
W2018395297,inter
W2018401509,inter
W2018416842,inter
W2018423227,inter
W2018433009,inter
W2018437022,inter
W2018438786,inter
W2018455260,uni
W2018456637,inter
W2018459374,inter
W2018459425,inter
W2018485269,inter
W2018491399,inter
W2018495413,inter
W2018496583,inter
W2018508199,inter
W2018514932,inst
W2018518196,inter
W2018538061,inter
W2018541576,inst
W2018542733,inter
W2018546346,inter
W2018558592,inter
W2018561248,inter
W2018570294,inter
W2018572153,inter
W2018573356,inter
W2018574646,inter
W2018578825,inter
W2018585293,inter
W2018601745,inter
W2018604207,inter
W2018614024,inter
W2018614448,inter
W2018622811,inter
W2018633198,inter
W2018637736,inter
W2018673531,inter
W2018696295,inter
W2018708423,inter
W2018739078,inter
W2018740272,inter
W2018745689,inter
W2018757000,inst
W2018759443,inter
W2018765478,inter
W2018765912,inter
W2018769082,inter
W2018776225,inter
W2018786389,inter
W2018790814,inter
W2018798674,inter
W2018804864,inter
W2018812345,uni
W2018813194,inter
W2018839446,inter
W2018877804,inter
W2018887772,inter
W2018888020,inter
W2018888802,inter
W2018897455,inter
W2018914564,inter
W2018927995,inter
W2018945689,inter
W2018948597,inter
W2018957241,inter
W2018957484,inter
W2018967050,inter
W2018968321,uni
W2018972925,uni
W2018992668,inter
W2018999359,inter
W2019008706,uni
W2019013791,inter
W2019013868,inter
W2019014808,inter
W2019015126,inter
W2019038438,inter
W2019040237,inter
W2019053154,uni
W2019065912,inter
W2019070751,inter
W2019079737,inter
W2019084556,inter
W2019090719,inter
W2019107918,inter
W2019108217,uni
W2019110836,inter
W2019120991,inter
W2019137227,inst
W2019177772,inst
W2019182026,inter
W2019184604,inter
W2019186067,inst
W2019187764,inter
W2019190803,inter
W2019207321,top tier
W2019215605,inter
W2019236084,inter
W2019245255,inter
W2019249717,inter
W2019259780,inter
W2019304693,inter
W2019322343,inter
W2019346195,inter
W2019382295,inter
W2019396864,inst
W2019399846,inter
W2019414060,inter
W2019435333,inter
W2019440389,inter
W2019442644,inter
W2019445223,inter
W2019450130,inst
W2019462775,inter
W2019480144,uni
W2019486068,inter
W2019486793,inter
W2019497121,inter
W2019498356,inter
W2019502123,inter
W2019505419,inter
W2019521638,inter
W2019523557,inst
W2019529238,inter
W2019540883,inter
W2019543362,inter
W2019550707,inter
W2019564746,inter
W2019587472,inter
W2019593160,inst
W2019610534,inter
W2019624146,inter
W2019625600,inter
W2019626861,inter
W2019629568,inter
W2019659774,inter
W2019708149,inter
W2019709383,inter
W2019712353,inter
W2019715307,inter
W2019738341,inter
W2019750884,inter
W2019751493,inter
W2019756317,inter
W2019759631,inter
W2019761578,inter
W2019770943,inter
W2019778661,inter
W2019779171,inter
W2019796484,inter
W2019827052,inter
W2019848345,inst
W2019851168,inter
W2019858047,inter
W2019861006,inter
W2019863495,inst
W2019901698,inter
W2019910246,inter
W2019917829,inter
W2019929619,inst
W2019949962,uni
W2019955567,inter
W2019969702,inter
W2019971393,inter
W2019972422,inter
W2019980219,inter
W2019991101,inter
W2020011734,inst
W2020017841,inter
W2020018917,inst
W2020021266,inter
W2020025433,inter
W2020029077,inter
W2020049306,inter
W2020052406,inter
W2020064362,inter
W2020073275,inter
W2020086823,inter
W2020093844,inter
W2020094448,inter
W2020110631,inter
W2020111956,inter
W2020129676,inter
W2020133434,inst
W2020136781,inter
W2020147649,inter
W2020158974,uni
W2020163092,inter
W2020163792,inst
W2020164403,inter
W2020185433,inter
W2020202591,inter
W2020207843,inst
W2020213615,inter
W2020220086,inter
W2020240849,inter
W2020247546,inter
W2020248080,inst
W2020259928,inter
W2020262195,inter
W2020266852,inter
W2020275424,inter
W2020278075,inter
W2020279330,inter
W2020280435,inter
W2020283155,inter
W2020308406,inter
W2020328194,inter
W2020330577,inter
W2020349980,inter
W2020354195,inter
W2020374794,inter
W2020379331,inter
W2020379894,inter
W2020383072,inter
W2020389272,uni
W2020391739,inter
W2020409647,inter
W2020410692,inter
W2020422090,inter
W2020446183,inter
W2020457125,inter
W2020458473,inter
W2020488014,inter
W2020490061,inst
W2020492229,inter
W2020493175,inter
W2020509297,inter
W2020517863,inter
W2020532300,inter
W2020538533,inter
W2020551378,inter
W2020555702,inter
W2020559172,inter
W2020566771,inter
W2020568152,inter
W2020580314,inter
W2020600041,inter
W2020604073,inter
W2020604746,inter
W2020616521,inst
W2020619173,inter
W2020631728,inter
W2020647468,inter
W2020647518,inter
W2020647649,inter
W2020666697,uni
W2020667009,inter
W2020668506,inter
W2020675303,inter
W2020690032,inter
W2020694521,inter
W2020694587,inter
W2020716276,inter
W2020725861,top tier
W2020729428,inter
W2020732464,inter
W2020733616,inst
W2020744708,inter
W2020765652,inst
W2020768904,inter
W2020770184,uni
W2020779247,inter
W2020794157,inst
W2020794900,inter
W2020807867,inter
W2020818097,inter
W2020841721,inter
W2020849835,inter
W2020856449,inter
W2020860372,inter
W2020865399,inter
W2020905775,inter
W2020907391,inter
W2020918964,inter
W2020926039,inter
W2020934227,inst
W2020948452,inter
W2020956195,inter
W2020957685,inst
W2020959881,inter
W2020964295,inter
W2020964455,inst
W2020999234,top tier
W2020999394,inter
W2021003079,inter
W2021012767,inter
W2021024736,inter
W2021027318,inter
W2021046826,inter
W2021065634,inter
W2021067575,inter
W2021069440,inter
W2021070553,inter
W2021088067,inter
W2021092958,inst
W2021116577,inter
W2021123539,inter
W2021124779,inst
W2021135075,inter
W2021135634,inst
W2021138570,inter
W2021147920,inst
W2021159613,inter
W2021166720,inter
W2021178437,inter
W2021181676,inter
W2021184080,inter
W2021198281,inter
W2021202955,inter
W2021211494,inter
W2021234005,inter
W2021240828,inter
W2021242760,inst
W2021285462,inter
W2021287369,inter
W2021299340,inter
W2021311647,inter
W2021337051,inter
W2021342241,inter
W2021347076,inter
W2021354639,inter
W2021355302,inter
W2021367230,inst
W2021404082,inter
W2021429464,inter
W2021446749,inter
W2021487990,inter
W2021512179,inter
W2021521263,inter
W2021525945,inter
W2021530755,inter
W2021535663,inter
W2021548598,inter
W2021562194,inter
W2021566651,inter
W2021581601,inst
W2021596405,inter
W2021623935,inst
W2021628802,inter
W2021631733,inter
W2021649193,inter
W2021655674,inter
W2021659075,inst
W2021664061,inter
W2021664529,inter
W2021668342,inter
W2021680564,inter
W2021684202,inst
W2021688604,inter
W2021694374,inter
W2021696583,inst
W2021710646,inter
W2021738735,inter
W2021746669,inter
W2021751319,inter
W2021777357,inter
W2021783105,inter
W2021783512,inter
W2021785099,inst
W2021788022,uni
W2021791566,inter
W2021807083,inst
W2021809202,inter
W2021818638,inter
W2021819263,inter
W2021820150,inter
W2021828185,uni
W2021845006,inter
W2021845582,inter
W2021851307,inst
W2021851527,inter
W2021854642,inter
W2021864050,inter
W2021891144,inter
W2021904313,inst
W2021905382,inter
W2021923858,inter
W2021946734,inter
W2021954541,inter
W2021962600,inter
W2021962862,inst
W2021963610,inter
W2021966702,inter
W2021969019,inter
W2021975707,inter
W2022001484,inter
W2022006134,inter
W2022011877,inter
W2022050796,inter
W2022062543,inter
W2022080111,inter
W2022106793,inter
W2022116437,inter
W2022139709,inter
W2022163094,inter
W2022164280,inter
W2022189774,inter
W2022191808,inst
W2022194745,inter
W2022199461,inter
W2022210365,inter
W2022224147,uni
W2022226008,inter
W2022228241,inter
W2022250858,inter
W2022261771,inter
W2022268669,inter
W2022280117,inter
W2022283160,uni
W2022286021,inter
W2022324351,inter
W2022326628,uni
W2022328110,uni
W2022329870,inter
W2022335546,inter
W2022337775,inter
W2022344458,inter
W2022351450,inst
W2022355674,inter
W2022361146,inst
W2022366446,inter
W2022367031,inst
W2022367269,inter
W2022385781,inter
W2022393370,inter
W2022415789,uni
W2022436504,inter
W2022436565,inter
W2022443690,inter
W2022466362,inter
W2022466783,inter
W2022484711,inter
W2022485595,top tier
W2022499227,inter
W2022501047,inter
W2022503816,inter
W2022526499,inter
W2022526988,inter
W2022577044,inter
W2022579838,inter
W2022582029,inter
W2022582203,inter
W2022596562,inter
W2022597857,inter
W2022598110,uni
W2022599192,inter
W2022604325,inter
W2022609646,inter
W2022619326,inter
W2022623539,inter
W2022637272,inter
W2022651607,inter
W2022652270,inter
W2022654050,inter
W2022661645,inter
W2022669488,inter
W2022695583,inter
W2022707743,inter
W2022710062,inter
W2022728299,inter
W2022733402,inter
W2022735534,inter
W2022744219,inter
W2022746390,inter
W2022758041,inst
W2022761601,inter
W2022768928,inter
W2022775778,inter
W2022785652,inter
W2022788172,inter
W2022823766,inter
W2022831420,inter
W2022835995,inter
W2022846189,inter
W2022852340,inst
W2022855932,inter
W2022872348,inter
W2022878158,inter
W2022890809,inter
W2022904439,inter
W2022920163,inter
W2022921601,uni
W2022923677,inter
W2022926540,inter
W2022927399,inter
W2022931892,inter
W2022946368,inter
W2022946510,inter
W2022950187,inter
W2022950967,inter
W2022961550,inter
W2022968516,inter
W2022970079,inter
W2022970735,inter
W2022971702,inter
W2022981406,inst
W2022983148,inter
W2022988502,inter
W2022990319,inst
W2022991653,inter
W2023000037,inter
W2023007127,inst
W2023010378,inter
W2023035194,inter
W2023035608,inter
W2023067281,inter
W2023075424,inst
W2023082185,inter
W2023095911,inter
W2023102206,inter
W2023130417,inter
W2023133101,inter
W2023150917,inter
W2023162661,inter
W2023165871,uni
W2023168372,inter
W2023180382,inter
W2023188792,inter
W2023192266,inter
W2023192850,inter
W2023194230,inter
W2023202674,inter
W2023205861,inter
W2023208992,inter
W2023212293,inter
W2023220720,inter
W2023228034,inter
W2023232348,inter
W2023238506,inter
W2023249052,inter
W2023251732,inter
W2023253293,inter
W2023254499,inter
W2023256370,inst
W2023272701,inter
W2023279748,inter
W2023280155,inter
W2023281467,inter
W2023281982,inter
W2023283825,inter
W2023294425,inter
W2023299139,inter
W2023301833,inter
W2023304456,inter
W2023312079,inter
W2023327385,inter
W2023334490,inter
W2023365186,inter
W2023372221,inter
W2023380813,inter
W2023395064,inter
W2023395874,inter
W2023426287,uni
W2023430284,inst
W2023439663,inter
W2023442395,uni
W2023442791,inter
W2023450550,inter
W2023453152,inter
W2023470361,inter
W2023476457,inter
W2023476468,inter
W2023489866,inter
W2023491759,uni
W2023499869,inter
W2023523104,inter
W2023532087,inter
W2023532324,inter
W2023534903,inter
W2023541076,inter
W2023560448,inter
W2023571424,inter
W2023578721,inter
W2023586937,inter
W2023603746,inter
W2023605209,inter
W2023605401,inter
W2023614835,inter
W2023622265,inst
W2023625500,inter
W2023634099,inter
W2023644711,inter
W2023654825,inter
W2023665096,inter
W2023689870,inter
W2023690512,inter
W2023699012,inter
W2023706535,inter
W2023721289,inter
W2023732449,inter
W2023736708,inst
W2023743063,uni
W2023745483,inter
W2023752763,inst
W2023752928,inter
W2023753260,inter
W2023762748,inter
W2023764809,inter
W2023770215,inter
W2023778909,inter
W2023782398,inter
W2023782921,inter
W2023784545,inter
W2023792095,uni
W2023797161,inter
W2023812473,inter
W2023818238,inter
W2023818677,inter
W2023843216,inter
W2023843553,inter
W2023851232,inter
W2023868644,inter
W2023882576,inter
W2023883777,inter
W2023885586,inter
W2023890701,inter
W2023893586,uni
W2023894354,uni
W2023934160,inter
W2023945984,inter
W2023955403,inst
W2023964456,inter
W2023972959,inter
W2023973086,inter
W2023980474,inter
W2023990410,inter
W2024001079,inter
W2024006636,inter
W2024008934,inter
W2024011799,inter
W2024016554,inter
W2024022568,inter
W2024025961,inst
W2024058854,inter
W2024065710,inter
W2024066532,inter
W2024081571,inter
W2024097794,inst
W2024106347,inter
W2024125361,uni
W2024126833,inter
W2024130904,inter
W2024133405,inter
W2024147883,inter
W2024157222,inter
W2024168391,inter
W2024169441,inter
W2024171956,inter
W2024173490,inter
W2024178148,inter
W2024182011,inter
W2024182604,inter
W2024188163,inter
W2024194828,inst
W2024203978,inter
W2024205760,inter
W2024228866,inter
W2024229306,inter
W2024230945,inter
W2024233141,inter
W2024234109,inter
W2024240534,inter
W2024243735,inst
W2024247835,inter
W2024250427,inter
W2024252477,inter
W2024275573,uni
W2024279322,uni
W2024307985,inst
W2024312641,inter
W2024316961,inter
W2024318463,inter
W2024332685,inter
W2024335283,inter
W2024339093,inter
W2024347823,inter
W2024348948,inter
W2024351142,inter
W2024352049,inst
W2024358263,inter
W2024374438,inter
W2024384273,inter
W2024394872,inst
W2024394927,inter
W2024420461,inter
W2024424774,inter
W2024441915,inst
W2024443953,inter
W2024444926,inter
W2024450772,inter
W2024464140,inter
W2024472792,inter
W2024481357,inter
W2024484366,inter
W2024491681,inter
W2024508759,inter
W2024509673,inter
W2024512310,inter
W2024517410,inter
W2024518622,inter
W2024522786,inter
W2024538372,inter
W2024550919,inter
W2024557671,inst
W2024562532,inter
W2024565547,inter
W2024582089,inter
W2024589624,inter
W2024597248,inter
W2024598204,inter
W2024607247,inter
W2024615627,inter
W2024650243,inter
W2024651886,inter
W2024657257,inter
W2024665778,inter
W2024668293,inst
W2024670513,inter
W2024680211,inter
W2024688693,inter
W2024704896,inter
W2024716805,inter
W2024718598,inter
W2024735648,inter
W2024740453,inter
W2024744103,uni
W2024747986,inter
W2024748736,inter
W2024748978,inst
W2024764857,inter
W2024774721,inter
W2024782325,inter
W2024795941,inter
W2024797528,inter
W2024798661,inter
W2024800517,inter
W2024817899,inter
W2024822381,inter
W2024838691,inter
W2024847278,inst
W2024851343,inter
W2024860760,inst
W2024864886,inter
W2024868105,inter
W2024879722,inter
W2024880041,inter
W2024910082,inter
W2024913359,inst
W2024920205,inter
W2024922982,inter
W2024932073,inter
W2024945937,inter
W2024954696,inter
W2024959091,inter
W2024959534,inter
W2024960750,inter
W2024964356,inst
W2024968033,inter
W2024990487,uni
W2025028812,inter
W2025036685,inter
W2025044382,inter
W2025046262,inter
W2025047573,inst
W2025051155,inter
W2025055101,inter
W2025073139,inter
W2025083191,inter
W2025093771,inter
W2025124369,inter
W2025124424,inst
W2025134853,inter
W2025135899,inter
W2025139978,inter
W2025162356,inter
W2025186799,inter
W2025208296,uni
W2025218859,inter
W2025236523,inter
W2025242071,inter
W2025242810,inter
W2025250910,inter
W2025252281,inter
W2025259401,inter
W2025259431,inter
W2025274526,inter
W2025276944,inter
W2025301208,inter
W2025313164,inter
W202531320,inter
W2025320861,inter
W2025327480,inter
W2025328644,inter
W2025350815,inter
W2025377352,inter
W2025381353,inter
W2025388029,inter
W2025391554,inter
W2025394193,inter
W2025397485,inter
W2025411198,inter
W2025414970,uni
W2025432722,inst
W2025438586,inter
W2025454211,inter
W2025456496,inter
W2025457721,inter
W2025467181,inter
W2025470258,inter
W2025473704,inter
W2025479071,inter
W2025479164,inter
W2025499659,inter
W2025505841,uni
W2025519167,inter
W2025542264,inter
W2025545073,inst
W2025546194,inter
W2025556412,inter
W2025559333,inter
W2025560520,inter
W2025564919,uni
W2025566381,inter
W2025566624,inst
W2025567168,inter
W2025577327,inst
W2025588724,uni
W2025601912,inter
W2025602051,inter
W2025608976,uni
W2025623691,inter
W2025626291,inter
W2025626352,inter
W2025632878,inter
W2025648052,inter
W2025649768,uni
W2025653905,inst
W2025669871,inter
W2025679133,inst
W2025697666,inter
W2025699799,inter
W2025702701,uni
W2025714718,inter
W2025721326,inter
W2025725145,inter
W2025726910,inter
W2025739948,inter
W2025748160,inter
W2025749518,inter
W2025755325,inter
W2025764415,uni
W2025768430,top tier
W2025779473,inter
W2025787141,inst
W2025789952,inter
W2025808439,inter
W2025818287,inter
W2025841116,inter
W2025870341,inter
W2025880494,inter
W2025882237,inter
W2025889153,inter
W2025889675,inter
W2025890843,inter
W2025891431,inter
W2025903147,inter
W2025905305,inter
W2025905409,inter
W2025909338,inter
W2025922452,inter
W2025940362,inter
W2025959395,inter
W2025971010,inter
W2025983224,inter
W2025984714,inter
W2025986317,inter
W2026001471,inst
W2026012689,inter
W2026013983,inter
W2026031651,inter
W2026041872,inst
W2026043300,inter
W2026054568,inter
W2026060503,inst
W2026066288,inter
W2026079070,inter
W2026090827,inst
W2026092728,inter
W2026097868,inter
W2026122225,inter
W2026131661,top tier
W2026137549,inter
W2026144732,inter
W2026144934,inter
W2026158767,inter
W2026175459,inst
W2026177951,inter
W2026179596,inter
W2026186397,inter
W2026198111,inter
W2026205307,inter
W2026207903,inter
W2026210582,inst
W2026211752,inter
W2026223588,inst
W2026235741,inter
W2026240554,inter
W2026245849,inter
W2026258420,inter
W2026279577,inter
W2026288260,inter
W2026301394,inter
W2026302147,inter
W2026309357,inst
W2026320281,inter
W2026333689,inter
W2026356331,inter
W2026368956,inst
W2026374192,uni
W2026374316,inter
W2026375664,inter
W2026406865,inter
W2026408886,inter
W2026414135,inter
W2026420233,inter
W2026424905,inter
W2026425042,inter
W2026439336,inter
W2026453187,inst
W2026453648,inter
W2026465795,inter
W2026471620,inter
W2026481965,inter
W2026490835,inter
W2026505196,inter
W2026508670,inst
W2026526178,inst
W2026538377,inter
W2026547913,inter
W2026572866,inter
W2026573020,inter
W2026575055,inter
W2026580636,uni
W2026591719,uni
W2026595385,inter
W2026610312,inter
W2026635066,inter
W2026636863,inter
W2026646936,inter
W2026684553,inter
W2026687998,uni
W2026692111,inter
W2026701697,inter
W2026702976,inter
W2026721457,inter
W2026730210,inter
W2026740477,inter
W2026743513,inter
W2026751419,inter
W2026754475,inter
W2026760829,inter
W2026770733,inter
W2026787034,inter
W2026793883,inter
W2026795293,inter
W2026797055,inst
W2026809216,inter
W2026810921,inter
W2026815944,inst
W2026818302,inter
W2026832226,inst
W2026832363,inter
W2026859661,inter
W2026875669,uni
W2026889745,inter
W2026892462,inter
W2026898705,inst
W2026917384,inst
W2026922835,inter
W2026931649,inter
W2026934498,inter
W2026938692,inter
W2026939709,inter
W2026947545,inter
W2026947822,inter
W2026949477,inst
W2026953225,inter
W2026962342,inter
W2026968007,inst
W2026968382,inter
W2026968593,inter
W2026976312,inter
W2026979341,inter
W2026980120,uni
W2026992098,inter
W2026997092,inst
W2027020884,inst
W2027024324,inter
W2027041524,inter
W2027046728,inter
W2027065525,inter
W2027076000,inter
W2027077102,inter
W2027106228,inter
W2027108810,inst
W2027124963,inter
W2027125546,uni
W2027152011,inst
W2027158013,inter
W2027162181,inter
W2027167744,inter
W2027177171,inter
W2027178201,inter
W2027182927,inter
W2027204464,inter
W2027210873,inter
W2027214873,inter
W2027226970,uni
W2027227218,inter
W2027230374,inter
W2027231794,inter
W2027232830,uni
W2027244403,inst
W2027247295,inter
W2027248184,inst
W2027255954,inst
W2027257397,inter
W2027267396,inter
W2027276065,inter
W202728124,inter
W2027287130,inter
W2027293474,inter
W2027294097,inter
W2027310218,inter
W2027318585,inst
W2027330507,inter
W2027330877,inter
W2027335394,inst
W2027341454,inter
W2027366532,inter
W2027378286,inter
W2027379370,inter
W2027389940,inter
W2027402490,inter
W2027423337,inter
W2027442956,inter
W2027457383,inter
W2027465414,inter
W2027469568,uni
W2027475601,uni
W2027485027,inter
W2027490384,inter
W2027495111,inter
W2027495966,inter
W2027497163,uni
W2027500037,uni
W2027500887,inter
W2027501230,inter
W2027506139,inter
W2027506564,inst
W2027510714,inter
W2027515139,inter
W2027529302,inter
W2027537484,inter
W2027538101,inter
W2027539209,inter
W2027539781,inter
W2027566319,inter
W2027570003,inter
W2027571723,inter
W2027577057,inter
W2027584005,inter
W2027590830,uni
W2027627969,inter
W2027632475,inter
W2027634563,inter
W202763651,inter
W2027645416,inst
W2027648973,inter
W2027670464,inter
W2027682888,inter
W2027698744,inter
W2027707779,inter
W2027711030,inter
W2027711578,inter
W2027711724,inter
W2027719472,inter
W2027724697,inter
W2027735622,inter
W2027744552,inter
W2027756614,inter
W2027767930,inter
W2027780909,inst
W2027797139,inter
W2027801633,inter
W2027807896,inter
W2027822092,inter
W2027822753,inter
W2027831993,inter
W2027840675,inter
W2027859758,inter
W2027866476,inter
W2027870188,inter
W2027875450,inter
W2027883219,inter
W2027891831,inst
W2027893824,inter
W2027908141,uni
W2027911831,inter
W2027920454,inter
W2027922120,inter
W2027926524,uni
W2027926771,inter
W2027940820,inter
W2027941036,inter
W2027943354,inter
W2027943611,inter
W2027945080,inter
W2027945131,inter
W2027953412,inter
W2027968063,inter
W2027972911,inter
W2027978804,inter
W2028005725,inter
W2028007312,inter
W2028009605,inter
W2028024605,inter
W2028025919,inter
W2028028410,inter
W2028042040,inter
W2028047877,inter
W2028050539,inter
W2028060655,inter
W2028087201,inst
W2028089458,inter
W2028111074,inter
W2028133133,inter
W2028135373,inter
W2028150765,inter
W2028155257,inst
W2028171048,inter
W2028174169,uni
W2028178479,inter
W2028188257,inter
W2028192151,uni
W2028197392,inter
W2028203475,inter
W2028212109,inst
W2028229209,inter
W2028239183,inter
W2028240438,inter
W2028243078,inter
W2028260818,inter
W2028272237,inter
W2028278786,inter
W2028292253,inter
W2028311000,inter
W2028319341,inter
W2028324784,inst
W2028327141,uni
W2028340020,inter
W2028357390,inter
W2028358228,inter
W2028358422,inter
W2028367841,inter
W2028368663,inter
W2028372707,inst
W2028382703,inter
W2028389443,inter
W2028397149,inter
W2028407465,inst
W2028431438,inter
W2028431569,inter
W2028443126,uni
W2028445731,inter
W2028458611,inter
W2028499533,inter
W2028502081,inst
W2028503207,inter
W2028510237,inter
W2028536280,inter
W2028541846,inter
W2028553532,inter
W2028554554,inst
W2028571865,inter
W2028590934,inter
W2028591582,inter
W2028599032,inter
W2028613966,inter
W2028618445,inter
W2028624750,inter
W2028629398,inter
W2028637178,inter
W2028637253,inst
W2028655035,inter
W2028657033,inter
W2028660300,inter
W2028661866,inter
W2028683648,inter
W2028684662,inter
W2028692229,uni
W2028701196,inter
W2028713678,inter
W2028727655,inter
W2028729655,inter
W2028745254,inter
W2028745452,inst
W2028749076,inter
W2028759731,inter
W2028764962,uni
W2028766404,inter
W2028775537,inter
W2028782774,inter
W2028787907,inter
W2028826401,uni
W2028834863,inter
W2028837054,inter
W2028851602,inter
W2028864648,inter
W2028865046,inter
W2028903194,inter
W2028915959,inter
W2028918601,inter
W2028920762,inter
W2028928883,inter
W2028933072,inter
W2028933374,uni
W2028933557,inter
W2028934422,inter
W2028936054,inter
W2028953920,inter
W2028973348,inter
W2028975680,inter
W2028981944,inter
W2029016951,inter
W2029024091,inter
W2029029999,inter
W2029033774,inter
W2029037459,inter
W2029039148,inter
W2029046634,inter
W2029049232,inter
W2029051450,inter
W2029065173,inter
W2029091717,inter
W2029095423,inter
W2029095906,inter
W2029103396,inst
W2029109031,inter
W2029112684,inter
W2029113598,inter
W2029121206,inter
W2029168317,inter
W2029182425,inter
W2029184752,uni
W2029195895,inter
W2029207240,inter
W2029209936,inter
W2029213856,inter
W2029217165,inter
W2029224396,inter
W2029243045,inter
W2029246382,inter
W2029281799,inter
W2029282088,inter
W2029285372,inter
W2029296527,inst
W2029307214,inter
W2029311758,inter
W2029316287,inter
W2029319864,inter
W2029327121,inter
W2029333316,inter
W2029348341,inter
W2029350253,inter
W2029378606,inter
W2029389181,inter
W2029391972,inter
W2029425905,inter
W2029429373,inter
W2029435698,inter
W2029467722,inter
W2029474504,inter
W2029475378,inst
W2029479258,uni
W2029486559,inter
W2029500199,inst
W2029500775,inst
W2029513326,inter
W2029538820,inter
W2029568264,inst
W2029571501,uni
W2029575996,inter
W2029589462,inter
W2029640331,inter
W2029657175,inter
W2029658262,inter
W2029662995,inst
W2029672026,inter
W2029689100,inter
W2029693536,top tier
W2029706450,inter
W2029720353,inter
W2029724785,inter
W2029758586,inst
W2029761439,inter
W2029763612,inter
W2029767187,inter
W2029772608,inter
W2029775694,inter
W2029803083,inter
W2029832855,inter
W2029837479,inst
W2029837507,inter
W2029857205,inter
W2029861632,inter
W2029867605,inter
W2029867692,inst
W2029869761,uni
W2029886881,inter
W2029912733,inter
W2029918260,inter
W2029922131,inter
W2029926964,inter
W2029943728,inter
W2029949252,inter
W2029952384,inter
W2029954545,inter
W2029954707,inter
W2029963556,inter
W2029967456,inter
W2029968439,inter
W2029977689,inter
W2030010473,inter
W2030010890,inter
W2030018426,inter
W2030020502,inter
W2030027397,inter
W2030068747,inter
W2030072194,inter
W2030088149,inter
W2030099369,inter
W2030121478,inst
W2030128230,inter
W2030138018,inter
W2030147677,inter
W2030165200,inter
W2030197891,inst
W2030230048,inter
W2030246007,inter
W2030250046,inter
W2030264653,inter
W2030265202,inter
W2030286884,inter
W2030298336,inter
W2030298904,inter
W2030307498,inter
W2030308994,inter
W2030309162,inter
W2030320874,inter
W2030328665,inter
W2030344570,inst
W2030346542,inter
W2030354563,inter
W2030356704,inter
W2030360196,inter
W2030366785,inst
W2030368790,inter
W2030370258,inter
W2030370977,uni
W2030373618,inter
W2030378866,inter
W2030390520,inter
W2030397980,inter
W2030398195,inter
W2030404715,inter
W2030418251,inter
W2030438400,inter
W2030456422,uni
W2030477363,inter
W2030481825,inter
W2030488300,inst
W2030549713,inter
W2030565040,inter
W2030573554,inter
W2030595429,inter
W2030612252,inter
W2030650827,inter
W2030665335,inter
W2030670342,uni
W2030679318,inter
W2030680983,inter
W2030684361,inter
W2030689403,uni
W2030698331,inter
W2030720957,inter
W2030754117,inter
W2030810346,inter
W2030812654,inst
W2030814077,inter
W2030818964,uni
W2030858745,inter
W2030868491,inter
W2030869671,inter
W2030877481,inst
W2030883916,inst
W2030895849,inter
W2030899956,inter
W2030911590,inter
W2030924161,inter
W2030950474,inter
W2030955019,inter
W2030960102,inter
W2030960867,inter
W2030988382,inter
W2030999249,inter
W2031000778,inter
W2031003742,inst
W2031052682,inter
W2031076131,uni
W2031082559,inter
W2031086457,inter
W2031132532,inter
W2031132945,inter
W2031144777,inter
W2031151271,inter
W2031163547,inter
W2031168104,top tier
W2031176346,inter
W2031196199,inter
W2031206336,inst
W2031223816,inst
W2031232041,inter
W2031236095,uni
W2031242533,inter
W2031268467,inter
W2031274739,inter
W2031275544,inter
W2031281270,inst
W2031300154,inst
W2031300469,inter
W2031303347,inter
W2031319431,inter
W2031326024,inter
W2031332477,inst
W2031334527,inter
W2031337945,inter
W2031342017,inst
W2031365227,inter
W2031366103,inter
W2031366272,inter
W2031384330,inter
W2031405661,inter
W2031427508,inter
W2031447968,inter
W2031450000,uni
W2031460408,inter
W2031460566,inter
W2031461964,inter
W2031471068,inter
W2031476339,inter
W2031480738,inter
W2031489346,top tier
W2031507639,uni
W2031533839,inst
W2031545815,inter
W2031545890,inter
W2031560630,inter
W2031569414,inter
W2031581195,inter
W2031595919,inter
W2031604000,inter
W2031605231,inter
W2031610515,uni
W2031614119,inter
W2031644732,inter
W2031647436,inter
W2031656776,inter
W2031659811,inst
W2031681975,inter
W2031683094,uni
W2031691614,inter
W2031694549,inter
W2031696548,inter
W2031701670,inter
W2031708218,inter
W2031722321,inter
W2031722751,uni
W2031732804,uni
W2031738616,inst
W2031760375,inter
W2031766448,inter
W2031770535,inter
W2031774224,inter
W2031817630,inter
W2031822662,inter
W2031829978,uni
W2031858314,inst
W2031862949,inter
W2031866885,uni
W2031885173,inter
W2031888308,uni
W2031888594,inter
W2031905123,inter
W2031909833,inter
W2031911515,inter
W2031913867,inter
W2031919019,inter
W2031929776,inter
W2031943033,inter
W2031945910,inter
W2031949160,inter
W2031950024,inst
W2031963385,inter
W2031966640,inter
W2031968565,inter
W2031975415,uni
W2031993065,inter
W2031994308,inter
W2031998192,inter
W2032003229,inter
W2032010830,inter
W2032015140,inter
W2032015692,inst
W2032027298,inter
W2032042611,inter
W2032044854,inter
W2032044999,inter
W2032051771,inter
W2032063630,inter
W2032066785,inter
W2032084249,inter
W2032094375,inter
W2032107356,inter
W2032108856,inst
W2032114286,inter
W2032119163,inter
W2032124026,inter
W2032129959,inter
W2032141664,inst
W2032142173,inter
W2032150752,inter
W2032156916,inter
W2032168093,inter
W2032173185,inter
W2032193136,inter
W2032206612,inst
W2032209591,inter
W2032212328,inter
W2032219148,inter
W2032225720,inter
W2032246502,inter
W2032256330,inst
W2032270375,inter
W2032280284,inter
W2032283783,inter
W2032284732,inter
W2032338447,inter
W2032345605,inter
W2032348489,inst
W2032354534,inter
W2032377318,inter
W2032379856,inter
W2032383925,inter
W2032387231,inst
W2032389920,inst
W2032400823,inter
W2032417107,inst
W2032418631,inter
W2032432676,inter
W2032438879,inter
W2032443316,inter
W2032449056,inter
W2032452481,inter
W2032459394,inter
W2032463732,inter
W2032468904,inter
W2032484416,uni
W2032493468,inter
W2032512814,inst
W2032518657,inst
W2032519250,inter
W2032523493,inter
W2032529054,inter
W2032532974,inter
W2032538204,inter
W2032552117,inst
W2032558548,inter
W2032576830,inter
W2032587110,inter
W2032591599,inter
W2032592425,inter
W2032604942,inter
W2032613563,inst
W2032617530,inter
W2032625859,inter
W2032644556,inter
W2032648349,inter
W2032658116,inter
W2032666584,inter
W2032667132,inter
W2032676191,inter
W2032680755,inter
W2032681264,inter
W2032711322,inter
W2032711963,inter
W2032715475,inst
W2032721929,inter
W2032724514,inter
W2032728524,inter
W2032730676,inter
W2032765727,inter
W2032775418,inter
W2032776374,inter
W2032776989,inter
W2032777428,inter
W2032777645,uni
W2032784965,inter
W2032790923,inter
W2032791226,inter
W2032791227,inter
W2032793527,inter
W2032794168,inter
W2032815070,inter
W2032818299,inter
W2032826816,inter
W2032840273,inter
W2032841680,inter
W2032845856,inter
W2032850957,inter
W2032860265,inter
W2032864679,inter
W2032869782,inst
W2032871739,inter
W2032875563,inter
W2032877625,inter
W2032890294,inter
W2032937940,inter
W2032938471,inter
W2032958446,inter
W2032963132,inter
W2032975071,inter
W2032995824,inter
W2032996922,inter
W2033012948,inter
W2033018351,inter
W2033024967,inter
W2033031014,inter
W2033035818,inter
W2033042752,inter
W2033047240,inter
W2033059705,inter
W2033059710,inter
W2033070537,uni
W2033072042,inst
W2033076221,inter
W2033077109,inter
W2033078978,inter
W2033080462,inter
W2033087562,inter
W2033098905,inter
W2033132959,inter
W2033137340,inter
W2033141509,inter
W2033146057,inter
W2033149950,uni
W2033155266,inter
W2033167059,inst
W2033173240,inter
W2033178559,inter
W2033181023,inst
W2033191667,inter
W2033194777,inter
W2033206028,inst
W2033215449,inter
W2033250216,inter
W2033257206,inter
W2033260394,inter
W2033286780,inter
W2033288544,inter
W2033310064,inter
W2033320243,inter
W2033323324,inter
W2033339319,inst
W2033342379,inter
W2033347591,uni
W2033390742,inter
W2033413929,inter
W2033419168,inter
W2033431757,inter
W2033448492,uni
W2033478035,inter
W2033478416,inter
W2033484654,inst
W2033489377,inter
W2033494427,inter
W2033495141,inter
W2033511209,inter
W2033529003,inter
W2033532626,inter
W2033539266,inter
W2033553296,inst
W2033557872,inter
W2033559768,inter
W2033570189,inter
W2033585489,inter
W2033587694,inter
W2033597569,inter
W2033618285,inter
W2033619170,inter
W2033651659,inter
W2033655533,inst
W2033660147,inter
W2033664843,inter
W2033665526,inst
W2033691991,inter
W2033695022,inst
W2033702592,inter
W2033712590,inter
W2033717092,inter
W2033722436,inter
W2033739539,inter
W2033751220,inst
W2033757486,inter
W2033762143,uni
W2033765726,inter
W2033768654,inter
W2033769372,inter
W2033770904,inter
W2033778326,inter
W2033785773,inter
W2033801242,inter
W2033802199,inter
W2033808795,uni
W2033811191,inst
W2033812560,inter
W2033814892,inter
W2033845865,inter
W2033856912,inter
W2033879387,uni
W2033886999,inter
W2033893360,inter
W2033909248,inter
W2033943710,inst
W2033946387,inter
W2033948722,inst
W2033952713,inter
W2033959528,inst
W2033961328,inter
W2033966841,inter
W2033975041,inter
W2033982707,inter
W2033987350,inter
W2033988945,inter
W2033992696,inter
W2034011597,inter
W2034017238,inter
W2034025324,inst
W2034035131,inter
W2034046303,inter
W2034061124,inter
W2034062135,inter
W2034068312,inter
W2034112672,inter
W2034134652,inter
W2034139177,top tier
W2034143513,inter
W2034155735,inter
W2034162101,inter
W2034169759,inter
W2034173754,inter
W2034199493,inter
W2034208903,inter
W2034215564,inter
W2034220727,uni
W2034254220,inter
W2034257290,inter
W2034261065,inter
W2034265047,inter
W2034271024,inter
W2034274983,inter
W2034283232,inter
W2034284899,inter
W2034297532,inter
W2034299948,inst
W2034307786,uni
W2034328688,inter
W2034358412,inter
W2034361844,inter
W2034372240,inst
W2034377718,inst
W2034391053,inter
W2034392785,inter
W2034395549,inter
W2034402198,inter
W2034432063,inter
W2034438009,inter
W2034455126,inter
W2034472087,inter
W2034475831,inter
W2034481506,inter
W2034482764,inter
W2034486830,inter
W2034503479,inter
W2034506583,uni
W2034510531,inter
W2034510902,inst
W2034526334,inter
W2034527657,inter
W2034532187,inter
W2034532318,inter
W2034536138,inter
W2034537627,inst
W2034538299,inter
W2034541299,inter
W2034541525,inter
W2034543148,inter
W2034549000,inter
W2034593090,inter
W2034603054,inst
W2034612699,inter
W2034617371,inter
W2034618295,inter
W2034626586,inter
W2034647518,inter
W2034677282,inter
W2034677541,inter
W2034677901,inter
W2034691759,inter
W2034692175,inter
W2034702409,inter
W2034726418,inter
W2034730052,inter
W2034747525,inter
W2034760823,inter
W2034775820,inter
W2034786972,inter
W2034791526,inter
W2034805081,inter
W2034814587,inter
W2034830768,inter
W2034831422,inter
W2034841618,inter
W2034853820,inst
W2034861455,inter
W2034885271,inter
W2034888074,inter
W2034895998,inst
W2034904247,inter
W2034911808,inter
W2034915127,inter
W2034919323,inter
W2034920898,inter
W2034922548,inter
W2034965973,inter
W2034969874,inter
W2034985124,inter
W2034995211,inter
W2034999915,inter
W2035000685,inter
W2035008352,inter
W2035015647,inter
W2035018125,inter
W2035038693,inter
W2035040343,inter
W2035040440,inter
W2035055162,inter
W2035067317,inter
W2035080386,inter
W2035083803,inter
W2035090255,inter
W2035092087,inter
W2035092680,inter
W2035096056,inter
W2035102150,inter
W2035112473,inst
W2035128422,inter
W2035136729,inter
W2035137051,inter
W2035152849,inter
W2035169492,inter
W2035175133,inter
W2035175173,inst
W2035180946,inter
W2035186724,inter
W2035191359,inter
W2035206966,inter
W2035229182,inter
W2035258074,inter
W2035277981,inst
W2035282923,inter
W2035284422,inst
W2035288980,inter
W2035293196,inst
W2035309843,inter
W2035317314,inter
W2035336426,inter
W2035346816,inst
W2035362408,inst
W2035372623,inter
W2035382647,inter
W2035391316,inter
W2035405563,inst
W2035420759,inter
W2035424729,inter
W2035430533,inter
W2035432621,inter
W2035439570,inter
W2035449679,inter
W2035464741,inter
W2035468853,inter
W2035482939,inter
W2035494984,inter
W2035497590,inter
W2035507719,inter
W2035509863,inter
W2035510616,inter
W2035535009,inter
W2035536069,inter
W2035540258,inter
W2035540344,inter
W2035548842,inter
W2035549799,inter
W2035550432,inter
W2035569891,inter
W2035576074,inter
W2035581550,inst
W2035607533,inter
W2035618077,inter
W2035622347,inst
W2035625325,inter
W2035630966,inter
W2035648916,inter
W2035652501,inter
W2035653088,inter
W2035656841,inter
W2035660096,inter
W2035679009,inter
W2035686709,inter
W2035691259,inter
W2035695389,inter
W2035698000,inst
W2035701183,inter
W2035714636,inter
W2035720976,inter
W2035722244,uni
W2035743720,inst
W2035748286,inter
W2035750497,inter
W2035751561,inter
W2035754080,inter
W2035754138,inter
W2035757233,inter
W2035776116,inter
W2035780670,inter
W2035780934,inter
W2035781160,inter
W2035822813,inter
W2035829631,inter
W2035874995,inter
W2035908224,inter
W2035918509,inter
W2035923514,inter
W2035929826,inst
W2035939384,inter
W2035954267,inter
W2035964780,inter
W2035964917,inter
W2035974022,inter
W2035978754,inter
W2035986292,inter
W2035990937,inter
W2035993353,inter
W2035998804,inter
W2036014332,inter
W2036037061,inter
W2036043111,inter
W2036070282,inter
W2036084078,inter
W2036098336,uni
W2036114538,inter
W2036117503,inter
W2036117860,inter
W2036120890,inst
W2036121527,inter
W2036166268,uni
W2036184614,inter
W2036184762,inter
W2036185151,inter
W2036185209,inst
W2036189700,inter
W2036212612,inter
W2036229744,inter
W2036236586,inter
W2036242736,inter
W2036243565,inter
W2036255587,inst
W2036260704,inter
W2036265926,inter
W2036276283,inter
W2036279667,inter
W2036281404,inter
W2036301888,inter
W2036322231,inter
W2036323349,inter
W2036328610,inter
W2036328877,inst
W2036329542,inter
W2036331399,inter
W2036336879,uni
W2036350105,inst
W2036358294,inter
W2036361573,inter
W2036362920,uni
W2036366099,inter
W2036378739,inter
W2036395994,inter
W2036403858,inter
W2036405930,inst
W2036413831,inter
W2036416380,inter
W2036430002,inter
W2036449859,inter
W2036451492,inter
W2036458679,inter
W2036476567,inter
W2036479153,inter
W2036480385,inter
W2036484559,inst
W2036485694,inter
W2036489589,inter
W2036498563,inter
W2036524648,inter
W2036536024,inter
W2036558744,inter
W2036576620,inter
W2036590598,inter
W2036604884,inter
W2036627773,inter
W2036628307,inter
W2036628415,inter
W2036636861,inter
W2036639550,inter
W2036645040,inst
W2036651327,inter
W2036676170,inst
W2036694594,inter
W2036718463,inst
W2036731456,inter
W2036735300,inter
W2036738119,inter
W2036739077,inter
W2036740458,inter
W2036747262,inter
W2036749221,inter
W2036749329,inter
W2036772693,inter
W2036792771,inter
W2036797065,inst
W2036812633,inter
W2036822159,inst
W2036845965,inter
W2036846060,inter
W2036853599,inter
W2036860943,inter
W2036868907,inter
W2036872500,inter
W2036881670,uni
W2036895660,inst
W2036901047,inter
W2036910323,inter
W2036918153,uni
W2036919025,inter
W2036932727,inter
W2036956254,inter
W2036966807,inter
W2036967190,inter
W2036980633,inter
W2036984693,inter
W2036986624,uni
W2036987653,inter
W2037011398,inter
W2037038409,inter
W2037051094,inst
W2037059414,inst
W2037090803,inter
W2037100043,inter
W2037101095,uni
W2037102990,inter
W2037107113,inst
W2037120864,inter
W2037125742,inter
W2037127688,inter
W2037130863,inter
W2037162941,uni
W2037183649,inter
W2037185568,inter
W2037187097,uni
W2037197991,inter
W2037219699,inter
W2037227137,top tier
W2037228462,inter
W2037229515,inter
W2037237472,inst
W2037244283,inter
W2037253724,inter
W2037256133,inter
W2037266256,inter
W2037270680,inst
W2037304669,inter
W2037314273,inter
W2037319728,inter
W2037328461,inter
W2037330115,inter
W2037343806,inter
W2037365151,inter
W2037370225,inter
W2037389652,inter
W2037394096,inter
W2037402790,inter
W2037427983,inst
W2037438970,inter
W2037445139,uni
W2037450860,inter
W2037461905,inter
W2037470806,inter
W2037476089,inter
W2037487174,inst
W2037489885,inter
W2037493585,inter
W2037505269,inter
W2037517972,inter
W2037523067,inter
W2037526067,inter
W2037533609,inter
W2037537329,inter
W2037553395,inter
W2037563221,inter
W2037565762,inter
W2037568427,inter
W2037568604,inter
W2037570833,inst
W2037583329,inter
W2037599529,inter
W2037606162,inter
W2037623946,inter
W2037631969,inter
W2037638912,inter
W2037641407,inter
W2037658535,inter
W2037662999,uni
W2037664838,inst
W2037667639,inter
W2037698052,inst
W2037724338,inter
W2037743333,inter
W2037744768,inter
W2037761443,inter
W2037763166,inter
W2037771300,inter
W2037771416,inst
W2037785139,inter
W2037790953,inter
W2037798332,inter
W2037799084,uni
W2037801532,inter
W2037828446,inter
W2037840540,inter
W2037866349,inter
W2037877539,inter
W2037884584,inter
W2037894298,inter
W2037908277,inter
W2037914118,uni
W2037915382,inter
W2037925155,inter
W2037926034,inter
W2037940305,inter
W2037942368,inter
W2037949445,uni
W2037952953,inter
W2037981670,inter
W2037995299,inter
W2037998200,inter
W2038002297,inter
W2038013407,inter
W2038014827,inter
W2038031450,inter
W2038031975,inter
W2038033854,inter
W2038036831,inter
W2038041523,inst
W2038044579,inter
W2038065859,inter
W2038077161,inter
W2038087198,inter
W2038091128,inter
W2038095590,inter
W2038098542,inter
W2038128936,inter
W2038147869,inter
W2038163948,inter
W2038165640,inter
W2038168805,inst
W2038173123,inst
W2038177148,inter
W2038178246,inter
W2038187458,inter
W2038194220,inter
W2038194900,inter
W2038201895,inst
W2038209623,inter
W2038216920,inter
W2038216963,inter
W2038257805,inter
W2038268267,inter
W2038276547,inst
W2038280788,inter
W2038287971,inter
W2038289871,inter
W2038290463,inter
W2038316784,inter
W2038317184,inter
W2038330765,inter
W2038336192,inter
W2038337655,inter
W2038354192,inter
W2038358424,inter
W2038361625,inter
W2038362416,uni
W2038366371,inter
W2038371718,inter
W2038389283,inter
W2038393361,inter
W2038397650,uni
W2038418568,inter
W2038420231,inter
W2038422024,inter
W2038430052,inter
W2038451681,inter
W2038457848,inter
W2038469714,inter
W2038472918,inter
W2038476425,inst
W2038484192,inter
W2038497675,inter
W2038513356,inter
W2038530381,inter
W2038551327,inter
W2038558760,inter
W2038580519,inter
W2038585497,inter
W2038590825,inter
W2038594130,inter
W2038597090,inter
W2038606140,inst
W2038612173,inter
W2038613518,inter
W2038638465,inter
W2038642559,inter
W2038643780,inter
W2038645424,inter
W2038655162,inter
W2038676341,inter
W2038681062,inter
W2038690792,inter
W2038698699,inst
W2038705219,inter
W2038707433,inter
W2038710499,inter
W2038732762,inter
W2038740782,inter
W2038752770,inst
W2038753224,inter
W2038768008,inter
W2038796765,inter
W2038828330,inst
W2038832524,inter
W2038844683,inter
W2038873749,inter
W2038882570,inst
W2038884834,inter
W2038887266,inter
W2038893115,inter
W2038897552,inter
W2038908882,inter
W2038912880,inter
W2038917214,inter
W2038922352,inter
W2038924034,inter
W2038945476,inter
W2038951132,uni
W2038951911,inter
W2038952578,inter
W2038969653,inter
W2038979896,inter
W2038983044,inter
W2039023455,uni
W2039037639,inter
W2039039026,inter
W2039039921,inter
W2039049533,inst
W2039051707,inter
W2039069492,inter
W2039086323,inter
W2039100268,inter
W2039120654,inter
W2039126841,inter
W2039130949,inter
W2039133965,inter
W2039144690,inst
W2039152227,inter
W2039164882,inter
W2039179155,inter
W2039186839,inter
W2039191721,inter
W2039207705,inter
W2039229101,inter
W2039232530,inter
W2039240778,inter
W2039262760,inter
W2039285212,inter
W2039295387,inter
W2039301741,inter
W2039309547,inter
W2039316467,inter
W2039317353,inter
W2039320220,inter
W2039330990,inter
W2039333275,inter
W2039334703,inter
W2039351044,inter
W2039355801,inst
W2039359935,inter
W2039367092,inter
W2039375572,inter
W2039376581,inter
W2039377530,inter
W2039388884,uni
W2039437606,inter
W2039439604,inter
W2039448751,inter
W2039458844,inter
W2039485372,inter
W2039495153,inter
W2039499002,inter
W2039509794,inter
W2039510785,inter
W2039510803,inter
W2039522364,inter
W2039525474,uni
W2039532014,inst
W2039534474,inter
W2039552902,inter
W2039567220,inter
W2039573177,inter
W2039577138,inter
W2039599184,inter
W2039601877,inter
W2039605555,inst
W2039609250,inter
W2039611030,inter
W2039612281,inter
W2039615557,inter
W2039616196,inst
W2039636022,inter
W2039640252,inter
W2039652152,inter
W2039659675,inter
W2039663572,inter
W2039665187,inter
W2039684198,inter
W2039686230,uni
W2039686598,inter
W2039705930,inst
W2039708501,inter
W2039712262,inter
W2039714816,inter
W2039724859,inter
W2039733317,inter
W2039735520,uni
W2039772769,inter
W2039800183,inter
W2039831682,inter
W2039841195,inter
W2039847928,inter
W2039851312,uni
W2039852947,inter
W2039853491,uni
W2039858940,inter
W2039866355,inter
W2039866862,inter
W2039868808,inter
W2039870651,inter
W2039876852,inter
W2039893305,inter
W2039895386,uni
W2039930475,inter
W2039937002,inter
W2039942031,inter
W2039948520,inst
W2039953813,inst
W2039959271,inter
W2039967304,uni
W2039975294,inter
W2039979393,inter
W2039983843,inter
W2039987927,inter
W2039995186,inter
W2039995466,uni
W2039997795,inter
W2040001616,uni
W2040006659,inter
W2040026546,inter
W2040050796,inter
W2040066455,inter
W2040072996,inter
W2040077751,inter
W2040084153,inter
W2040102452,inter
W2040102554,inter
W2040102758,inst
W2040105857,inter
W2040120088,inter
W2040135606,inter
W2040136719,inter
W2040136860,inter
W2040141351,inter
W2040145533,inter
W2040153696,inter
W2040154627,inter
W2040162312,inter
W2040167534,inter
W2040176884,inter
W2040197058,inst
W2040208540,inter
W2040217811,inst
W2040243673,inter
W2040271314,inter
W2040315807,inter
W2040321327,inter
W2040340473,uni
W2040348150,inter
W2040351166,inter
W2040358330,inter
W2040362295,inst
W2040372095,inter
W2040373985,inter
W2040377413,inter
W2040381230,inter
W2040386819,inter
W2040393967,inter
W2040395995,inter
W2040401241,inter
W2040412852,inter
W2040420521,inter
W2040421330,inter
W2040424159,inter
W2040424843,inter
W2040427182,inter
W2040428049,inst
W2040450685,uni
W2040454151,inter
W2040467972,inter
W2040479363,inter
W2040480174,inter
W2040508185,inter
W2040513965,inter
W2040514941,inter
W2040515152,inter
W2040517289,inter
W2040517709,inter
W2040522199,inter
W2040530187,inst
W2040534455,inter
W2040540537,inter
W2040551015,inter
W2040555273,inter
W2040556735,inter
W2040564281,inter
W2040582952,inst
W2040586767,inter
W2040589514,inter
W2040606021,inter
W2040608867,inter
W2040648696,inter
W2040657051,inter
W2040670668,inst
W2040671495,inter
W2040671891,inter
W2040674922,inter
W2040678819,inter
W2040681998,inter
W2040687941,uni
W2040689829,inter
W2040704490,inter
W2040717770,inter
W2040719028,inter
W2040733945,inter
W2040742037,inter
W2040760117,inter
W2040769287,inter
W2040792108,inst
W2040854317,inter
W2040855741,inter
W2040860367,inter
W2040870580,inter
W2040870687,inter
W2040871029,inter
W2040883750,inter
W2040884411,inst
W2040896053,inter
W2040898759,inter
W2040903332,inter
W2040904643,inter
W2040919150,inter
W2040921410,inter
W2040922379,inter
W2040926019,inter
W2040927484,inst
W2040935504,inter
W2040939933,inter
W2040951317,inter
W2040961499,inter
W2040965507,inter
W2040969839,inter
W2040972309,inter
W2040990879,inter
W2040992166,inter
W2040999312,inter
W2041014569,inter
W2041023030,inter
W2041024034,inter
W2041056318,inter
W2041057519,inter
W2041062046,inter
W2041068315,inter
W2041077555,inter
W2041090685,inter
W2041091076,inter
W2041102645,uni
W2041106018,inter
W2041107958,inter
W2041126223,inter
W2041139939,inter
W2041153013,inter
W2041176477,inter
W2041203323,inter
W2041205596,uni
W2041213596,inter
W2041217753,inter
W2041230358,inter
W2041241738,inter
W2041248965,inst
W2041251040,inst
W2041251665,inter
W2041262109,uni
W2041276426,inter
W2041279079,inter
W2041280856,inst
W2041309702,inst
W2041313536,inter
W2041375512,inter
W2041404431,inter
W2041413007,inter
W2041414176,inter
W2041417426,inter
W2041420722,inter
W2041452863,uni
W2041454412,inter
W2041460271,inter
W2041470132,inter
W2041476041,inter
W2041478487,inter
W2041479067,inter
W2041503160,inter
W2041513697,inter
W2041518538,inter
W2041520260,inter
W2041523518,inst
W2041529134,inter
W2041532189,inter
W2041538370,inter
W2041551783,inter
W2041557238,inst
W2041565863,inter
W2041595672,inter
W2041597619,inter
W2041610068,inter
W2041625969,inter
W2041638326,inter
W2041649634,inter
W2041651059,inter
W2041660950,inter
W2041661824,inter
W2041674806,inst
W2041699422,uni
W2041702521,inter
W2041706543,inter
W2041706665,inter
W2041719651,inter
W2041734651,inter
W2041734689,inst
W2041746155,inter
W2041752389,inter
W2041754841,inter
W2041783719,inter
W2041787496,inter
W2041793974,inter
W2041794275,inter
W2041797552,inter
W2041806006,inter
W2041807478,inter
W2041814392,inter
W2041818238,inter
W2041823554,inst
W2041848124,inter
W2041849649,inter
W2041853321,inter
W2041857243,inst
W2041859767,inter
W2041861752,inter
W2041867773,inter
W2041877508,inter
W2041884179,inter
W2041884394,inter
W2041904910,inter
W2041907251,inter
W2041908271,inter
W2041922262,inter
W2041928013,inter
W2041928734,inter
W2041929039,inter
W2041930077,inter
W2041930612,inter
W2041941461,inter
W2041942115,uni
W2041942569,inter
W2041943081,inter
W2041945455,inst
W2041951938,inst
W2041976134,inter
W2042026294,inter
W2042037135,inter
W2042041679,inter
W2042052193,inst
W2042072109,inst
W2042072234,inter
W2042082001,inter
W2042085074,inter
W2042093031,inter
W2042105579,inter
W2042112681,inter
W2042116074,inter
W2042123940,inter
W2042129725,inter
W2042139550,inter
W2042141836,inter
W2042143333,inter
W2042153613,inter
W2042158592,inter
W2042163033,inter
W2042163658,inter
W2042168080,inter
W2042173174,inst
W2042173287,inter
W2042175004,inter
W2042182508,inter
W2042200418,inter
W2042228598,inter
W2042231515,inter
W2042243448,inst
W2042254001,inter
W2042271184,inter
W2042275390,inter
W2042281163,top tier
W2042293014,inter
W2042294011,inter
W2042296034,inter
W2042299587,inter
W2042322506,inter
W2042326572,inst
W2042329867,inter
W2042342673,inter
W2042346250,inter
W2042359424,inter
W2042364815,inter
W2042371243,inter
W2042385911,inter
W2042390283,inter
W2042396109,inter
W2042398689,inter
W2042401506,inter
W2042413152,inter
W2042437065,inter
W2042438686,inter
W2042450845,inter
W2042465463,inter
W2042469880,inter
W2042470756,inter
W2042471311,inter
W2042474962,inter
W2042475188,inst
W2042478655,inst
W2042498796,inter
W2042506462,inter
W2042511026,inter
W2042516079,inter
W2042516100,inter
W2042539274,inter
W2042544282,inter
W2042562561,inter
W2042568090,inter
W2042572511,inst
W2042583427,inter
W2042586895,inter
W2042620337,inter
W2042620520,inst
W2042624251,inter
W2042629708,inter
W2042629972,inter
W2042649619,inter
W2042661521,inter
W2042671641,inter
W2042691439,inter
W2042692551,inter
W2042695020,inter
W2042697932,inter
W2042699667,inter
W2042704421,inter
W2042704614,inter
W2042704941,inter
W2042705088,inter
W2042723520,inter
W2042766205,inter
W2042779161,uni
W2042796613,inter
W2042801853,inter
W2042804814,inst
W2042818381,inter
W2042819006,inter
W2042819075,inter
W2042820416,inter
W2042825220,inter
W2042830044,inter
W2042838878,inter
W2042848688,inter
W2042851003,inter
W2042855904,inst
W2042860487,inter
W2042863194,inter
W2042866575,inter
W2042883034,inter
W2042914607,inter
W2042927584,inter
W2042928587,inter
W2042966270,inst
W2042997824,inter
W2043003550,inter
W2043009412,inter
W2043029875,inst
W2043033468,inter
W2043051266,inter
W2043051613,inter
W2043077493,inter
W2043083428,inter
W2043083689,inter
W2043093536,inter
W2043095810,inter
W2043099794,inter
W2043100293,inter
W2043102839,inter
W2043116111,inter
W2043126582,inter
W2043128754,inter
W2043137938,inter
W2043151582,inter
W2043160061,inter
W2043173011,inter
W2043181951,inter
W2043189747,inter
W2043196319,inter
W2043198910,inter
W2043212464,inter
W2043215140,inst
W2043223282,inter
W2043235859,inst
W2043255416,inter
W2043275125,inter
W2043275593,inter
W2043289810,inter
W2043307825,inter
W2043317809,inter
W2043329319,uni
W2043329695,inter
W2043338992,inter
W2043348215,inter
W2043348589,inter
W2043351120,inter
W2043352445,inter
W2043355902,inter
W2043357888,inter
W2043377168,inter
W2043395275,inst
W2043406362,inst
W2043414726,inter
W2043420908,inter
W2043431622,inter
W2043448727,inter
W2043473479,inter
W2043474783,inter
W2043481183,inter
W2043500922,inter
W2043505579,uni
W2043566933,inter
W2043583897,inter
W2043601244,inter
W2043603923,inter
W2043608509,inst
W2043613230,inst
W2043618245,inter
W2043638247,inter
W2043646456,inter
W2043651654,inter
W2043686474,inter
W2043688877,inter
W2043715987,inter
W2043734794,uni
W2043738378,inter
W2043759134,inst
W2043766894,inter
W2043775053,inter
W2043785486,uni
W2043787647,inter
W2043787972,inter
W2043792182,inst
W2043794511,inter
W2043796649,inter
W2043798117,uni
W2043801189,inter
W2043814505,inter
W2043820502,inter
W2043834106,inter
W2043841067,inter
W2043844768,inter
W2043855224,inter
W2043857439,inter
W2043866096,inter
W2043883312,inter
W2043891929,inter
W2043896256,inter
W2043897450,inter
W2043897597,inter
W2043898379,inter
W2043908619,inter
W2043909302,inter
W2043926312,inter
W2043950313,inter
W2043955411,inst
W2043964487,inter
W2043994139,inter
W2043997231,inter
W2043999711,inter
W2044008067,inter
W2044024461,inter
W2044030465,inter
W2044054256,inter
W2044062724,inter
W2044070324,inter
W2044072771,inter
W204407452,inst
W2044074710,inst
W2044083491,inter
W2044087814,inter
W2044088589,inter
W2044098211,inter
W2044104836,inter
W2044125499,inter
W2044126388,inter
W2044139120,inter
W2044143761,inter
W2044157911,inst
W2044168427,inst
W2044176896,inter
W2044184083,inter
W2044186721,inter
W2044188769,inter
W2044210011,inter
W2044212944,inter
W2044225531,inter
W2044264617,inter
W2044267436,inter
W2044274986,inter
W2044297003,inter
W2044312046,inter
W2044315089,inter
W2044320538,inter
W2044321097,inter
W2044328614,inter
W2044330629,inter
W2044333308,inter
W2044336561,inter
W2044339997,inter
W2044357142,inter
W2044364233,inter
W2044371179,inter
W2044382913,inter
W2044393195,inter
W2044399721,inter
W2044407380,inter
W2044421213,inter
W2044439338,inter
W2044439964,inter
W2044442377,inter
W2044455677,inter
W2044463389,inst
W2044465660,inter
W2044481069,inter
W2044490126,inter
W2044490410,inst
W2044503966,inter
W2044509895,inter
W2044533870,inter
W2044535169,inter
W2044541206,inter
W2044576428,inst
W2044584503,inter
W2044585960,inter
W2044588572,inter
W2044602962,inter
W2044615237,inter
W2044636492,inter
W2044644217,inter
W2044651476,inter
W2044652646,inter
W2044660095,inter
W2044676403,inter
W2044677264,inter
W2044688039,inter
W2044690411,inter
W2044690837,inter
W2044696706,inter
W2044716062,inter
W2044720526,inst
W2044723126,inter
W2044727673,inter
W2044733972,inter
W2044744030,inter
W2044757078,inter
W2044757858,inter
W2044758663,top tier
W2044762251,inter
W2044774602,inter
W2044776246,inter
W2044783464,inst
W2044798275,inter
W2044798647,inter
W2044820295,uni
W2044821331,inter
W2044826669,inter
W2044834685,inter
W2044837223,inter
W2044855102,inter
W2044862799,inter
W2044876562,inst
W2044885737,inter
W2044890344,inter
W2044893557,inter
W2044899790,inter
W2044905083,inter
W2044907425,inter
W2044909121,inter
W2044921145,inter
W2044927329,inter
W2044943300,inst
W2044954921,inter
W2044959424,inter
W2044966609,inter
W2044976485,inter
W2044987604,inter
W2044990068,inter
W2044996836,inst
W2044997172,inter
W2045014265,inst
W2045020991,inter
W2045021315,inter
W2045028348,inter
W2045032506,inter
W2045064676,inter
W2045064738,inter
W2045067706,inter
W2045073555,inter
W2045100674,inter
W2045113743,inter
W2045119264,inter
W2045142493,inter
W2045144252,inter
W2045150863,inter
W2045151223,inter
W2045197143,inter
W2045200915,inter
W2045221772,inter
W2045231468,inter
W2045232274,inter
W2045235113,inter
W2045249382,inter
W2045254715,inter
W2045258043,inter
W2045261404,inter
W2045263759,inter
W2045279300,inter
W2045286529,inter
W2045287414,inst
W2045289624,inter
W2045289869,inter
W2045299099,inter
W2045323111,inst
W2045362262,inter
W2045371209,inter
W2045371716,inter
W2045389153,inter
W2045390367,inter
W2045420440,inter
W2045433344,inter
W2045434389,inst
W2045441576,inter
W2045468518,inter
W2045471590,inter
W2045500745,inter
W2045501270,inter
W2045506295,inter
W2045512849,inter
W2045530696,inter
W2045535947,inter
W2045544997,inter
W2045551057,inter
W2045597647,inter
W2045607566,inter
W2045607701,inter
W2045608495,inter
W2045619012,inter
W2045630807,inter
W2045635967,inter
W2045637843,inter
W2045639850,inter
W2045643188,uni
W2045658493,inter
W2045721916,inter
W2045749742,inter
W2045765121,inter
W2045814518,inter
W2045824418,inter
W2045826343,inter
W2045828497,inter
W2045830169,inter
W2045836768,inter
W2045864309,inter
W2045868221,inter
W2045870530,inter
W2045880951,inter
W2045898066,inst
W2045906617,inter
W2045907009,inter
W2045920776,inter
W2045922016,inter
W2045938006,inter
W2045942810,inter
W2045950542,inter
W2045951903,inter
W2045954382,inter
W2045965198,inst
W2045981991,inter
W2045986300,inst
W2045989288,inter
W2045998430,inst
W2046001440,inter
W2046013126,uni
W2046018815,inst
W2046037068,inter
W2046042921,inter
W2046047905,inter
W2046058489,inter
W2046061924,uni
W2046079722,inter
W2046104015,inter
W2046112356,inter
W2046119925,inter
W2046121812,inter
W2046125044,inter
W2046135376,inter
W2046138726,inter
W2046158380,inter
W2046160677,inter
W2046161300,inst
W2046162917,inter
W2046180645,inter
W2046184216,inter
W2046185165,inter
W2046204483,inter
W2046206584,inter
W2046224179,inter
W2046235404,inter
W2046242300,inter
W2046245205,top tier
W2046250296,inter
W2046273783,inter
W2046274577,inter
W2046308177,inter
W2046310855,inter
W2046332585,inter
W2046336997,inst
W2046346171,inst
W2046351222,inter
W2046359272,uni
W2046368543,inter
W2046372571,inter
W2046376809,inter
W2046381430,inter
W2046382188,inter
W2046382938,inter
W2046385669,inter
W2046387193,inst
W2046398449,inter
W2046402393,inter
W2046405103,inter
W2046415427,inter
W2046433682,inter
W2046434485,inst
W2046438299,inter
W2046476641,uni
W2046479166,inter
W2046499928,inter
W2046509566,inter
W2046510904,inst
W2046511959,inst
W2046515084,inter
W2046527336,inter
W2046544107,inter
W2046550746,inter
W2046553185,inter
W2046558057,inter
W2046564413,inter
W2046589280,inter
W2046605360,inst
W2046608052,inter
W2046608410,inter
W2046612645,uni
W2046622279,inter
W2046640879,inter
W2046645513,inter
W2046653925,inter
W2046656534,inter
W2046658845,inst
W2046665279,inter
W2046666101,inter
W2046670074,inst
W2046678738,inter
W2046681554,inter
W2046686077,inter
W2046698975,inter
W2046706749,inter
W2046712819,uni
W2046720219,inter
W2046738003,inter
W2046746220,uni
W2046747250,inter
W2046747811,inst
W2046758730,inter
W2046761109,inter
W2046762508,inter
W2046767239,inter
W2046791564,inst
W2046800815,inter
W2046829180,inter
W2046831297,inter
W2046832950,inter
W2046852638,inter
W2046855287,inter
W2046857928,inter
W2046858085,inter
W2046883244,inter
W2046884278,inter
W2046891749,inter
W2046892808,inter
W2046901292,inst
W2046918439,inter
W2046924142,inter
W2046940421,inter
W2046945904,uni
W2046953300,inter
W2046980951,inter
W2047003090,inst
W2047046780,inter
W2047051695,inter
W2047057920,inter
W2047066090,inter
W2047069990,inter
W2047073288,inter
W2047076586,inter
W2047083855,inter
W2047089385,inter
W2047095174,inst
W2047096655,inter
W2047098820,inter
W2047127353,inter
W2047130371,inter
W2047139147,inter
W2047142101,inter
W2047149386,inter
W2047168584,inter
W2047202410,inter
W2047202798,inter
W2047215160,inter
W204721996,inter
W2047221353,inter
W2047226489,uni
W2047237187,inter
W2047238167,inst
W2047275812,inst
W2047281828,inter
W2047285083,inter
W2047309428,inter
W2047335155,uni
W2047339217,inter
W2047350783,inter
W2047361407,inter
W2047366377,inter
W2047367145,inter
W2047468258,inter
W2047482637,inter
W2047483579,inter
W2047488583,inter
W2047506587,inter
W2047555270,inter
W2047559554,inst
W2047565057,inter
W2047565920,inter
W2047568295,inter
W2047575506,uni
W2047602209,inter
W2047606184,inter
W2047629978,inter
W2047643928,inst
W2047652043,inter
W2047652230,inter
W2047666654,inter
W2047671678,inter
W2047682254,inter
W2047686393,inter
W2047714188,inter
W2047714674,inter
W2047716543,inter
W2047729040,inter
W2047750060,inter
W2047752105,inst
W2047754912,inter
W2047764386,inter
W2047770478,inter
W2047775326,inter
W2047777323,inter
W2047779613,inter
W2047792217,inter
W2047797878,inter
W2047811252,inter
W2047814385,inter
W2047817930,inter
W2047823247,uni
W2047826381,inst
W2047827868,inter
W2047838177,inter
W2047844134,inter
W2047847480,inter
W2047852075,inter
W2047875689,inter
W2047886119,inter
W2047886533,inter
W2047922858,inter
W2047927510,inter
W2047963742,inter
W2047967498,inter
W2047977783,inter
W2047979611,inter
W2047984214,inter
W2047997189,inter
W2048001624,inter
W2048011346,inter
W2048019727,inter
W2048026137,inter
W2048034311,inter
W2048038821,inter
W2048087366,inter
W2048088996,inter
W2048089273,inter
W2048100122,inter
W2048100126,inter
W2048117297,inter
W2048144284,inter
W2048148138,inter
W2048156496,inter
W2048166077,inter
W2048174296,inst
W2048175126,inter
W2048183727,inter
W2048195846,inter
W2048224849,inter
W2048230185,inter
W2048235391,inst
W2048239603,inter
W2048246528,inter
W2048266589,inter
W2048280459,inter
W2048281837,inter
W2048298626,inter
W2048299340,inter
W2048305195,inst
W2048306705,uni
W2048307154,inter
W2048309930,inst
W2048311571,inter
W2048312361,inter
W2048319164,inter
W2048331087,inter
W2048336909,inst
W2048343491,inst
W2048360198,inter
W2048361500,inter
W2048375806,inter
W2048402311,inter
W2048408397,inter
W2048414766,inter
W2048417297,inter
W2048424596,inter
W2048425530,inter
W2048438788,inter
W2048439744,inter
W2048441570,inter
W2048446821,inst
W2048447277,inter
W2048448713,uni
W2048459384,inter
W2048480868,inter
W2048483552,inst
W2048485533,inter
W2048491355,inter
W2048494504,inter
W2048495165,inter
W2048501375,inter
W2048502195,uni
W2048509074,inst
W2048509298,inter
W2048513282,inter
W2048513318,inst
W2048519518,inter
W2048530913,inter
W2048536148,inst
W2048540241,inst
W2048580947,inter
W2048586347,inst
W2048593433,inst
W2048612759,inter
W2048641947,inter
W2048680711,inter
W2048683891,inst
W2048687561,inter
W2048693830,inst
W2048697945,inter
W2048700868,inter
W2048710937,inter
W2048712324,inter
W2048733335,inst
W2048742617,inter
W2048749603,inst
W2048753011,inter
W2048759521,inter
W2048764319,inst
W2048792573,inter
W2048796971,inter
W2048807460,inter
W2048822509,inter
W2048831742,inter
W2048831762,inst
W2048835603,inter
W2048835958,inter
W2048836644,inter
W2048838869,inter
W2048841336,inter
W2048842918,inter
W2048857329,inter
W2048887513,inter
W2048901319,inter
W2048906221,uni
W2048918663,inter
W2048921113,inter
W2048922871,inter
W2048929541,inter
W2048932243,inter
W2048971142,inter
W2048978010,inst
W2049001041,inter
W2049003749,inter
W2049004244,inter
W2049014136,inter
W2049015219,inter
W2049020183,inter
W2049029825,inter
W2049045185,inter
W2049046803,inter
W2049053970,inst
W2049087431,inter
W2049092359,inter
W2049101802,inter
W2049105156,inter
W2049105599,inter
W2049117255,inter
W2049124404,inter
W2049126137,inter
W2049136377,inter
W2049157754,inst
W2049160854,inst
W2049170719,inter
W2049205525,inter
W2049206926,uni
W2049209818,inter
W2049217063,inter
W2049218712,uni
W2049220845,inter
W2049229728,inst
W2049231620,inter
W2049237558,inst
W2049247044,inter
W2049250604,inter
W2049264494,inter
W2049282057,inter
W2049289162,inter
W2049296440,inter
W2049301512,inter
W2049318069,inter
W2049329129,inter
W2049334592,inter
W2049337170,inst
W2049338324,inter
W2049342693,inter
W2049348317,inter
W2049352524,inter
W2049357384,inter
W2049362364,inter
W2049398556,inter
W2049402458,inter
W2049409222,inter
W2049461910,inter
W2049466097,inter
W2049478234,inter
W2049487843,inter
W2049488676,inter
W2049491883,inter
W2049494160,inter
W2049497167,inter
W2049512840,inst
W2049517852,inst
W2049540025,inst
W2049554337,inter
W2049555395,inst
W2049562124,inter
W2049563454,inter
W2049564405,inst
W2049575707,inter
W2049616526,inter
W2049620183,inter
W2049620949,inter
W2049644877,inter
W2049653957,inter
W2049655642,inter
W2049663171,inter
W2049663556,inst
W2049671191,inter
W2049677900,inter
W2049678993,inter
W2049683461,inter
W2049689333,inter
W2049694710,inter
W2049695835,inst
W2049699190,inter
W2049700976,inter
W2049723137,inter
W2049736842,inter
W2049740218,inter
W2049741510,inter
W2049742719,inter
W2049742738,inter
W2049754879,inter
W2049795383,inter
W2049797265,inst
W2049815112,uni
W2049823073,inst
W2049839589,uni
W2049846587,inter
W2049847986,inter
W2049862231,inter
W2049868887,inter
W2049871086,inter
W2049871268,inter
W2049873227,inter
W2049879885,inter
W2049882758,inter
W2049892779,inter
W2049903075,inter
W2049905965,inter
W2049909561,inst
W2049915733,inter
W2049920158,inst
W2049936795,inter
W2049947172,inter
W2049952821,inst
W2049978846,uni
W2049981296,inter
W2050007617,inter
W2050020552,uni
W2050038257,inter
W2050055413,inter
W2050059900,inst
W2050074872,inter
W2050077825,inst
W2050098964,inter
W205010004,inter
W2050114396,inst
W2050132334,inter
W2050146474,inter
W2050150370,inter
W2050151514,inter
W2050159152,inter
W2050174267,inter
W2050174593,inter
W2050175741,inter
W2050181703,inter
W2050192005,inter
W2050197626,inter
W2050200658,uni
W2050208221,inter
W2050221026,inter
W2050231893,inter
W2050242331,inter
W2050249295,inter
W2050259610,inter
W2050262497,inst
W2050265055,inst
W2050274651,inter
W2050283228,inter
W2050288270,inst
W2050310225,inter
W2050334794,inst
W2050339703,inter
W2050341350,inter
W2050346900,uni
W2050373956,inter
W2050374329,uni
W2050374906,inter
W2050398032,inst
W2050398567,inst
W2050399271,inter
W2050411038,inter
W2050418754,inst
W2050428393,inter
W2050440915,inter
W2050451306,inter
W2050456292,inter
W2050457975,inter
W2050461952,inter
W2050462717,inter
W2050464527,inter
W2050469140,inter
W2050470336,inst
W2050480304,inter
W2050480977,inst
W2050493487,inter
W2050500034,inter
W2050501239,inst
W2050509402,inter
W2050522162,inter
W2050525049,inter
W2050538649,inst
W2050557669,inter
W2050571058,inter
W2050580360,inter
W2050589308,inter
W2050592694,inter
W2050592754,uni
W2050596847,uni
W2050603370,inter
W2050607405,inter
W2050616618,inter
W2050638776,inter
W2050650522,inter
W2050658878,inter
W2050665093,inter
W2050680138,inter
W2050683917,inter
W2050703079,inter
W2050709829,inter
W2050711351,inter
W2050726069,inter
W2050727066,inter
W2050727098,inter
W2050727506,inter
W2050732885,inter
W2050734320,inter
W2050734728,uni
W2050746438,inter
W2050757323,inter
W2050762665,inter
W2050770647,inter
W2050789397,inter
W2050797725,inter
W2050809130,inter
W2050829920,inter
W2050850754,inter
W2050851243,inter
W2050851932,inter
W2050852806,inter
W2050861691,inter
W2050873083,inter
W2050880896,inst
W2050882854,inter
W2050883594,inter
W2050884984,inter
W2050892063,inter
W2050893918,inst
W2050898124,inst
W2050928048,inter
W205093244,inter
W2050958850,inter
W2050959344,inter
W2050966201,inter
W2050968492,inter
W2050984980,inter
W2050986127,uni
W2050987841,inter
W2050991548,inter
W2050993953,inter
W2050994466,inter
W2051011315,inter
W2051020795,inter
W2051022833,inter
W2051031100,inter
W2051036654,inter
W2051053273,inter
W2051062686,inter
W2051068712,inter
W2051075445,inter
W2051076175,inter
W2051088039,inter
W2051093574,inter
W2051096380,inter
W2051114282,inter
W2051142527,inter
W2051147002,inter
W2051158076,inter
W2051168360,inter
W2051172423,inter
W2051180781,inter
W2051208899,uni
W2051220667,inter
W2051224630,inter
W2051234298,inter
W2051238374,inter
W2051256134,inter
W2051256362,inter
W2051289469,inter
W2051291469,inter
W2051292744,inter
W2051297009,inter
W2051303269,inter
W2051304374,inter
W2051312182,inter
W2051327907,inter
W2051353682,inst
W2051356156,inst
W2051362961,inter
W2051364765,inter
W2051374949,inter
W2051376093,inter
W2051385500,inter
W2051387156,inter
W2051394361,inter
W2051396567,inter
W2051400155,uni
W2051403847,inter
W2051410107,inter
W2051412419,inter
W2051428568,inter
W2051458493,inter
W2051464688,inter
W2051471495,inter
W2051507206,inter
W2051511420,inter
W2051513176,inter
W2051529985,uni
W2051540257,inter
W2051540411,inter
W2051540792,inter
W2051544187,inter
W2051573271,inter
W2051585088,inter
W2051596736,inter
W2051615657,inter
W2051619378,inter
W2051640321,inter
W2051644464,inst
W2051666324,inter
W2051669046,inter
W2051673670,inter
W2051676197,inter
W2051678926,inter
W2051695281,inter
W2051724490,inst
W2051725086,inter
W2051728965,inter
W2051730258,inter
W2051730763,uni
W2051750889,inter
W2051785688,inter
W2051789091,inter
W2051795001,inst
W2051798585,inter
W2051803526,inter
W2051812123,inter
W2051819696,inter
W2051821221,inter
W2051824733,inter
W2051828690,inter
W2051833651,inter
W2051834075,inter
W2051834357,inter
W2051856046,inter
W2051858429,inter
W2051888394,inter
W2051906496,uni
W2051910176,inter
W2051911829,inter
W2051926468,inter
W2051928380,uni
W2051934675,inter
W2051941349,inter
W2051943681,inter
W2051950935,inter
W2051967127,inter
W2052003572,inter
W2052025268,inter
W2052028938,inter
W2052030759,inter
W2052041893,inter
W2052045583,inter
W2052050157,inter
W2052058759,inter
W2052061439,inter
W2052063212,inter
W2052063827,inter
W2052073656,inter
W2052080614,inter
W2052087587,inter
W2052107565,inter
W2052113609,inter
W2052115808,inter
W2052154033,uni
W2052172035,inter
W2052184388,inst
W2052188750,inter
W2052195912,inter
W2052196304,inter
W2052199078,inter
W2052206449,inst
W2052214166,inter
W2052226480,inter
W2052231622,inter
W2052237150,inter
W2052242832,inter
W2052275102,inter
W2052287125,inter
W2052292412,inter
W2052296870,inter
W2052301383,inter
W2052303830,inter
W2052314111,inter
W2052314876,inter
W2052326664,inter
W2052344514,inter
W2052345845,inter
W2052348622,inter
W2052349001,inter
W2052354855,inter
W2052361334,inter
W2052362240,inter
W2052363833,inter
W2052383681,inter
W2052385077,inter
W2052397198,inter
W2052435632,inter
W2052440657,inter
W2052442401,inter
W2052445260,inter
W2052452467,inter
W2052452567,inter
W2052454544,inter
W2052457411,inst
W2052474274,uni
W2052488347,inter
W2052516677,inter
W2052519649,inter
W2052519846,inter
W2052528960,inter
W2052531332,inter
W2052531814,inter
W2052535078,inter
W2052539764,inter
W2052546149,inter
W2052549182,inter
W2052568683,inter
W2052582959,inter
W2052594688,inter
W2052601433,inter
W2052608046,inst
W2052611587,inter
W2052625849,inter
W2052629206,uni
W2052642068,inter
W2052644075,top tier
W2052648997,inter
W2052655958,inter
W2052657561,inter
W2052669679,inter
W2052672253,inst
W2052678124,inter
W2052701770,inter
W2052725240,uni
W2052725862,inst
W2052730000,inter
W2052740720,inter
W2052744350,inter
W2052757794,inter
W2052773451,inter
W2052779912,inter
W2052809699,inter
W2052810429,inter
W2052817138,inter
W2052818547,inter
W2052819035,inst
W2052843220,inter
W2052854541,inter
W2052876846,inter
W2052882295,inter
W2052891002,inst
W2052913890,inter
W2052927612,inter
W2052950171,inst
W2052961572,uni
W2052964302,inter
W2052971870,inter
W2052982904,inter
W2052993129,inter
W2052995478,uni
W2052995532,inter
W2053003592,uni
W2053005439,inter
W2053020126,inter
W2053029502,inter
W2053036794,inter
W2053037153,inter
W2053050028,inter
W2053058343,inter
W2053059655,inter
W2053062869,inter
W2053080759,inter
W2053088360,inter
W2053101733,inter
W2053101950,inst
W2053112282,inter
W2053113684,inter
W2053114532,inter
W2053125118,inter
W2053134894,inter
W2053142133,inst
W2053150383,inter
W2053157787,inter
W2053166340,inter
W2053186076,top tier
W2053189389,inter
W2053189442,inter
W2053191399,inter
W2053198071,inter
W2053207433,inter
W2053216019,inter
W2053219667,inst
W2053229256,inter
W2053239355,inter
W2053241624,inter
W2053245975,inter
W2053250078,inter
W2053263826,inter
W2053270331,inst
W2053278199,inter
W2053279483,inter
W2053280330,inst
W2053297268,inter
W2053306114,inter
W2053306835,inter
W2053316647,inter
W2053322049,inter
W2053343155,inter
W2053364943,uni
W2053374874,inter
W2053376043,inter
W2053377618,inter
W2053383628,inter
W2053393747,inter
W2053397976,inter
W2053405421,inst
W2053405985,inter
W2053410046,inst
W2053412425,inter
W2053426533,inter
W2053432263,inter
W2053437444,inter
W2053441629,inter
W2053455138,inter
W2053467310,inter
W2053514113,inter
W2053515383,inter
W2053539432,inter
W2053539732,inter
W2053564565,inter
W2053572944,inter
W2053576395,inter
W2053592470,inter
W2053602622,inter
W2053602637,uni
W2053611776,inter
W2053627315,inter
W2053630555,inter
W2053637704,inter
W2053643082,inter
W2053652664,inter
W2053659368,inter
W2053665131,inter
W2053666868,inter
W2053677366,inter
W2053679184,inter
W2053684693,inter
W2053690968,inst
W205369117,inter
W2053691921,inter
W2053695046,inter
W2053707880,inter
W2053710267,uni
W2053711189,inter
W2053718196,inter
W2053741859,inter
W2053761023,uni
W2053762059,inter
W2053774107,inter
W2053803547,inter
W2053807426,inter
W2053812734,inst
W2053838301,inst
W2053841470,inter
W2053845820,inter
W2053865013,inter
W2053869601,inter
W2053874495,inter
W2053878916,inter
W2053879559,inter
W2053880361,inter
W2053892329,inter
W2053897890,inter
W2053913299,top tier
W2053939286,inter
W2053946370,inter
W2053948454,inter
W2053956444,uni
W2053956682,inter
W2053974150,inter
W2053978506,inter
W2053981384,inter
W2053993705,inter
W2053999146,inter
W2054020579,inter
W2054028559,inter
W2054029612,inter
W2054035842,inter
W2054070842,inter
W2054077254,inter
W2054079656,inter
W2054084985,inst
W2054090515,inter
W2054102657,inter
W2054103873,inter
W2054118245,inter
W2054126054,inter
W2054136576,inter
W2054148437,inter
W2054149491,inter
W2054151502,inter
W2054168378,inter
W2054179489,inter
W2054181184,inter
W2054186601,inst
W2054188650,inter
W2054188927,inter
W2054198001,inter
W2054210450,uni
W2054215488,inter
W2054230126,inter
W2054237513,inter
W2054247041,inter
W2054252059,inter
W2054272447,inter
W2054277229,inter
W2054278691,inter
W2054291955,inter
W2054295634,inter
W2054299141,inter
W2054301612,inter
W2054314873,inter
W2054316010,inter
W2054319037,inter
W2054326990,inter
W2054337874,inter
W2054346158,inter
W2054348757,inter
W2054374813,inter
W2054389106,inter
W2054390548,inter
W2054394841,inter
W2054429209,inter
W2054447881,inter
W2054456002,inter
W2054457984,inter
W2054468547,inst
W2054473470,inter
W2054473533,inter
W2054475422,inter
W2054480343,inter
W2054482077,inter
W2054489417,inter
W2054493751,inst
W2054506822,uni
W2054510667,inter
W2054554150,inter
W2054558810,inter
W2054564038,inter
W2054584570,inst
W2054607175,uni
W2054627667,inter
W2054628189,inst
W2054629523,inter
W2054629881,inter
W2054634132,inter
W2054644501,inter
W2054646265,inter
W2054662738,inter
W2054665888,inst
W2054677627,inter
W2054682154,inter
W2054698853,inter
W2054699435,inter
W2054714125,inter
W2054730889,inter
W2054754893,inter
W2054764480,inter
W2054776590,inter
W2054790823,inter
W2054793991,inter
W2054796881,inter
W2054802527,inter
W2054804336,inter
W2054814753,uni
W2054816176,uni
W2054821093,uni
W2054856347,inter
W2054865933,inter
W2054873321,inst
W2054875439,inter
W2054875751,inter
W2054876181,inter
W2054882906,inter
W2054888947,inst
W2054888992,inter
W2054889114,inter
W2054891869,inst
W2054899657,inter
W2054899689,inter
W2054900978,inter
W2054909252,inter
W2054931730,inter
W2054935686,inter
W2054953618,inter
W2054956151,inter
W2054961017,inter
W2054963334,inter
W2054969886,inter
W2054971774,inter
W2054991605,inter
W2054997715,inter
W2055009577,inter
W2055019958,inter
W2055021408,inst
W2055021661,inst
W2055023194,inter
W2055029225,inter
W2055039158,uni
W2055060019,inst
W2055063659,inter
W2055067394,inst
W2055070986,inter
W2055077314,inter
W2055083041,inst
W2055100052,inter
W2055117416,inst
W2055120708,inter
W2055121998,inter
W2055129258,uni
W2055129990,inst
W2055140257,inst
W2055143788,inter
W2055147198,inter
W2055151562,inter
W2055162845,uni
W2055181000,inter
W2055190003,inst
W2055210327,inter
W2055211774,inter
W2055222604,inter
W2055244635,uni
W2055245094,inter
W2055252587,inter
W2055267244,inter
W2055267977,inter
W2055269795,inter
W2055282715,inter
W2055289164,inter
W2055289292,inst
W205529322,inter
W2055325291,inter
W2055350293,inter
W2055350558,inter
W2055356737,inter
W2055373329,inter
W2055393147,inter
W2055400143,inter
W2055410316,inter
W2055411299,inter
W2055423828,inter
W2055429678,inter
W2055430302,inter
W2055434856,inter
W2055453545,inter
W2055486741,inter
W2055494025,inter
W2055494836,inter
W2055498524,inter
W2055499237,uni
W2055508368,inter
W2055511225,inter
W2055522016,inst
W2055524958,inter
W2055535042,inter
W2055555176,inter
W2055566907,inter
W2055573977,inter
W2055576996,inter
W2055578641,inter
W2055597712,inter
W2055601870,inter
W2055604206,inter
W2055610345,inter
W2055611119,inter
W2055625952,inter
W2055631528,inter
W2055633962,inter
W2055641305,inter
W2055683887,inst
W2055686029,inst
W2055694118,inter
W2055699824,inter
W2055708343,inst
W2055727581,inter
W2055745794,inter
W2055751542,inter
W2055757595,inter
W2055768308,inter
W2055772055,inter
W2055773827,inter
W2055786043,inst
W2055794105,inter
W2055795257,inter
W2055803301,inter
W2055820547,inter
W2055843054,inter
W2055865901,inter
W2055868719,inter
W2055876860,inter
W2055901138,inter
W2055906546,inter
W2055926425,inter
W2055935317,inst
W2055944338,inter
W2055945485,uni
W2055951450,inter
W2055956758,inter
W2055959170,inter
W2055966405,uni
W2055971808,inter
W2055975932,inter
W2055979507,inter
W2055982381,inst
W2055987340,inter
W2056003151,inter
W2056006039,inter
W2056024012,inst
W2056025798,inter
W2056035103,inter
W2056035813,inter
W2056037023,inter
W2056045513,inter
W2056049081,inter
W2056074035,inter
W2056102643,inter
W2056104165,inter
W2056132907,top tier
W2056133372,inter
W2056147670,inter
W2056167745,inter
W2056179306,inst
W2056186404,inter
W2056190976,inter
W2056192250,inter
W2056202404,inter
W2056206083,inter
W2056208131,inter
W2056211671,inter
W2056217570,inter
W2056226026,inter
W2056226393,inter
W2056226765,inter
W2056270666,inter
W2056282082,uni
W2056300881,inter
W2056304107,inter
W2056311233,inter
W2056315951,inter
W2056316906,inter
W2056321881,inter
W2056325176,inter
W2056346379,inter
W2056347616,inter
W2056352038,inter
W2056360113,inter
W2056387739,inter
W2056399835,inter
W2056403249,inter
W2056411878,inter
W2056413992,inter
W2056415038,inst
W2056422961,inter
W2056446600,inter
W2056447331,inter
W2056450656,inst
W2056451059,inter
W2056471870,inter
W2056477044,inter
W2056479687,inter
W2056489048,inter
W2056509440,inter
W2056513433,inter
W2056518953,inter
W2056534781,inter
W2056549821,inst
W2056563033,inter
W2056575763,inter
W2056579843,inter
W2056591916,inter
W2056598261,inter
W2056606531,inter
W2056608732,inter
W2056616673,inter
W2056640105,inter
W2056640446,inter
W2056645965,inter
W2056652601,uni
W2056660396,inter
W2056665251,inter
W2056671893,inter
W2056674061,inter
W2056678683,inter
W2056680352,inter
W2056685866,inter
W2056688269,inter
W2056717899,inter
W2056730861,inter
W2056778557,inter
W2056786075,inst
W2056802428,inter
W2056803383,inter
W2056808197,inter
W2056820901,inter
W2056824329,inter
W2056825598,inter
W2056827961,inter
W2056841929,inter
W2056843377,inter
W2056848539,inter
W2056859949,inter
W2056862375,inter
W2056872636,inter
W2056875661,inter
W2056886763,inter
W2056893888,inter
W2056895734,inst
W2056895951,inter
W2056901498,inter
W2056915456,inter
W2056924749,inter
W2056929468,inst
W2056931571,inter
W2056932183,inter
W20569399,inter
W2056946916,inter
W2056948101,inter
W2056953288,inter
W2056959789,inter
W2056973256,inter
W2056974003,inter
W2056979696,inter
W2056982008,inter
W2056983531,inter
W2056988391,inter
W2056991815,inter
W2057052228,inter
W2057056257,inter
W2057066322,inter
W2057069496,inter
W2057077427,inter
W2057079516,inter
W2057106671,inter
W2057118408,inter
W2057132166,inter
W2057141851,uni
W2057142053,inter
W2057175746,inst
W2057194215,inter
W2057215055,inter
W2057224469,inter
W2057239927,inter
W2057250631,inter
W2057256380,inter
W2057266281,inst
W2057277679,inter
W2057282890,inter
W2057285138,inter
W2057294899,inst
W2057298996,uni
W205731033,inter
W2057320839,inst
W2057327284,inst
W2057334759,inter
W2057342157,inter
W2057354418,inter
W2057358583,inter
W2057358937,inter
W2057359548,inter
W2057360782,inter
W2057361103,inter
W2057366393,inter
W2057387066,inter
W2057389126,inter
W2057403330,inter
W2057412674,inst
W2057414975,inst
W2057443918,inter
W2057446684,inter
W2057455870,inst
W2057458661,inter
W2057462363,inter
W2057463591,inter
W2057488855,inter
W2057499804,inter
W2057505374,uni
W2057509048,inter
W2057519640,inter
W2057520401,inter
W2057522376,inter
W2057529293,inter
W2057538694,inter
W2057543109,inter
W2057556050,inter
W2057568625,inter
W2057568664,inter
W2057585321,inter
W2057591731,inter
W2057592151,inter
W2057615954,inter
W2057619148,inter
W2057635677,inter
W2057636642,inst
W2057656719,inter
W2057670526,inter
W2057673402,inter
W2057682788,inter
W2057692938,inter
W2057694691,inter
W2057706156,inter
W2057755039,inter
W2057762738,inter
W2057769218,uni
W2057772584,uni
W2057781267,inter
W2057794837,inter
W2057795057,inter
W2057812532,inter
W2057835669,inter
W2057837530,inter
W2057839967,inter
W2057841013,uni
W2057842555,inter
W2057843461,inter
W2057853461,inter
W2057859068,inst
W2057864643,inter
W2057867492,inter
W2057876980,inter
W2057877490,inter
W2057879211,inter
W2057882206,inter
W2057892989,inter
W2057900969,inter
W2057903485,inter
W2057910715,inst
W2057911371,inter
W2057923756,inter
W2057926538,inter
W2057929897,inter
W2057930812,inter
W2057974719,inter
W2057976248,inter
W2057980469,uni
W2057981078,inter
W2057981263,inter
W2057985195,inter
W2057989089,inter
W2057990760,inter
W2058008517,inter
W2058019014,inter
W2058033977,inter
W2058049456,inter
W2058049637,inter
W2058068872,inter
W2058090535,inter
W2058093611,inter
W2058098602,inst
W2058128874,inter
W2058135584,inter
W2058137029,inter
W2058137820,inter
W2058141320,inst
W2058170806,inter
W2058184024,inter
W2058187809,inter
W2058188662,inter
W2058192020,inter
W2058202077,inter
W2058213144,inter
W2058220245,inter
W2058232500,inter
W2058237701,uni
W2058242592,inter
W2058256495,inter
W2058261342,inter
W2058262882,inter
W2058263118,inter
W2058274266,inter
W2058280638,inter
W2058292609,inter
W2058300759,inter
W2058311929,inter
W2058322021,inter
W2058325934,inter
W2058328059,inter
W2058333183,inter
W2058341188,inter
W2058341526,inter
W2058343378,inter
W2058350485,inter
W2058367787,inter
W2058368768,inter
W2058383929,inter
W2058388410,inst
W2058389820,inter
W2058393311,inter
W2058398845,inter
W2058401212,inter
W2058412233,inst
W2058415666,inter
W2058429997,inst
W2058431596,uni
W2058440010,inter
W2058449564,inter
W2058456030,inst
W2058465495,inter
W2058465743,inter
W2058466816,inter
W2058488627,inter
W2058493957,uni
W2058500349,inter
W2058502470,inter
W2058503729,inter
W2058506383,inter
W2058511155,inter
W2058537326,inter
W2058546698,inter
W2058555041,inter
W2058558406,inter
W2058580716,inter
W2058586810,inter
W2058590322,inter
W2058598053,inter
W2058602358,inter
W2058604025,inter
W2058614056,inter
W2058618078,inter
W2058623902,inter
W2058626379,inter
W2058636918,inter
W2058641082,inter
W2058650716,inter
W2058652394,inter
W2058686370,inter
W2058690191,inter
W2058696262,inter
W2058698962,inter
W2058719583,inter
W2058727518,inter
W2058732827,inter
W2058737869,inter
W2058748527,inter
W2058750243,inter
W2058772681,inter
W2058776256,inter
W2058783983,inter
W2058788512,inter
W2058793804,inter
W2058797440,inter
W2058797962,inter
W2058798167,inter
W2058804598,inter
W2058805317,inter
W2058816055,inter
W2058826126,inter
W2058871925,inter
W2058872780,inter
W2058878000,inter
W2058882693,inter
W2058885431,uni
W2058885761,inter
W2058899067,inter
W2058905172,inter
W2058922219,inter
W2058922511,inter
W2058929792,inst
W2058931886,inst
W2058942669,inter
W2058946587,inter
W2058956091,inter
W2058956791,inter
W2058965736,inter
W2058971987,inter
W2058983224,uni
W2059026962,inter
W2059045901,inter
W2059057465,inter
W2059067170,inter
W2059073983,inter
W2059075712,inter
W2059083100,inter
W2059096325,inter
W2059108078,inter
W2059115408,inter
W2059120410,inst
W2059124315,inter
W2059139185,inter
W2059144111,inter
W2059146732,inter
W2059164920,inst
W2059166063,inter
W2059171288,inter
W2059176986,inter
W2059178894,inter
W2059180774,inter
W2059183559,inter
W2059184027,inter
W2059189549,inter
W2059195924,inst
W2059208183,inter
W2059212462,inter
W2059229514,inter
W2059233598,inter
W2059238508,inter
W2059241039,inter
W2059257850,inter
W2059274030,inter
W2059286372,inter
W2059301531,inter
W2059307293,inter
W2059308777,inter
W2059322583,inter
W2059341259,inter
W2059341873,inter
W2059351405,inter
W2059382088,inter
W2059383484,inst
W2059397801,inter
W2059401572,inter
W2059413530,inter
W2059414000,inter
W2059423883,inter
W2059424674,inter
W2059431371,inter
W2059432181,inter
W2059432853,inter
W2059442002,inter
W2059442634,inter
W2059447685,inter
W2059450064,inst
W2059459170,uni
W2059471034,inter
W2059482697,inter
W2059490595,inter
W2059492941,inter
W2059515561,inter
W2059521912,uni
W2059529849,inter
W2059563642,inter
W2059574859,inter
W2059575218,inter
W2059586622,inter
W2059612594,inter
W2059621286,inter
W2059624237,inter
W2059630632,inter
W2059630705,inter
W2059652044,inter
W2059696856,inter
W2059702531,inter
W2059713851,inter
W2059726507,inter
W2059739152,inst
W2059742055,inter
W2059746437,inst
W2059754814,inter
W2059762939,inter
W2059776418,inter
W2059778803,uni
W2059782748,inter
W2059785172,uni
W2059793602,inter
W2059797647,inter
W2059797972,inter
W2059813129,inter
W2059827525,inter
W2059863293,inter
W2059864723,inter
W2059881698,inter
W2059885812,inter
W2059886402,inter
W2059897574,inter
W2059899216,inter
W2059901265,inter
W2059902477,inst
W2059903013,inter
W2059921491,inter
W2059922671,inter
W2059922911,inter
W2059924427,inter
W2059942119,inter
W2059970184,uni
W2059972655,inst
W2059986224,inst
W2059987914,inter
W2059991078,inter
W2060003085,inter
W2060003603,inter
W2060014314,inter
W2060017217,inter
W2060024117,inst
W2060030872,inter
W2060039809,inst
W2060049097,inter
W2060052814,inter
W2060056811,inter
W2060065974,inter
W2060067233,inter
W2060072995,inter
W2060085013,inter
W2060089505,inter
W2060089812,inter
W2060122892,inter
W2060124324,inter
W2060125029,inter
W2060138232,inter
W2060141855,inter
W2060153789,inter
W2060159210,inter
W2060159381,inter
W2060164640,inter
W2060168915,inter
W2060169966,inter
W2060181255,inter
W2060198758,inter
W2060201171,inter
W2060204338,inter
W2060207825,inter
W2060246136,inter
W2060256944,inter
W2060258563,inter
W2060269912,inter
W2060278501,inter
W2060279450,inter
W2060280062,inter
W2060287676,inter
W2060299693,inter
W2060301675,inter
W2060302943,inter
W2060312700,inter
W2060332393,inter
W2060333719,inst
W2060346113,inter
W2060347402,inter
W2060347692,inter
W2060353874,inter
W2060358758,uni
W2060360937,inter
W2060365046,inter
W2060366714,inst
W2060399680,inter
W2060420921,inter
W2060422749,inter
W2060426768,inter
W2060433095,inter
W2060435916,inter
W2060439759,inter
W2060440626,inst
W2060451633,inter
W2060454056,inter
W2060483592,inter
W2060487848,inst
W2060507881,inter
W2060526442,inter
W2060530093,inter
W2060537671,inter
W2060542593,inter
W2060559028,inter
W2060561849,inter
W2060600159,inter
W2060611816,inter
W2060614738,inter
W2060627718,inter
W2060632169,inter
W2060641293,inter
W2060646286,inter
W2060646472,inter
W2060647649,inter
W2060658047,inter
W2060658355,inter
W2060669740,inter
W2060675257,inter
W2060684524,inter
W2060685971,inter
W2060701814,inter
W2060707398,inter
W2060709836,inter
W2060719790,uni
W2060734356,inter
W2060735777,inter
W2060736388,inter
W2060738961,inter
W2060741034,inter
W2060750907,inter
W2060753484,inter
W2060755870,inter
W2060757302,inter
W2060763700,inst
W2060765530,inter
W2060774710,inst
W2060780004,inter
W2060782328,inter
W2060782570,inter
W2060790999,inter
W2060794945,inter
W2060795628,inter
W2060802270,inst
W2060807322,inter
W2060824643,inter
W2060837608,inter
W2060841123,inter
W2060842554,inter
W2060854458,inter
W2060856612,inter
W2060859800,inter
W2060877504,inter
W2060885582,inter
W2060885602,inter
W2060886672,inter
W2060887031,inter
W2060892622,inter
W2060893314,inst
W2060898162,inst
W2060899753,inter
W2060904747,inst
W2060919860,inter
W2060920449,inter
W2060950609,inter
W2060951907,inter
W2060991544,inter
W2061010274,inter
W2061010579,inter
W2061025330,inter
W2061025600,inter
W2061028223,inter
W2061039273,inter
W2061040120,inter
W2061052441,inter
W2061058880,inter
W2061068374,inter
W2061079400,inter
W2061099358,inst
W2061109653,inter
W2061124137,inter
W2061125936,inter
W2061132471,inter
W2061153075,inst
W2061160322,inter
W2061180491,inst
W2061181225,inter
W2061208844,inter
W2061210366,inter
W2061212083,inter
W2061228367,inter
W2061257838,inter
W2061292137,inst
W2061292309,inter
W2061303539,inter
W2061311874,inter
W2061316340,inter
W2061344137,uni
W2061350747,inter
W2061364884,inter
W2061370212,inter
W2061372647,inter
W2061384339,inter
W2061395657,inter
W2061397794,inst
W2061402744,inst
W2061405134,inter
W2061440312,inter
W2061457917,inter
W2061458897,inter
W2061459389,inter
W2061462530,inter
W2061464740,inter
W2061468734,inter
W2061479838,inter
W2061491633,inter
W2061521346,inter
W2061531848,inter
W2061534608,inter
W2061546259,inter
W2061557740,inst
W2061562094,inter
W2061583504,inter
W2061585120,inter
W2061591868,inst
W2061597613,inter
W2061659108,inter
W2061663249,inter
W2061664364,inter
W2061682488,uni
W2061686800,inter
W2061693665,uni
W2061701011,inter
W2061716532,inter
W2061731692,inter
W2061736157,inter
W2061745165,uni
W2061745280,inter
W2061745631,inter
W2061763015,inter
W2061772659,inter
W2061781940,inter
W2061792198,inter
W2061796167,inter
W2061802763,inter
W2061813658,inter
W2061813939,inter
W2061818469,inst
W2061819031,inter
W2061820401,inter
W2061831615,inter
W2061865181,inter
W2061892353,inter
W2061906340,inter
W2061925510,inter
W2061939373,inter
W2061941130,inter
W2061945428,inter
W2061949491,inter
W2061959470,inter
W2061982895,inter
W2061987257,inter
W2061993166,inter
W2061993880,inter
W2061996139,inter
W2062004915,inter
W2062018697,inter
W2062022900,inst
W2062027838,inter
W2062042267,inter
W2062055103,inter
W2062057453,inter
W2062065265,inter
W2062112832,inst
W2062118960,inst
W2062125742,uni
W2062128769,inter
W2062134770,inter
W2062142438,inter
W2062143991,inter
W2062145767,inter
W2062177968,inter
W2062184932,inter
W2062190097,inter
W2062199184,inter
W2062200624,inter
W2062210818,inter
W2062211376,inter
W2062219129,inter
W2062227835,inter
W2062231859,inter
W2062258079,inter
W2062287043,inst
W2062289269,inter
W2062301117,inter
W2062308609,inst
W2062319441,inter
W2062328787,inter
W2062341323,inter
W2062344903,inter
W2062362173,inter
W2062364223,inter
W2062378043,inter
W2062388999,inter
W2062399388,inter
W2062401262,inter
W2062414112,inter
W2062417985,inter
W2062433160,inter
W2062436529,inter
W2062448549,inter
W2062454756,inst
W2062468366,inter
W2062469777,inter
W2062476100,uni
W2062495488,inter
W2062503914,inter
W2062507022,inter
W2062517613,inter
W2062518669,inst
W2062522231,inter
W2062522284,inter
W2062533261,inter
W2062540263,inter
W2062543035,inst
W2062554307,inter
W2062576876,inter
W2062590868,inter
W2062596448,inter
W2062596870,inter
W2062602098,inter
W2062614982,inter
W2062642781,inter
W2062654302,inter
W2062657233,inter
W2062670490,inter
W2062687230,inter
W2062692517,inter
W2062692920,inter
W2062697573,inter
W2062703889,inter
W2062705596,inter
W2062706881,top tier
W2062728787,inter
W2062744184,inter
W2062749672,inter
W2062765318,inter
W2062767409,inter
W206278033,inter
W2062784859,inter
W2062791908,inter
W2062810083,inter
W2062811091,inter
W2062832101,inter
W2062845032,inst
W2062854284,inter
W2062855758,inter
W2062865822,inst
W2062881383,inst
W2062898807,uni
W2062919621,inter
W2062930630,inter
W2062932553,inter
W2062939617,inter
W2062946430,inter
W2062957903,inter
W2062960358,inter
W2062970599,uni
W2062970737,inter
W2062978452,inter
W2063006806,inter
W2063022239,inter
W2063029095,inter
W2063031176,uni
W2063058202,inter
W2063066053,inter
W2063068146,inter
W2063070282,inter
W2063078705,inter
W2063098278,inter
W2063100368,inter
W2063125200,inter
W2063129155,inter
W2063144527,inter
W2063144678,inter
W2063144732,inter
W2063145959,inter
W2063149969,inter
W2063180182,inter
W2063197253,inter
W2063209957,inter
W2063213929,inter
W2063230774,uni
W2063237661,inter
W2063242142,inter
W2063244516,inter
W2063246173,inter
W2063249715,inter
W2063272066,inter
W2063281351,inter
W2063287986,inter
W2063290401,inter
W2063317962,inter
W2063320116,inter
W2063329372,inter
W2063343794,uni
W2063357466,inst
W2063368584,inter
W2063375366,inter
W2063386656,inst
W2063389094,inter
W2063389833,inst
W2063391155,inter
W2063392856,inst
W2063410295,inter
W2063410326,inter
W2063417830,inter
W2063429350,inst
W2063431930,inter
W2063435752,inter
W2063442090,inter
W2063458056,inter
W2063470101,inter
W2063490865,inter
W2063492807,inter
W2063495066,inter
W2063507846,inter
W2063510879,inter
W2063515679,inter
W2063535987,inter
W2063545024,inter
W2063556310,inter
W2063561814,inter
W2063564971,inter
W2063582316,inter
W2063589154,inter
W2063603421,uni
W2063604398,inter
W2063608179,inter
W2063609669,inter
W2063611414,inter
W2063615912,inter
W2063623408,inter
W2063645305,uni
W2063657191,inter
W2063661788,uni
W2063678799,inter
W2063680135,inter
W2063680284,inter
W2063683202,inter
W2063692639,inter
W2063692885,inter
W2063696533,inter
W2063711835,inter
W2063714639,inter
W2063743088,inter
W2063745501,inter
W2063753544,inter
W2063756240,inter
W2063762841,inter
W2063763208,inter
W2063768365,inter
W2063776377,inter
W2063780128,inter
W2063783971,inst
W2063797747,inter
W2063805733,inter
W2063806468,uni
W2063810406,inter
W2063828234,inter
W2063859635,inter
W2063862666,inst
W2063867591,inter
W2063887114,inter
W2063896698,inter
W2063909168,uni
W2063909201,inter
W2063924830,inter
W2063932087,inter
W2063934421,inter
W2063936770,inter
W2063955637,inter
W2063969587,inter
W2063980003,inter
W2063996412,inter
W2064000859,inter
W2064008630,inter
W2064008788,uni
W2064010021,inter
W2064043991,inter
W2064053463,inter
W2064066237,inst
W2064088503,inter
W2064103732,inst
W2064122889,inter
W2064124275,inter
W2064139197,inter
W2064144611,inter
W2064148497,inter
W2064153357,inter
W2064153490,inter
W2064160177,inter
W2064184672,inter
W2064218608,inter
W2064226583,inter
W2064237425,inter
W2064237629,inter
W2064245996,inter
W2064250866,inter
W2064257235,inter
W2064266822,inter
W2064281699,inter
W2064284095,inter
W2064291930,inter
W2064293828,inter
W2064297873,uni
W2064306958,inst
W2064309236,inter
W2064314687,inter
W2064341520,inter
W2064342065,inter
W2064365986,inter
W2064378236,inter
W2064382502,inter
W2064386875,inter
W2064391085,inter
W2064407498,inter
W2064415298,inter
W2064421746,inter
W2064449979,inter
W2064450198,inter
W2064463502,inter
W2064466131,inter
W2064509226,inter
W2064525681,inter
W2064534471,inter
W2064536014,inter
W2064543844,inter
W2064546102,inter
W2064559422,inter
W2064564753,inter
W2064572456,inter
W2064576648,inter
W2064577551,inst
W2064581514,inst
W2064608844,inter
W2064614975,inter
W2064617810,inter
W2064627164,inter
W2064662466,inter
W2064666900,inter
W2064667796,inter
W2064675550,top tier
W2064682363,inter
W2064682659,inter
W2064692019,inter
W2064704422,inst
W2064717780,inter
W2064721098,inter
W2064751118,inter
W2064754051,inter
W2064762878,inter
W2064770256,inter
W2064778290,inter
W2064788571,inter
W2064792609,inst
W2064796716,inst
W2064803799,inter
W2064811181,inter
W2064811928,inter
W2064812486,inter
W2064823886,inter
W2064824005,inter
W2064828119,inter
W2064831393,inter
W2064848935,inter
W2064853889,inter
W2064859455,inter
W2064879425,inter
W2064889916,inter
W2064906820,inter
W2064909421,inter
W2064929450,inter
W2064939747,inter
W2064949611,inter
W2064951109,inter
W2064951254,inter
W2064965447,inter
W2064981776,inter
W2064997111,inter
W2065001125,inter
W2065011489,inter
W2065021034,inter
W2065024433,inter
W2065025963,inter
W2065026233,inter
W2065027519,inter
W2065033264,inter
W2065038814,inter
W2065048805,uni
W2065060269,inter
W2065066829,inter
W2065078650,inter
W2065085008,inter
W2065088268,inst
W2065090106,inter
W2065102302,inter
W2065121429,inter
W2065126904,uni
W2065147106,uni
W2065148320,inter
W2065149403,inter
W2065170156,inter
W2065170882,inter
W2065173814,inter
W2065174466,inter
W2065180269,inter
W2065192976,uni
W2065195435,inter
W2065196265,inter
W2065205584,inter
W2065212015,inter
W2065218635,inter
W2065231573,inst
W2065241582,inter
W2065242306,inter
W2065259886,inter
W2065270614,inter
W2065274398,inter
W2065283652,inter
W2065292253,inst
W2065296697,inter
W2065301447,inter
W2065318572,inter
W2065337617,inter
W2065339563,inter
W2065342515,inter
W2065350108,inter
W2065357870,inter
W2065370806,uni
W2065372688,inter
W2065383271,inter
W2065383426,inter
W2065391030,inter
W2065391104,inter
W2065392434,inter
W2065398998,inter
W2065402083,inter
W2065402594,inter
W2065407206,inter
W2065413511,inst
W2065431145,inter
W2065435435,uni
W2065448834,inter
W2065452781,inst
W2065460079,inter
W2065481188,inter
W2065531219,inter
W2065533834,uni
W2065546971,inter
W2065581757,inter
W2065582887,inst
W2065599803,inter
W2065610969,inter
W2065631187,inst
W2065636378,inst
W2065643612,inter
W2065646479,inter
W2065646793,inst
W2065661790,inst
W2065677538,inter
W2065687090,inter
W2065698093,inter
W2065699343,inter
W2065705265,inter
W2065727383,inter
W2065729705,inter
W2065732902,inter
W2065735564,uni
W2065750810,inter
W2065751654,inst
W2065782321,inter
W2065791420,inter
W2065800285,inter
W2065806103,inter
W2065826255,inter
W2065842306,uni
W2065867336,inter
W2065868986,inter
W2065869098,inter
W2065875500,inter
W2065890363,inter
W2065905896,inter
W2065910179,inter
W2065915196,inter
W2065931256,inter
W2065932475,inter
W2065951219,inter
W2065955975,inst
W2065958844,inter
W2065974921,inter
W2065978389,uni
W2065980576,inter
W2065985220,inter
W2065985268,inst
W2065994824,inter
W2066006804,inter
W2066011743,inter
W2066020421,inter
W2066031679,inter
W2066042384,inter
W2066051422,inter
W2066052393,inter
W2066055909,inter
W2066064284,inter
W2066084782,inter
W2066085919,inter
W2066090363,inter
W2066099897,inter
W2066102695,inter
W2066111381,inter
W2066129337,inter
W2066132206,inter
W2066132324,uni
W2066137491,inter
W2066143642,inter
W2066150117,inter
W2066152591,inter
W2066152823,inter
W2066155701,inter
W2066159588,inter
W2066167065,inter
W2066170071,inter
W2066176782,inst
W2066181430,inter
W2066182239,inter
W2066182641,inter
W2066204611,inter
W2066211959,inter
W2066218935,inter
W2066221344,inter
W2066245391,inter
W2066248028,inter
W2066248324,inter
W2066252845,inter
W2066259047,inter
W2066263837,inter
W2066286387,inter
W2066290509,inter
W2066308114,inter
W2066312303,inter
W2066313292,inter
W2066315659,inter
W2066322905,inter
W2066331763,inter
W2066333552,inter
W2066335083,inter
W2066340877,inter
W2066376270,inter
W2066380414,inter
W2066393173,inter
W2066394193,inter
W2066396564,inter
W2066396695,inter
W2066405189,inter
W2066406368,uni
W2066430629,inter
W2066437741,inter
W2066437933,inter
W2066442872,inter
W2066446428,inter
W2066446598,inter
W2066447076,inter
W2066450260,inter
W2066458790,inter
W2066478777,inter
W2066484523,inter
W2066500891,inst
W2066503894,inter
W2066523677,inter
W2066525982,inter
W2066526134,inst
W2066536303,inter
W2066546027,inter
W2066546666,inter
W2066562123,inst
W2066562487,inst
W2066592876,inter
W2066602188,inter
W2066607912,inter
W2066617111,inter
W2066652884,inter
W2066664409,inter
W2066666235,inter
W2066667341,inter
W2066670950,inter
W2066676459,inst
W2066679515,inter
W2066684825,inter
W2066690519,inter
W2066691414,inter
W2066692963,inter
W2066696084,inter
W2066724685,inter
W2066744161,uni
W2066747741,inter
W2066757459,inter
W2066761538,uni
W2066764822,inter
W2066766178,inter
W2066766976,inter
W2066769973,inter
W2066770143,inter
W2066776472,inter
W2066783269,inter
W2066786310,inter
W2066792529,inter
W2066793765,inter
W2066798080,inter
W2066802645,inter
W2066817933,inter
W2066822403,inter
W2066832805,inter
W2066833360,inter
W2066837052,inter
W2066839705,inter
W2066845977,inter
W2066854491,inter
W2066861002,inter
W2066881425,inter
W2066888771,inter
W2066897243,inter
W2066910699,inter
W2066927632,inter
W2066929655,inter
W2066940939,inter
W2066941820,inst
W2066945620,inter
W2066957390,inter
W2066988099,inter
W2067000350,inter
W2067007638,inter
W2067018579,inst
W2067042811,inter
W2067051665,inter
W2067060908,inter
W2067063452,inter
W2067079332,inter
W2067082573,inter
W2067087418,inter
W2067089692,inter
W2067114686,inter
W2067120253,inter
W2067147351,inter
W2067181278,inter
W2067183844,inter
W2067184005,inter
W2067191022,top tier
W2067202258,inter
W2067205732,inter
W2067206699,inter
W2067218091,inter
W2067222191,inter
W2067225260,inter
W2067238865,inst
W2067239435,inter
W2067263573,uni
W2067276063,inter
W2067285033,inter
W2067294365,inst
W2067313328,inter
W2067313886,inter
W2067314231,inter
W2067329838,inter
W2067346416,inter
W2067373633,inter
W2067381981,inter
W2067408038,inter
W2067416210,inter
W2067416286,inter
W2067419406,inter
W2067424579,inter
W2067438752,inter
W2067441252,inter
W2067448882,inter
W2067448964,inter
W2067452806,inter
W2067453331,inter
W2067471506,inter
W2067514565,inst
W2067517605,inter
W2067521002,inter
W2067523571,inter
W2067534325,inter
W2067544125,inter
W2067551786,inter
W2067562626,inter
W2067567102,inter
W2067569336,inter
W2067570388,inter
W2067576119,inter
W2067581589,inter
W2067582923,uni
W2067592965,inter
W2067596330,inter
W2067605982,inst
W2067614093,inter
W2067615581,inter
W2067648572,inter
W2067655170,inst
W2067655322,inter
W2067655565,inter
W2067675355,uni
W2067678857,inter
W2067686570,inter
W2067690956,inter
W2067704685,inter
W2067706159,inter
W2067710034,inter
W2067734778,inter
W2067740651,inst
W2067763535,inter
W2067766814,inst
W2067768728,inter
W2067791040,uni
W2067794541,inter
W2067824522,inter
W2067832305,inter
W2067836954,inter
W2067852172,uni
W2067929642,inter
W2067931351,inter
W2067932129,inter
W2067941796,inter
W2067964575,inter
W2067974452,inter
W2067976963,inter
W2068044092,inter
W2068046198,inter
W2068058894,inter
W2068064413,inter
W2068067193,inter
W2068075464,inter
W2068078373,inst
W2068078942,inter
W2068092015,inst
W2068102400,inter
W2068116856,inter
W2068124938,inter
W2068127755,inter
W2068130602,inter
W2068135762,inter
W2068141352,inter
W2068155564,inter
W2068161406,inter
W2068172728,inter
W2068176326,inter
W2068176614,inter
W2068185248,inter
W2068186079,inter
W2068193542,inter
W2068210437,inter
W2068238590,inter
W2068241154,inter
W2068244095,inter
W2068244349,inter
W2068258779,inst
W2068265540,inter
W2068276045,inter
W2068283474,inter
W2068297951,inter
W2068298489,inter
W2068319486,inter
W2068325688,inter
W2068335126,inst
W2068355225,inter
W2068357778,inter
W2068358044,inter
W2068362338,inter
W2068374906,inter
W2068392212,inter
W2068400423,inter
W2068412200,inter
W2068412593,inter
W2068419132,inter
W2068419217,inter
W2068436330,inter
W2068436854,inter
W2068458083,inter
W2068462797,inter
W2068472240,inst
W2068487168,inter
W2068492670,inter
W2068532248,inter
W2068543131,inter
W2068547447,inter
W2068562880,inter
W2068571038,inter
W2068575457,inter
W2068583268,inst
W2068594129,uni
W2068611653,inter
W2068633861,inter
W2068634791,inter
W2068638847,inter
W2068648762,inter
W2068654401,inter
W2068658313,inter
W2068662919,inter
W2068666958,inst
W2068677409,inter
W2068711867,inter
W2068726766,inter
W2068730032,inter
W2068736247,inst
W2068737686,inst
W2068773600,inter
W2068779413,inter
W2068782468,inter
W2068782821,inter
W2068802223,inter
W2068805620,inter
W2068807663,inter
W2068815419,inter
W2068818079,inter
W2068819042,inst
W2068823829,inter
W2068828645,inter
W2068835593,inter
W2068835684,inter
W2068839992,inter
W2068840688,inter
W2068844053,inter
W2068844879,inter
W2068846066,inter
W2068848013,inter
W2068849277,inter
W2068872328,inter
W2068876189,inter
W2068882115,inter
W2068882433,inter
W2068894266,inter
W2068908391,inter
W2068912469,inter
W2068934234,inst
W2068982516,inter
W2068987066,inter
W2069010397,inter
W2069026418,inter
W2069032538,inter
W2069036068,inter
W2069043908,inter
W2069054777,inter
W2069074882,inter
W2069106362,inter
W2069115313,inter
W2069122738,inter
W2069128736,inter
W2069129801,inter
W2069138465,inter
W2069141796,inter
W2069143353,inst
W2069176726,inter
W2069181281,inter
W2069184481,inter
W2069189382,inter
W2069190036,inter
W2069192515,inst
W2069200088,inst
W2069217971,inter
W2069231281,inter
W2069235736,inst
W2069237236,inter
W2069243241,inter
W2069249624,inter
W2069250814,inter
W2069253734,inter
W2069254479,uni
W2069259524,inter
W2069262565,inst
W2069262775,inter
W2069301288,inter
W2069306141,inter
W2069315453,inter
W2069332137,inter
W2069332482,inter
W2069342529,inter
W2069344103,inter
W2069350550,uni
W2069354103,inter
W2069377432,inter
W2069380066,inst
W2069400331,inst
W2069429561,inter
W2069446385,inst
W2069456254,inter
W2069469539,inter
W2069510913,uni
W2069511885,inter
W2069518013,inter
W2069519268,inter
W2069537365,inter
W2069537722,inst
W2069537876,inter
W2069548987,inter
W2069554030,inter
W2069580164,inter
W2069598644,uni
W2069603750,inter
W2069635001,inst
W2069636159,inter
W2069637018,uni
W2069647907,inter
W2069654350,inter
W2069659771,inter
W2069664495,inter
W2069672109,inst
W2069673037,inst
W2069673223,inter
W2069682406,inter
W2069685920,inter
W2069696536,inter
W2069711518,inter
W2069711632,inter
W2069720662,inter
W2069721249,inter
W2069727267,inter
W2069730641,inter
W2069734586,inter
W2069736719,inter
W2069751686,inter
W2069757313,inter
W2069758385,inst
W2069767928,inter
W2069789953,inter
W2069791239,inst
W2069812395,inst
W2069816168,inst
W2069816967,inst
W2069820452,inter
W2069841875,inter
W2069849383,inter
W2069850539,inter
W2069858276,inter
W2069862323,inter
W2069866365,inst
W2069870183,inter
W2069880338,inter
W2069897520,inter
W2069914477,inter
W2069914951,inter
W2069917337,inter
W2069962717,inter
W2069964364,inter
W2069967560,inter
W2069988724,inter
W2069990906,inter
W2069997509,inst
W2070002217,inter
W2070013817,inst
W2070019795,inter
W2070027703,inter
W2070036413,uni
W2070039627,inter
W2070052754,inter
W2070053315,inter
W2070077528,inst
W2070078173,inter
W2070097798,inter
W2070099460,inst
W2070104456,inter
W2070112643,inst
W2070122352,uni
W2070126328,inter
W2070143657,inst
W2070154551,inter
W2070163817,inter
W2070167224,inter
W2070174169,inter
W2070181701,inter
W2070186947,inter
W2070191169,inter
W2070196900,inter
W2070204378,inter
W2070261780,inter
W2070284258,inter
W2070300962,inst
W2070310569,inter
W2070320107,inter
W2070325307,inter
W2070333855,inter
W2070343473,inst
W2070348046,inter
W2070361692,inter
W2070367382,inter
W2070373450,uni
W2070384060,inter
W2070386561,inter
W2070405735,inter
W2070419067,inter
W2070423487,inst
W2070448096,inter
W2070459466,inter
W2070471046,inter
W2070473734,inter
W2070474244,inter
W2070481511,inter
W2070492345,inter
W2070493034,uni
W2070509815,inter
W2070521366,inter
W2070523970,inter
W2070525241,inter
W2070534370,inter
W2070544097,inter
W2070548258,inter
W2070552814,inter
W2070555345,inter
W2070571667,inter
W2070572105,inter
W2070577858,inter
W2070604790,inter
W2070609206,inter
W2070627769,inter
W2070631319,inter
W2070644180,inter
W2070645442,uni
W2070645684,inter
W2070660619,inter
W2070661531,inter
W2070661544,inter
W2070673527,inter
W2070675934,inter
W2070676355,inter
W2070693981,inter
W2070704620,inter
W2070705506,inter
W2070709893,inter
W2070721548,inter
W2070727396,inter
W2070747524,inter
W2070747743,inter
W2070767363,inter
W2070769254,inter
W2070771761,inter
W2070773583,inter
W2070784330,inter
W2070787093,inter
W2070789056,inter
W2070789802,inter
W2070793005,inter
W2070800526,inter
W2070812389,inter
W2070844728,inter
W2070845022,inter
W2070849182,inter
W2070861946,inter
W2070874501,inst
W2070876090,inter
W2070879703,inst
W2070880220,inter
W2070891810,inter
W2070895610,inter
W2070901799,inter
W2070915073,uni
W2070924407,inter
W2070948799,inter
W2070948855,inst
W2070959357,inst
W2070961300,inter
W2070968010,inter
W2070969771,inter
W2070986426,inter
W2071000534,inter
W2071005802,inter
W2071055029,inter
W2071069597,inter
W2071103260,inter
W2071106922,inter
W2071112258,inter
W2071124968,inter
W2071128154,inter
W2071136304,inter
W2071138259,inter
W2071139234,inter
W2071160338,inter
W2071163526,inter
W2071169353,inter
W2071180427,inter
W2071184135,inter
W2071187149,inter
W2071187449,inter
W2071217080,inter
W2071218672,inst
W2071238544,inter
W2071248824,inter
W2071271882,inter
W2071274311,inter
W2071295870,inter
W2071300659,inter
W2071308900,inter
W2071322083,inter
W2071324800,inter
W2071326113,inter
W2071327126,inter
W2071333487,inter
W2071346076,inst
W2071350251,inter
W2071355008,inst
W2071367891,inst
W2071371660,inter
W2071376267,inter
W2071386903,inter
W2071399940,inter
W2071411972,inter
W2071415062,inst
W2071422482,inst
W2071425459,inst
W2071442336,inter
W2071442928,uni
W2071468409,inter
W2071469153,inter
W2071493323,inter
W2071516467,inter
W2071516577,inter
W2071517500,inter
W2071529580,inter
W2071551353,inter
W2071552523,inter
W2071555787,inter
W2071556148,inter
W2071557543,inter
W2071571931,inter
W2071581808,inter
W2071584308,inter
W2071590405,inter
W2071594732,inter
W2071614023,inter
W2071627098,uni
W2071627833,inter
W2071629922,inter
W2071640262,inter
W2071642760,inst
W2071649025,inter
W2071650788,inter
W2071653647,inter
W2071663716,inter
W2071667342,inter
W2071672346,inter
W2071677197,inter
W2071707134,top tier
W2071718127,inter
W2071718780,inter
W2071719040,inter
W2071735063,inter
W2071739940,inter
W2071744321,inst
W2071764857,inter
W2071767436,inter
W2071784068,inter
W2071795451,inter
W2071796190,inter
W2071811641,inst
W2071824735,inst
W2071825329,inter
W2071838763,inter
W2071842322,inter
W2071864082,inter
W2071864906,uni
W2071866949,inter
W2071884509,inter
W2071901859,uni
W2071907540,inst
W2071909171,inter
W2071927956,inter
W2071932467,inter
W2071935327,inter
W2071936358,inter
W2071939274,inter
W2071957747,inter
W2071958671,inter
W2071959074,inst
W2071973175,uni
W2071975644,inter
W2071982101,inter
W2072019125,inter
W2072021854,inter
W2072026635,inter
W2072050575,inst
W2072050588,inst
W2072055974,inter
W2072062694,inter
W2072065288,uni
W2072066144,inter
W2072072671,inter
W2072075581,inter
W2072077887,inter
W2072087468,uni
W2072092239,inter
W2072108727,inter
W2072152665,inter
W2072169407,inter
W2072169887,inter
W2072180710,inter
W2072191370,inter
W2072201265,inter
W2072208512,inter
W2072219999,inter
W2072223610,inter
W2072229713,inter
W2072232105,inter
W2072245897,inter
W2072249284,inter
W2072262681,inst
W2072273451,inter
W2072275383,inter
W2072275520,inter
W2072279239,uni
W2072288227,inst
W2072298344,inter
W2072300101,inter
W2072305544,inter
W2072309638,inter
W2072334177,inter
W2072345902,inter
W2072349676,uni
W2072351525,inter
W2072356720,inter
W2072360468,inter
W2072371158,inter
W2072372219,inter
W2072376943,inter
W2072392121,inter
W2072396164,inst
W2072396773,inter
W2072404325,inter
W2072407705,inter
W2072418419,inter
W2072421405,inter
W2072422415,inst
W2072422962,inter
W2072427944,inter
W2072429167,uni
W2072454110,inter
W2072455710,inter
W2072458248,inter
W2072471362,inst
W2072491421,inter
W2072504176,inter
W2072527935,inst
W2072537419,inter
W2072551889,inter
W2072553454,inter
W2072556121,inter
W2072565150,inter
W2072566752,inter
W2072573705,inter
W2072595688,inter
W2072605094,inter
W2072613030,inter
W2072620509,inter
W2072623282,inter
W2072633114,inter
W2072638881,inter
W2072643409,inter
W2072644630,inter
W2072668705,inter
W2072692396,inter
W2072708752,inter
W2072710859,inter
W2072714468,inst
W2072724156,inter
W2072725684,inter
W2072725886,inter
W2072727482,inter
W2072738093,inter
W2072766992,inter
W2072770403,inst
W2072785549,inter
W2072799558,inter
W2072831861,inter
W2072834270,inter
W2072847362,inter
W2072853875,inter
W2072863821,inter
W2072870422,inter
W2072871078,inter
W2072872717,inter
W2072891774,inter
W2072897488,inter
W2072917170,inter
W2072922398,inter
W2072951035,uni
W2072955302,inter
W2072956666,inter
W2072961560,inter
W2072977212,inter
W2072979981,inter
W2072991485,inter
W2072993977,inst
W2072994259,inter
W2073014075,inter
W2073018140,inter
W2073020799,inter
W2073021822,inter
W2073024043,inter
W2073025492,inter
W2073031518,inter
W2073037364,inter
W2073040595,inter
W2073041046,inter
W2073049481,inter
W2073061372,inter
W2073068844,uni
W2073074703,inter
W2073081764,inter
W2073082060,inter
W2073098058,inter
W2073100346,inter
W2073102330,inter
W2073109303,inst
W2073126252,inter
W2073136382,inter
W2073148407,inter
W2073193131,inter
W2073194779,inter
W2073200116,inter
W2073215433,inter
W2073230023,inter
W2073235334,inter
W2073238258,inter
W2073253125,inter
W2073256825,inter
W2073258003,inter
W2073258676,inter
W2073259742,inter
W2073261834,inter
W2073263367,inst
W2073265346,inter
W2073296021,inter
W2073316882,inter
W2073327480,inter
W2073337492,inter
W2073342447,inter
W2073364004,inter
W2073371255,inter
W2073390008,uni
W2073397801,inter
W2073414385,inst
W2073418263,inter
W2073431635,inter
W2073454980,inter
W2073459066,inst
W2073465935,inter
W2073478661,inter
W2073488208,inter
W2073490670,inter
W2073507390,inter
W2073514978,inter
W2073527121,inter
W2073531516,inter
W2073533298,inter
W2073538329,inter
W2073539418,inter
W2073544604,inter
W2073555064,inter
W2073556086,inter
W2073572883,inter
W2073585984,inter
W2073590217,inter
W2073595591,inst
W2073598738,inter
W2073621725,inst
W2073654056,inter
W2073654069,inter
W2073656342,uni
W2073670111,inter
W2073683004,uni
W2073695330,uni
W2073703998,inst
W2073706919,inter
W2073707096,uni
W2073707478,inter
W2073722401,inter
W2073728116,inst
W2073746330,inst
W2073772681,inter
W2073777289,inter
W2073781628,inter
W2073783312,inter
W2073784872,inter
W2073796020,inter
W2073797589,inter
W2073819036,inst
W2073824442,inter
W2073827457,inter
W2073830447,inter
W2073832354,inter
W2073840870,inter
W2073857298,inter
W2073879478,inter
W2073887395,inter
W2073896703,inter
W2073897909,inter
W2073900163,inter
W2073904033,inter
W2073910162,inter
W2073912377,inter
W2073921136,inter
W2073932447,inter
W2073937285,inter
W2073955633,inter
W2073965851,inter
W2073984053,inter
W2073984943,inter
W2073986894,inter
W2074000344,inter
W2074003034,inter
W2074013628,inter
W2074023317,inter
W2074025367,inter
W2074029748,inter
W2074042350,inter
W2074047060,inter
W2074061388,inter
W2074064717,inter
W2074084152,inter
W2074085139,inst
W2074099390,inter
W2074102215,inter
W2074109325,inter
W2074113357,inter
W2074118220,inter
W2074120853,inter
W2074129740,inter
W2074134486,inter
W2074147784,inter
W2074150129,inter
W2074152368,inter
W2074152613,inter
W2074161567,inter
W2074179608,inter
W2074188409,inst
W2074192927,inter
W2074216031,inter
W2074264239,inter
W2074264620,inter
W2074271088,inter
W2074317528,inter
W2074318226,inter
W2074350241,inter
W2074365588,inter
W2074375635,inter
W2074383364,inter
W2074385947,uni
W2074388704,inter
W2074393408,inter
W2074407117,inter
W2074426895,inst
W2074435087,inter
W2074452038,inter
W2074473216,top tier
W2074506246,uni
W2074520033,inter
W2074539191,inter
W2074549669,inter
W2074553104,inter
W2074576631,inter
W2074587583,inst
W2074598806,inter
W2074604714,inter
W2074616737,inter
W2074620716,inter
W2074630202,inst
W2074633331,uni
W2074650777,inst
W2074660931,inter
W2074675320,inter
W2074681440,inter
W2074684747,inter
W2074695934,inter
W2074697083,inter
W2074702228,inst
W2074709877,inter
W2074724531,inter
W2074727276,inst
W2074729706,inter
W2074730454,inter
W2074731288,inter
W2074734447,inter
W2074739702,inter
W2074743651,inter
W2074760215,inter
W2074764134,inst
W2074766125,inter
W2074780612,inter
W2074795744,inter
W2074804393,inter
W2074808661,inter
W2074819027,inter
W2074823003,inter
W2074833026,inter
W2074833789,inter
W207485495,inter
W2074873133,inter
W2074878011,inter
W2074880790,inter
W2074890228,inter
W2074894539,inter
W2074899141,inter
W2074899192,uni
W2074909318,inter
W2074942415,inter
W2074943483,inter
W2074944158,inter
W2074959339,inst
W2074972084,inter
W2075006729,inter
W2075011069,inter
W2075024469,inter
W2075038621,inter
W2075039801,inter
W2075048472,inst
W2075054028,inter
W2075055711,inter
W2075066642,inter
W2075070982,inter
W2075075458,inst
W2075085700,inst
W2075085977,inter
W2075087150,inter
W2075106684,inter
W2075115149,inter
W2075115416,inter
W2075116490,inter
W2075119114,inst
W2075120071,inter
W2075123415,inter
W2075134446,inter
W2075149513,inter
W2075153007,inter
W2075156252,inter
W2075159510,inter
W2075161200,inter
W2075171449,inter
W2075171537,inter
W2075183947,inter
W2075193177,inter
W2075196167,inter
W2075200087,inter
W2075200791,inter
W2075211492,inter
W2075213142,inter
W2075216062,inter
W2075221453,inst
W2075229508,inter
W2075237894,inter
W2075243898,inter
W2075261785,uni
W2075274603,inter
W2075275535,inter
W2075277371,inter
W2075281120,inter
W2075281820,inter
W2075286936,uni
W2075294738,inter
W2075333302,inter
W2075334209,inter
W2075338093,inter
W2075345089,inst
W2075352817,uni
W2075370340,inter
W2075380850,inst
W2075414529,inst
W2075427495,inter
W2075448846,inter
W2075460102,inter
W2075464179,inter
W2075474293,inst
W2075487143,inst
W2075499829,inter
W2075501215,inter
W2075511500,inst
W2075528938,uni
W2075567325,inter
W2075568796,inter
W2075594316,inter
W2075597180,inter
W2075604006,inst
W2075606539,inst
W2075608792,inter
W2075621462,inter
W2075631080,inter
W2075632264,inter
W2075634838,inter
W2075635195,inst
W2075641944,inter
W2075644425,inter
W2075652908,inter
W2075664853,inter
W2075674159,inter
W2075681185,inter
W2075682390,inter
W2075684747,inst
W2075714087,inst
W2075718440,inter
W2075719792,inter
W2075721610,inter
W2075731813,inter
W2075756851,inter
W2075759375,inter
W2075760092,inter
W2075775164,inter
W2075793408,inter
W2075806862,inter
W2075808059,inter
W2075809230,inter
W2075810826,inter
W2075815800,inter
W2075817423,inter
W2075821598,inter
W2075824405,inter
W2075839507,inter
W2075839558,inter
W2075849109,inter
W2075854425,inter
W2075857192,uni
W2075865004,inter
W2075871133,inter
W2075880254,inter
W2075884099,inter
W2075894709,inter
W2075912341,uni
W2075913976,inter
W2075915246,inter
W2075933837,inst
W2075939996,inter
W2075968816,inter
W2075985054,inter
W2075985277,inter
W2075996757,inter
W2076004957,inter
W2076008912,inst
W2076017258,inter
W2076018148,inter
W2076020455,inter
W2076022099,inter
W2076022311,inter
W2076022602,inter
W2076024322,inter
W2076024657,inter
W2076048613,inter
W2076054478,inter
W2076090418,inter
W2076094115,uni
W2076107177,inter
W2076113175,inter
W2076126276,inst
W2076138765,inter
W2076138782,inter
W2076141482,inter
W2076143355,uni
W2076168688,inst
W2076186907,inter
W2076187604,inter
W2076188996,inter
W2076191693,inter
W2076192525,inter
W2076223365,inter
W2076223872,inter
W2076227401,inter
W2076234758,inter
W2076238476,inter
W2076242490,inter
W2076244575,inter
W2076253536,inter
W2076254988,inter
W2076257979,inter
W2076274697,inter
W2076280956,inter
W2076286726,inst
W2076290526,inter
W2076292048,inter
W2076293036,inter
W2076304423,inter
W2076368829,inter
W2076403513,inter
W2076408892,inter
W2076415419,inter
W2076419401,inter
W2076420009,inter
W2076428552,inst
W2076433866,inter
W2076434863,inter
W2076438835,inter
W2076456512,inter
W2076459403,inter
W2076462394,inst
W2076485756,inter
W2076489398,inter
W2076506782,inter
W2076523373,inter
W2076526690,inter
W2076527429,inter
W2076567023,inter
W2076577093,inter
W2076579537,inter
W2076605481,inter
W2076618452,inter
W2076618566,inter
W2076624514,uni
W2076628340,uni
W2076633860,inter
W2076639947,inter
W2076656421,inter
W2076665520,inter
W2076689603,inter
W2076708553,inter
W2076748252,inst
W2076764146,inter
W2076764508,inter
W2076779488,inter
W2076790509,inter
W2076796194,inter
W2076807040,inter
W2076812812,inter
W2076832658,inter
W2076835964,inter
W2076836652,inter
W2076840859,inter
W2076846377,inter
W2076857085,inter
W2076879452,inter
W2076879979,inter
W2076896526,inter
W2076925625,inter
W2076925677,inst
W2076929101,inst
W2076933242,inter
W2076959408,inter
W2076961568,inter
W2076977532,inter
W2076978259,inter
W2077008986,inter
W2077017174,inter
W2077044445,inter
W2077068641,inter
W2077069816,inst
W2077071968,inter
W2077078295,inter
W2077082163,inter
W2077082416,inter
W2077089904,inter
W2077091402,inter
W2077091631,inter
W2077091828,inter
W2077092173,inter
W2077099824,inst
W2077122762,inter
W2077132930,inter
W2077143534,inter
W2077155731,inter
W2077158549,inter
W2077163885,inter
W2077166865,inter
W2077179893,inter
W2077187450,inter
W2077187718,inter
W2077200369,inter
W2077208126,inter
W2077210928,inter
W2077211564,inter
W2077223818,inter
W2077229105,inter
W2077230361,inter
W2077232332,inter
W2077234315,inter
W2077242255,inter
W2077251165,inter
W2077259165,inter
W2077275610,inter
W2077309078,inter
W2077310459,inter
W2077325609,inst
W2077327903,inter
W2077333812,inter
W2077351097,inter
W2077372877,inter
W2077376854,inter
W2077385168,inter
W2077391194,inter
W2077408864,inter
W2077414053,inst
W2077417417,inter
W2077428505,inter
W2077439570,inter
W2077440882,inter
W2077442291,inst
W2077444071,inst
W2077462743,inter
W2077471891,inter
W2077475173,inter
W2077488909,inst
W2077503418,inter
W2077508398,inter
W2077516238,inter
W2077522126,inter
W2077525424,inter
W2077527914,inter
W2077532029,inter
W2077548009,inter
W2077551920,inst
W2077580970,inter
W2077585551,inter
W2077592142,inter
W2077597870,inter
W2077609945,inter
W2077611006,inter
W2077620588,inter
W2077633309,inst
W2077639960,inter
W2077656272,inter
W2077661716,inter
W2077696221,inter
W2077706268,inter
W2077726064,inter
W2077743162,uni
W2077748398,inter
W2077748764,inter
W2077766607,inter
W2077767282,inter
W2077770566,inter
W2077774163,inst
W2077776908,inter
W2077787678,inter
W2077790567,inst
W2077806543,inter
W2077811453,uni
W2077821582,inter
W2077828146,inter
W2077829988,inter
W2077830885,inter
W2077835140,inter
W2077844776,inter
W2077845376,inter
W2077847043,inter
W2077861672,inter
W2077863460,inter
W2077865152,inter
W2077865798,inter
W2077866399,inter
W2077875180,inter
W2077875563,inter
W2077902165,inter
W2077912217,inst
W2077915271,inter
W2077943861,inter
W2077963383,inter
W2077964797,inter
W2077969214,inter
W2077971622,inter
W2077981805,inter
W2077986349,inter
W2078009854,inter
W2078017811,inst
W2078021840,inter
W2078032740,inter
W2078040808,inter
W2078045751,inst
W2078050190,inter
W2078063143,inter
W2078065491,inter
W2078072391,inter
W2078076527,inst
W2078084493,inter
W2078090436,inter
W2078105735,inst
W2078112764,inter
W2078116075,inter
W2078118022,inter
W2078121608,inst
W2078127090,inter
W2078135996,inter
W2078139657,inter
W2078142664,inter
W2078144531,inst
W2078159779,inst
W2078183437,inter
W2078203941,inter
W2078204800,inst
W2078206416,top tier
W2078224158,inter
W2078227962,inter
W2078236992,inter
W2078237276,inter
W2078262581,inter
W2078277219,inter
W2078305591,inter
W207830586,inter
W2078356493,inter
W2078356801,inst
W2078365254,inter
W2078365380,inter
W2078374001,inter
W2078380442,inter
W2078383357,inter
W2078396654,inter
W2078406032,inter
W2078415120,inter
W2078419768,uni
W2078423636,inter
W2078432227,inter
W2078437730,inter
W2078442635,inter
W2078444750,inter
W2078457155,inter
W2078469984,inter
W2078488685,inter
W2078510396,inst
W2078533963,inter
W2078535861,inter
W2078536008,inter
W2078547232,inter
W2078549040,inter
W2078564289,inter
W2078578208,inter
W2078590814,inter
W2078591799,inter
W2078595922,inter
W2078596062,inst
W2078626246,inter
W2078633872,inter
W2078643445,inter
W2078653892,inst
W2078653899,inter
W2078655374,inter
W2078676617,inst
W2078679341,inter
W2078681626,inter
W2078684685,inst
W2078687508,uni
W2078701018,inter
W2078722674,inst
W2078736197,inter
W2078743929,uni
W2078755977,inter
W2078759983,inter
W2078778009,inter
W2078780594,inter
W2078789264,uni
W2078808043,inter
W2078811057,inter
W2078815772,uni
W2078830591,inter
W2078831729,inter
W2078847883,inter
W2078852264,inter
W2078856146,inter
W2078865742,inter
W2078887028,inter
W2078889228,inter
W2078893330,inter
W2078896366,inter
W2078903912,inst
W2078905979,inter
W2078907037,inter
W2078907874,uni
W2078921992,inter
W2078929648,inter
W2078935701,inter
W2078942186,inter
W2078949347,inter
W2078953162,inter
W2078976049,inter
W2078978762,inter
W2078979416,inter
W2078997308,inst
W2079000395,inter
W2079015285,inter
W2079018274,uni
W2079018856,uni
W2079023123,inst
W2079041580,inst
W2079054385,inter
W2079081437,inter
W2079098756,inst
W2079119360,inter
W2079130430,inst
W2079133215,inter
W2079137172,inter
W2079149498,inst
W2079153029,inter
W2079158221,inter
W2079166885,inter
W2079186310,inter
W2079189937,inter
W2079190575,inter
W2079194248,inter
W2079212402,inter
W2079218044,inter
W2079228927,inst
W2079238516,inter
W2079248286,inst
W2079250929,inter
W2079256353,inter
W2079261074,inter
W2079266488,inter
W2079270977,inter
W2079272025,inst
W2079272365,inter
W2079280466,inter
W2079288054,inter
W2079288973,inter
W2079291966,inter
W2079304869,inter
W2079307253,inter
W2079307674,inter
W2079308547,inter
W2079317077,inter
W2079318510,inter
W2079320104,inter
W2079325629,top tier
W2079331631,inter
W2079349271,inter
W2079352267,inter
W2079353293,inter
W2079359666,inst
W2079361215,inter
W2079361630,inter
W2079363366,inter
W2079364742,inter
W2079368013,uni
W2079370602,inter
W2079382293,inst
W2079400100,inter
W2079434924,inter
W2079436279,inst
W2079451943,inter
W2079464453,inter
W2079471126,inter
W2079472356,inter
W2079479228,inter
W2079482427,inter
W2079499588,inter
W2079502224,inter
W2079505261,inter
W2079508024,inter
W2079509134,inst
W2079514097,uni
W2079519636,inter
W2079525363,inter
W2079536609,inter
W2079543542,inter
W2079555365,inter
W2079556846,inter
W2079558195,inter
W2079566721,inter
W2079581672,inst
W2079589956,inter
W2079591559,inter
W2079625175,inter
W2079640253,inter
W2079645915,inter
W2079658483,inter
W2079660278,inter
W2079662977,inter
W2079672501,inter
W2079676175,inter
W2079678116,inst
W2079679029,inter
W2079692040,inter
W2079699273,inter
W2079705737,inter
W2079724595,inst
W2079728538,inter
W2079734647,inst
W2079742827,inst
W2079745138,inst
W2079751466,inter
W2079759956,inter
W2079772131,uni
W2079786247,inter
W2079797513,inter
W2079818172,inter
W2079830915,uni
W2079832677,inter
W2079835250,inter
W2079842261,inter
W2079879465,inter
W2079881207,inter
W2079891271,inter
W2079897830,inter
W2079903960,inst
W2079909954,inter
W2079921357,inter
W2079922756,inter
W2079925131,inter
W2079925720,inter
W2079941443,inter
W2079952207,inter
W2079967994,inst
W2079970944,inter
W2079991543,inter
W2079994203,inst
W2079996019,inter
W2079997847,inter
W2080003912,inter
W2080009684,inter
W2080027172,inter
W2080076073,inter
W2080086841,inter
W2080114591,inter
W2080135560,inter
W2080145151,inter
W2080154705,uni
W2080159344,inter
W2080167233,inter
W2080172640,inter
W2080176894,inter
W2080180141,inter
W2080195010,inter
W2080224812,inter
W2080227590,inter
W2080240554,inter
W2080254038,inter
W2080268978,inter
W2080279242,inter
W2080290181,inter
W2080294574,inter
W2080318778,inter
W2080348090,inter
W2080392903,inter
W2080397220,inter
W2080417696,inter
W2080422910,inter
W2080433800,inter
W2080443424,inter
W2080463622,inter
W2080467160,inst
W2080484941,inst
W2080497978,inter
W2080498121,inst
W2080513714,inter
W2080516816,inter
W2080521149,inter
W2080522580,inter
W2080540270,inter
W2080559363,inter
W2080570874,inter
W2080592089,inter
W2080598988,inter
W2080609618,inter
W2080609645,inter
W2080621034,inter
W2080625331,inter
W2080635242,inter
W2080636584,inter
W2080641403,inter
W2080648752,inter
W2080653934,inter
W2080666584,inter
W2080676333,inter
W2080722576,inter
W2080748905,inter
W2080769825,inter
W2080770813,inter
W2080782325,inst
W2080782710,inter
W2080807359,inter
W2080819195,inter
W2080835330,inter
W2080845214,inter
W2080854683,inst
W2080860745,uni
W2080892608,inter
W2080897277,inter
W2080903873,inter
W2080913999,inter
W2080917912,inter
W2080925484,inter
W2080936997,inter
W2080943955,inter
W2080955644,inter
W2080982083,inter
W2080997886,inter
W2081050523,inter
W2081057410,inter
W2081066532,uni
W2081069741,inst
W2081079967,inter
W2081085489,inst
W2081090082,inter
W2081104969,inter
W2081108620,inter
W2081109124,inter
W2081110439,inter
W2081133847,inter
W2081135029,inter
W2081157823,inter
W2081168105,inter
W2081186775,inter
W2081198029,inter
W2081199895,inter
W2081201773,inter
W2081232506,inter
W2081241079,inter
W2081245663,inter
W2081252031,inter
W2081268539,inter
W2081269878,inst
W2081282960,inter
W2081295043,inter
W2081307663,inter
W2081314642,inter
W2081317921,inter
W2081319144,inter
W2081323866,inter
W2081329332,inter
W2081329681,inter
W2081336204,inter
W2081354834,inter
W2081373884,inter
W2081410745,inter
W2081413236,inter
W2081418428,inter
W2081422781,inter
W2081424146,inter
W2081432165,inter
W2081444194,inter
W2081458528,inter
W2081461908,inter
W2081483297,inter
W2081488067,inter
W2081490348,inter
W2081495776,inter
W2081497813,uni
W2081518064,inter
W2081521772,inter
W2081525003,inter
W2081525737,inter
W2081533422,inter
W2081534675,inter
W2081538034,inter
W2081544079,inter
W2081544872,inter
W2081555891,uni
W2081580037,top tier
W2081584164,inter
W2081604642,inter
W2081605170,inter
W2081611876,inter
W2081612234,inter
W2081612620,inter
W2081642319,inter
W2081653485,inter
W2081660935,inter
W2081676769,inst
W2081692214,inter
W2081697851,uni
W2081698350,inter
W2081715146,inter
W2081717961,inter
W2081724471,inter
W20817258,inter
W2081727287,inst
W2081744538,inter
W2081749411,inter
W2081772003,inst
W2081778896,inst
W2081805716,inter
W2081810802,inter
W2081810835,inter
W2081829915,inter
W2081835714,inter
W2081837280,inter
W2081843224,inter
W2081848125,inter
W2081849221,inter
W2081867210,inter
W2081869611,inter
W2081898709,inter
W2081933987,inter
W2081934635,inst
W2081938755,inst
W2081940040,inter
W2081944951,inter
W2081961519,inter
W2081962834,inter
W2081972960,inter
W2081979535,inter
W2081980144,inter
W2081982874,inter
W2081990119,inter
W2081996589,inter
W2082001547,inter
W2082014836,inst
W2082016503,inter
W2082076175,inter
W2082081063,inst
W2082085311,inter
W2082087000,inter
W2082093772,inter
W2082104394,inter
W2082112244,inter
W2082121123,inter
W2082128958,inter
W2082134538,uni
W2082140503,inst
W2082143809,inter
W2082153419,inter
W2082168306,inst
W2082174472,inter
W2082174498,inter
W2082180526,inst
W2082184234,inter
W2082189244,inter
W2082198854,inter
W2082199161,inter
W2082206269,inter
W2082224081,inter
W2082229127,inter
W2082232887,inter
W2082233293,inter
W2082241506,inter
W2082249447,inst
W2082252026,inter
W2082275500,inter
W2082302018,inter
W2082308025,inst
W2082321095,inter
W2082324042,inter
W2082329499,inter
W2082331247,inter
W2082338905,inter
W2082372845,inter
W2082388593,inter
W2082407010,inter
W2082411704,inter
W2082425789,inter
W2082430318,inter
W2082444086,inst
W2082453965,inter
W2082465767,inter
W2082466231,inter
W2082468510,inter
W2082471139,inst
W2082471984,inter
W2082508905,inter
W2082509218,inter
W2082511574,uni
W2082514234,inter
W2082526668,inter
W2082529129,inst
W2082559624,inter
W2082581695,inst
W2082583687,inter
W2082592855,inter
W2082598637,inter
W2082610078,inter
W2082615565,inter
W2082630739,inter
W2082644477,inter
W2082658029,inter
W2082674017,inter
W2082674239,inter
W2082684067,inst
W2082685043,inst
W2082688097,inter
W2082691187,inter
W2082694738,inst
W2082702938,inter
W2082704504,inter
W2082713390,inter
W2082717522,inter
W2082727576,inter
W2082738784,inst
W2082766929,inter
W2082770701,inst
W2082778893,inter
W2082789158,inter
W2082829459,inter
W2082846415,inter
W2082848911,inter
W2082851791,inter
W2082854824,inter
W2082882060,inter
W2082884384,inter
W2082889410,inter
W2082897656,inter
W2082907229,inter
W2082920669,inter
W2082921758,uni
W2082923623,inter
W2082932857,inst
W2082966119,uni
W2082967074,inter
W2082969142,inter
W2082988498,inst
W2082990239,inter
W2082991751,inter
W2083013597,inter
W2083019346,inter
W2083023271,inter
W2083026317,inter
W2083030345,inter
W2083032136,inter
W2083033699,inter
W2083041300,inter
W2083063774,inter
W2083099567,inter
W2083101538,inter
W2083103537,inter
W2083122073,inter
W2083152242,inst
W2083162126,inter
W2083163329,inst
W2083178891,inter
W2083182934,inst
W2083183119,inst
W2083188167,inter
W2083209848,inter
W2083223759,inter
W2083231836,inter
W2083232784,inter
W2083258242,inter
W2083270107,inter
W2083276243,inter
W2083277843,inter
W2083287865,inter
W2083291282,inst
W2083301425,inter
W2083305080,uni
W2083305840,inst
W2083315027,inter
W2083315413,inter
W2083322535,inter
W2083331665,inter
W2083353381,inter
W2083357246,inter
W2083365981,inst
W2083366168,inter
W2083380483,inter
W2083388788,inter
W2083389933,inter
W2083397494,inst
W2083401186,inter
W2083408498,inst
W2083409154,inter
W2083423395,inter
W2083432626,inter
W2083440647,inter
W2083444538,uni
W2083458026,inter
W2083461200,inter
W2083472026,inter
W2083478423,inter
W2083482104,inter
W2083487127,inter
W2083492510,inst
W2083503884,inter
W2083506818,inst
W2083526855,inst
W2083533476,inter
W2083538791,inter
W2083542343,inter
W2083542943,inter
W2083545271,inter
W2083546784,inter
W2083559203,inter
W2083582440,inter
W2083589318,inter
W2083592286,inter
W2083594302,inter
W2083597815,inter
W2083605078,inst
W2083606474,inter
W2083613288,inter
W2083639974,inter
W2083647740,inter
W2083649115,inter
W2083658750,inter
W2083661458,inter
W2083673985,inter
W2083677758,inter
W2083680779,inter
W2083697466,inst
W2083705291,inter
W2083711748,uni
W2083715802,inter
W2083724846,inter
W2083743691,inter
W2083749200,inst
W2083752081,inst
W2083770528,inter
W2083786269,inter
W2083787309,inter
W2083800297,inter
W2083811603,inter
W2083818478,inter
W2083826886,inter
W2083832610,inter
W2083852083,inter
W2083856256,inter
W2083858419,inter
W208386059,inter
W2083868341,inst
W2083870627,inter
W2083878522,inter
W2083882370,inter
W2083888899,inter
W2083889207,inter
W2083892818,inter
W2083905053,inter
W2083905314,inter
W2083944725,inter
W2083955294,inter
W2083955318,inter
W2083962542,inter
W2083970667,inter
W2083979133,inter
W2083988638,uni
W2083992035,inter
W2083992397,inter
W2084004807,inter
W2084028549,inter
W2084028576,inter
W2084040475,inter
W2084044465,inter
W2084069552,inter
W2084083958,inter
W2084120575,inter
W2084126977,inter
W2084134149,inter
W2084136254,inter
W2084137638,inter
W2084140489,inter
W2084146166,inter
W2084154769,inter
W2084157271,inter
W2084205924,inter
W2084220013,inter
W2084224084,inter
W2084243279,uni
W2084252081,inter
W2084262486,inter
W2084268712,inter
W2084272226,inter
W2084272546,inter
W2084283543,inter
W2084293828,inter
W2084307745,inter
W2084310619,inter
W2084313588,inter
W2084316739,inter
W2084328880,inter
W2084355037,inter
W2084360291,inter
W2084363474,inter
W2084406642,inter
W2084420179,inter
W2084423986,inst
W2084445615,uni
W2084456578,inter
W2084465082,inst
W2084466853,uni
W2084481683,inter
W2084485490,inter
W2084488110,inter
W2084500143,inst
W2084507157,inter
W2084512860,inter
W2084515659,inter
W2084543052,inter
W2084564763,inter
W2084567445,inter
W2084568010,inter
W2084573121,inter
W2084584807,inter
W2084597840,inter
W2084597926,inter
W2084601320,inter
W2084610394,inter
W2084611707,inter
W2084616221,inter
W2084619708,inter
W2084623738,uni
W2084641094,inter
W2084641497,inter
W2084652510,inter
W2084660706,inst
W2084662183,inter
W2084682021,inter
W2084684463,inter
W2084684966,inter
W2084729048,inter
W2084737838,inter
W2084750020,inter
W2084776520,inter
W2084793887,inter
W2084808541,inter
W2084812512,inter
W2084818361,inter
W2084819798,inter
W2084835202,inter
W2084836129,inter
W2084854556,inter
W2084858263,inst
W2084864601,inter
W2084871461,inter
W2084883567,inter
W2084886439,inter
W2084888750,inter
W2084896315,inter
W2084932984,inter
W2084944367,inter
W2084956527,inter
W2084961920,inter
W2084977359,inter
W2084977935,inter
W2084980974,inter
W2085006582,inter
W2085008830,inter
W2085010232,inter
W2085019506,inter
W2085029196,inter
W2085032701,inter
W2085044339,inter
W2085045575,inter
W2085046641,inter
W2085049270,inter
W2085050643,inst
W2085083997,inter
W2085085134,inter
W2085093211,uni
W2085093708,inter
W2085115114,inter
W2085138189,inter
W2085144496,inter
W2085145096,uni
W2085158502,inst
W2085167725,inter
W2085173595,inter
W2085177270,inter
W2085201606,inter
W2085208602,inter
W2085214924,inst
W2085232378,inter
W2085238338,inst
W2085259167,inst
W2085261163,top tier
W2085261789,inst
W2085270901,inter
W2085302848,inter
W2085318817,inter
W2085319495,inter
W2085337990,inter
W2085344309,inst
W2085352353,inter
W2085361835,inter
W2085373658,inter
W2085378537,inter
W2085388609,inter
W2085395811,inter
W2085406322,inter
W2085410041,inter
W2085419825,inter
W2085421007,inter
W2085422792,inter
W2085451024,inter
W2085454201,inst
W2085463545,inter
W2085464172,inter
W2085468469,inter
W2085469646,inter
W2085471151,inter
W2085498745,inter
W2085504555,inst
W2085525401,inter
W2085540322,inter
W2085552711,inter
W2085554865,inter
W2085582970,inter
W2085583853,inst
W2085628363,inter
W2085629944,inter
W2085642842,inter
W2085648192,inter
W2085662862,inst
W2085668020,inter
W2085669808,inter
W2085697918,inter
W2085698608,inter
W2085710676,inter
W2085712671,inter
W2085735842,inter
W2085744431,inst
W2085754511,inter
W2085768358,inter
W2085771427,inter
W2085789144,inter
W2085792948,inter
W2085800182,inter
W2085801087,inter
W2085808540,inter
W2085820020,inter
W2085827136,inter
W2085830763,inter
W2085833518,inter
W2085858397,inter
W2085862300,inst
W2085864267,inter
W2085867575,inter
W2085888907,inter
W2085917651,inter
W2085922539,inter
W2085926688,inter
W2085928786,inter
W2085937140,inter
W2085937320,inter
W2085940840,inter
W2085946877,inter
W2085953073,inter
W2085954366,inter
W2085956853,inter
W2085970038,inter
W2085976476,inter
W2085977383,inter
W2086005294,inter
W2086008272,inter
W2086008478,inter
W2086027629,inter
W2086039575,inst
W2086040181,inter
W2086042811,inst
W2086045666,inter
W2086071816,inter
W2086074953,inst
W2086100849,inter
W2086106287,inter
W2086119402,inter
W2086128053,uni
W2086141560,inter
W2086144984,inter
W2086146110,inter
W2086156647,inter
W2086160340,inter
W2086163366,inter
W2086164463,inter
W2086166193,inter
W2086179657,inter
W2086184903,inter
W2086186328,inter
W2086188713,inst
W2086192617,inter
W2086194488,inter
W2086198569,inter
W2086210210,inst
W2086212877,inter
W2086226917,inst
W2086255582,inter
W2086260534,inter
W2086261219,inter
W2086262162,inter
W2086273489,inter
W2086277433,inter
W2086281316,uni
W2086283643,inter
W2086290259,inter
W2086308256,inter
W2086311683,inter
W2086315885,inter
W2086325844,inter
W2086326315,inter
W2086329639,inter
W2086332357,inter
W2086333061,inter
W2086348759,inter
W2086365620,inter
W2086380285,inter
W2086381917,inter
W2086395880,inter
W2086407934,inter
W2086438054,inter
W2086438773,inter
W2086472667,inter
W2086474457,inter
W2086487927,inter
W2086504823,inter
W2086512828,inter
W2086512985,inter
W2086517658,inter
W2086520272,inst
W2086539473,inter
W208654116,inter
W2086574746,inter
W2086591901,inter
W2086602363,inter
W2086614596,inter
W2086619045,inter
W2086620637,inter
W2086624482,inter
W2086625138,inter
W2086648308,inter
W2086686040,inter
W2086691538,inst
W2086693309,inter
W2086694370,inter
W2086713775,inter
W2086719270,inter
W2086729168,inter
W2086733722,inter
W2086739137,inter
W2086747090,inter
W2086766624,inter
W2086769802,inter
W2086782013,inter
W2086797095,inter
W2086804994,uni
W2086821937,inter
W2086832424,inter
W2086833104,inter
W2086833148,inter
W2086834179,inter
W2086843001,inter
W2086854199,inter
W2086858490,inter
W2086867684,inter
W2086868588,inter
W2086875012,inter
W2086877268,inter
W2086898388,inter
W2086917808,inter
W2086921140,inter
W2086923889,inst
W2086929547,inter
W2086931245,inter
W2086932832,inter
W2086946330,uni
W2086948939,uni
W2086960600,inter
W2086965045,uni
W2086980357,inst
W2086999348,inter
W2086999900,inter
W2087020202,inter
W2087054292,inter
W2087064593,top tier
W2087071312,inter
W2087074734,inter
W2087078934,inter
W2087083200,inter
W2087090392,inter
W2087091770,inter
W2087101057,inst
W2087122399,uni
W2087122984,inter
W2087128584,inter
W2087129702,inter
W2087133127,inter
W2087135382,inter
W2087136780,inter
W2087142053,inter
W2087143899,inter
W2087157839,inter
W2087182773,inter
W2087184281,inter
W2087187421,inter
W2087187685,inter
W2087196488,inter
W2087205724,inter
W2087232378,uni
W2087255219,inst
W2087256203,inst
W2087287949,inter
W2087291145,inter
W2087295784,inter
W2087300543,inter
W2087304615,uni
W2087309647,inter
W2087314535,inst
W2087322651,inter
W2087332622,inst
W2087334248,inst
W2087338340,inter
W2087347434,top tier
W2087357655,inter
W2087361987,inter
W2087370928,inter
W2087382273,inter
W2087392085,uni
W2087397614,inst
W2087405099,inter
W2087421046,inter
W2087435110,inter
W2087455320,inter
W2087466582,inter
W2087475313,inter
W2087476308,inst
W2087476542,inter
W2087484772,inter
W2087485207,inter
W2087499664,inter
W2087510004,inter
W2087512675,inter
W2087534000,inter
W2087544630,inter
W2087544865,inst
W2087549321,inter
W2087555024,inter
W2087559790,inter
W2087569883,inter
W2087573146,inter
W2087578856,inter
W2087580327,inter
W2087583269,inter
W2087586301,inter
W2087592855,inter
W2087594943,inter
W2087604109,inter
W2087604113,inter
W2087612811,inst
W2087617385,inter
W2087621126,inter
W2087621153,inter
W2087654101,inter
W2087661061,inter
W2087668094,inter
W2087681821,inst
W2087686387,inter
W2087688145,inter
W2087698532,inter
W2087698958,inter
W2087739686,inter
W2087748609,inter
W2087749124,inst
W2087749557,inst
W2087751907,inter
W2087754359,inter
W2087756952,inter
W2087774313,inter
W2087777043,inter
W2087787226,inter
W2087818911,inter
W2087824626,inter
W2087831729,inter
W2087832061,inter
W2087843362,inter
W2087856536,inter
W2087863398,inst
W2087891564,inter
W2087894985,inter
W2087895810,inter
W2087900192,inter
W2087925137,inter
W2087926565,inter
W2087943567,inter
W2087946700,inter
W2087952852,uni
W2087957741,inter
W2087960546,inter
W2087966250,inter
W2087967595,uni
W2087977130,inst
W2087980543,inter
W2087986219,inter
W2087993849,inter
W2087997938,inter
W2088025057,inter
W2088027966,inter
W2088055539,inter
W2088061432,inter
W2088065495,inter
W2088071292,inter
W2088106051,inter
W2088112410,inter
W2088121730,inter
W2088126743,uni
W2088128980,inst
W2088134541,inst
W2088138134,inter
W2088154247,inter
W2088157410,inter
W2088179629,inter
W2088190562,inter
W2088192256,inter
W2088216316,uni
W2088221489,inst
W2088225964,inter
W2088230933,inter
W2088247203,inst
W2088257737,inter
W2088277496,inter
W2088278769,inter
W2088286936,inter
W2088295162,uni
W2088298220,inter
W2088299796,inst
W2088300760,inst
W2088302563,inter
W2088304137,inter
W2088312854,inter
W2088316292,inter
W2088323702,inter
W2088352895,inter
W2088359739,inter
W2088367177,inter
W2088381812,inter
W2088406061,inter
W2088424609,inter
W2088437415,inter
W2088439420,inter
W2088442597,inter
W2088492763,inter
W2088493762,inter
W2088515011,inter
W2088518924,inst
W2088533481,inter
W2088548213,inter
W2088559507,inter
W2088575594,inter
W2088581847,inter
W2088644026,inter
W2088653991,inter
W2088658556,inter
W2088663495,inter
W2088667706,inter
W2088692353,inter
W2088696604,inter
W2088719955,inst
W2088723799,inst
W2088726189,inter
W2088731468,inter
W2088735483,inter
W2088755796,uni
W2088761115,inter
W2088769039,inter
W2088770934,inter
W2088771763,inter
W2088809474,inter
W2088810629,inter
W2088832111,inter
W2088841826,inter
W2088861915,inter
W2088866137,inter
W2088866250,uni
W2088868777,inter
W2088869937,inst
W2088874122,inter
W2088900221,inter
W2088903882,inter
W2088915003,inter
W2088916770,inter
W2088921570,inter
W2088923887,inter
W2088929512,inter
W2088953798,inter
W2088960431,inst
W2088970218,inter
W2088990166,inter
W2088991820,inter
W2088999607,inter
W2089015013,inter
W2089028071,uni
W2089028133,inter
W2089030232,inter
W2089035939,inst
W2089036784,inter
W2089054586,inter
W2089056028,inter
W2089064410,inter
W2089071350,inter
W2089091513,inter
W2089101781,inter
W2089112644,inter
W2089114228,inter
W2089119080,inter
W2089123736,uni
W2089132965,inter
W2089135543,inter
W2089181240,inter
W2089185190,inter
W2089188080,inter
W2089194229,inter
W2089221556,inter
W2089229511,inter
W2089229947,inter
W2089237419,inst
W2089240907,inter
W2089241181,inter
W2089254731,inter
W2089257218,inter
W2089265984,inst
W2089281324,inter
W2089282273,inter
W2089305009,inter
W2089338675,inter
W2089353209,inter
W2089362292,inter
W2089364185,inter
W2089373496,inst
W2089405895,inter
W2089416752,inter
W2089418611,inter
W2089437326,inter
W2089463122,inter
W2089465933,inter
W2089469045,inst
W2089479003,inter
W2089482437,inter
W2089485155,inter
W2089497633,inter
W2089501235,inter
W2089507620,inst
W2089508313,inter
W2089508405,inter
W2089512165,inter
W2089512297,inter
W2089513492,inst
W2089515781,inter
W2089528060,inter
W2089530466,inter
W2089550084,inter
W2089554624,inst
W2089559918,inter
W2089562353,inst
W2089565871,inter
W2089572368,inter
W2089572724,inter
W2089577237,inter
W2089616318,inter
W2089624191,inter
W2089629718,inter
W2089632823,inter
W2089664663,inter
W2089687622,inter
W2089699397,inter
W2089709430,inter
W2089735638,inter
W2089741653,inter
W2089744762,inter
W2089747945,inter
W2089752283,inter
W2089760923,inter
W2089767545,inter
W2089770101,inter
W2089776372,inter
W2089791656,inst
W2089795479,inter
W2089799314,inter
W2089811279,inter
W2089818778,inter
W2089818961,inter
W2089823004,inter
W2089839578,inter
W2089842379,inter
W2089851716,inter
W2089859140,inter
W2089879448,inter
W2089887872,inter
W2089892261,inter
W2089923329,inter
W2089926589,uni
W2089927212,inter
W2089939419,inter
W2089939717,inst
W2089940272,inst
W2089952996,inter
W2089958289,inst
W2089961441,inter
W2089979830,inter
W2089982944,inter
W2089983911,inter
W2089983963,inter
W2090003379,inter
W2090022420,inter
W2090035064,inter
W2090042335,inter
W2090046467,inter
W2090059852,inter
W2090068045,inst
W2090076432,inst
W2090098218,inter
W2090116979,inter
W2090128193,inter
W2090135014,inter
W2090136295,inter
W2090208309,inter
W2090210493,inter
W2090212574,uni
W2090214917,uni
W2090218979,inter
W2090228838,inter
W2090234451,inst
W2090257125,inter
W2090257439,inter
W2090277229,inter
W2090287545,inter
W2090287784,inter
W2090288698,inter
W2090292563,inter
W2090295503,inter
W2090301087,inter
W2090306244,inter
W2090331681,inter
W2090334843,inter
W2090337255,uni
W2090359754,inst
W2090364513,inter
W2090364578,inter
W2090375117,inter
W2090389282,inter
W2090398100,inter
W2090398718,inter
W2090413701,inst
W2090428529,inst
W2090430792,inter
W2090431249,inter
W2090435472,inter
W2090447741,uni
W2090460705,inter
W2090464165,inst
W2090466999,inter
W2090467197,inter
W2090468668,inter
W2090471280,inter
W2090477362,inst
W2090488630,inter
W2090499479,inter
W2090528056,inter
W2090532829,inter
W2090536881,inter
W2090549337,inter
W2090554480,inter
W2090573813,inter
W2090583473,inter
W2090584832,inst
W2090589639,inter
W2090598620,inter
W2090622163,inter
W2090629050,inter
W2090631087,inter
W2090636411,inst
W2090638693,inter
W2090640564,uni
W2090642908,inter
W2090656662,inter
W2090679187,inter
W2090702898,inter
W2090704233,inter
W2090721826,inter
W2090727353,inter
W2090742827,inter
W2090754927,inter
W2090772928,inter
W2090774487,inter
W2090776533,inter
W2090788438,inter
W2090804323,inter
W2090805977,inter
W2090807647,inter
W2090811998,inter
W2090826149,inter
W2090832914,inter
W2090834590,inter
W2090881117,inter
W2090883204,inter
W2090921236,inter
W2090930524,inter
W2090932549,inter
W2090943575,inter
W2090948681,inter
W2090956330,inter
W2090958693,inter
W2090959114,inter
W2090966617,inter
W2090976551,inter
W2091011578,inter
W2091011608,inter
W2091036891,inst
W2091038082,inter
W2091067386,inter
W2091075671,inter
W2091079949,inter
W2091084011,inter
W2091088253,inter
W2091101062,inter
W2091118421,inter
W2091138132,inst
W2091144151,inst
W2091151137,inter
W2091154254,inst
W2091173639,inter
W2091191389,inst
W2091191599,inst
W2091207396,inter
W2091222316,inter
W2091225325,inter
W2091255661,inter
W2091260227,inter
W2091266499,inter
W2091274215,inter
W2091299652,inter
W2091320241,inter
W2091321688,inter
W2091328698,inst
W2091331782,inter
W2091333973,uni
W2091335037,inter
W2091337304,inter
W2091351614,inter
W2091354445,inter
W2091370007,inter
W209138504,inter
W2091395688,inst
W2091397530,inter
W2091399604,inst
W2091400421,inter
W2091429460,inter
W2091432990,inter
W2091434413,inter
W2091464348,inter
W2091467828,inter
W2091506505,inst
W2091514078,inter
W2091523578,inter
W2091524004,uni
W2091530576,inter
W2091545779,inter
W2091567533,inst
W2091576305,inter
W2091578155,inter
W2091580460,inst
W2091591717,inter
W2091599869,inter
W2091608293,inter
W2091618531,inst
W2091633017,inter
W2091645709,inter
W2091650992,inter
W2091659514,inter
W2091674391,inter
W2091675061,inst
W2091687288,inter
W2091688427,inter
W2091696547,inter
W2091701459,inter
W2091716045,inter
W2091735644,inter
W2091746647,inst
W2091753181,inter
W2091754370,inter
W2091767251,inter
W2091774437,inter
W2091781639,inter
W2091791081,inter
W2091822872,inst
W2091825929,inter
W2091845854,inter
W2091846236,inter
W2091847381,inter
W2091849600,inter
W2091856245,inst
W2091874706,uni
W2091903496,inter
W2091903656,inter
W2091904688,inter
W2091905905,inter
W2091914385,inter
W2091921805,inter
W2091929511,inter
W2091932637,uni
W2091936226,inst
W2091944075,inter
W2092003082,inter
W2092011338,inst
W2092022777,inter
W2092041662,inter
W2092042102,inter
W2092063754,inter
W2092070658,inter
W2092085096,inter
W2092091053,inter
W2092108200,inter
W2092115639,inter
W2092144116,inter
W2092153118,inst
W2092158674,inst
W2092161169,inter
W2092166008,inter
W2092187580,inter
W2092211038,inter
W2092216003,inter
W2092217598,inter
W2092224969,inst
W2092228682,inter
W2092229471,uni
W2092232734,inter
W2092239883,inter
W2092242581,inst
W2092258731,inst
W2092262814,inter
W2092270448,inst
W2092272787,inter
W2092273264,inter
W2092292177,inter
W2092297694,inter
W2092303846,inter
W2092325228,inter
W2092335140,inter
W2092335398,inter
W2092347164,inter
W2092368765,inter
W2092376312,inter
W2092378115,inter
W2092389652,inter
W2092394555,inter
W2092395488,inter
W2092395565,inter
W2092407721,inter
W2092410065,inter
W2092417254,inter
W2092420767,inter
W2092424552,inter
W2092433893,inter
W2092434614,inter
W2092439735,inst
W2092447266,inter
W2092452488,inter
W2092460372,inter
W2092475127,inter
W2092477882,inter
W2092483442,inter
W2092490196,inter
W2092490304,inter
W2092496110,inter
W2092510660,inter
W2092513324,inter
W2092513867,inter
W2092518468,inter
W2092526062,inter
W2092543127,inst
W2092548083,inter
W2092552275,inter
W2092552912,inter
W2092598323,inter
W2092609188,inter
W2092611032,inter
W2092616559,inter
W2092623750,inter
W2092632611,uni
W2092653417,inter
W2092661520,inter
W2092667369,inter
W2092669196,inter
W2092682490,inter
W2092696828,inter
W2092698230,inter
W2092723276,inter
W2092746968,inter
W2092747409,inter
W2092747774,inter
W2092749268,inter
W2092762212,inter
W2092782423,inter
W2092797068,inter
W2092808928,inter
W2092813710,inter
W2092845679,inst
W2092847816,inter
W2092855040,inter
W2092856356,inst
W2092860756,inter
W2092868107,inst
W2092886121,inter
W2092895314,inter
W2092898274,inter
W2092899292,inter
W2092911486,inter
W2092938774,inter
W2092949859,inter
W2092958664,uni
W2092961325,inst
W2092966366,inter
W2092968099,inter
W2092971644,inter
W2092976171,inter
W2092985495,inter
W2092986657,inst
W2092993939,inst
W2093009076,inter
W2093010960,inter
W2093011562,inter
W2093017147,inter
W2093019367,inter
W2093036081,inter
W2093043622,inter
W2093044475,inter
W2093062132,inter
W2093064982,inst
W2093091899,inter
W2093095569,inter
W2093112233,inter
W2093132937,inter
W2093149614,inter
W2093157821,inter
W2093161589,inter
W2093170956,inter
W2093178145,inter
W2093185628,inter
W2093190022,inter
W2093190980,inter
W2093199434,inter
W2093202779,inst
W2093217046,inter
W2093217493,inter
W2093229042,inter
W2093246563,inst
W2093251089,inter
W2093257937,inter
W2093271157,inter
W2093279820,inter
W2093291243,inter
W2093305084,inter
W2093313266,inter
W2093313511,inter
W2093323445,inter
W2093323487,inter
W2093326633,inter
W2093333133,inter
W2093347696,inter
W2093347728,uni
W2093357278,inter
W2093361720,uni
W2093365458,inter
W2093375622,inter
W2093376798,inter
W2093383156,inter
W2093400430,inter
W2093400823,uni
W2093426296,inter
W2093440799,inter
W2093449502,inter
W2093449934,inter
W2093471568,inter
W2093499423,inter
W2093505408,inter
W2093507623,inter
W2093536540,inst
W2093541376,inst
W2093555426,inter
W2093590786,inter
W2093591327,inter
W2093606067,inter
W2093617232,inter
W2093620744,inter
W2093634328,inter
W2093651115,inter
W2093678351,inter
W2093683589,inter
W2093700795,inter
W2093701607,inter
W2093708648,inter
W2093709255,inter
W2093721829,inst
W2093721929,inter
W2093729535,inter
W2093750802,inter
W2093768254,inter
W2093791094,inter
W2093817708,uni
W2093823827,inter
W2093825590,inter
W2093833539,inst
W2093843984,inst
W2093856853,inter
W2093862051,inter
W2093864977,inter
W2093886025,inter
W2093923965,inter
W2093926511,inter
W2093949207,inst
W2093951247,inst
W2093955413,inter
W2093972952,inter
W2093983030,uni
W2093990414,inter
W2093991833,inter
W2094004458,inter
W2094012046,inter
W2094013098,inter
W2094025169,inter
W2094047042,inter
W2094056275,inter
W2094056776,inter
W2094057249,inter
W2094067340,inter
W2094068838,inter
W2094077662,uni
W2094078373,inter
W2094109080,inter
W2094116030,inter
W2094116506,inter
W2094122366,inter
W2094131148,inter
W2094137324,inter
W2094144369,inter
W2094154229,inter
W2094159214,inst
W2094197777,inter
W2094202793,uni
W2094222241,inst
W2094222793,inst
W2094226255,inter
W2094248651,inter
W2094263128,inter
W2094291523,inter
W2094314299,inter
W2094337652,inter
W2094350693,inter
W2094352132,inter
W2094371111,inter
W2094373925,uni
W2094377471,inst
W2094382938,inter
W2094400866,inter
W2094416066,inter
W2094424657,inter
W2094427991,inter
W2094431892,inter
W2094438340,inter
W2094464778,inst
W2094474414,inter
W2094482502,inter
W2094494490,uni
W2094507611,inter
W2094508696,inter
W2094510831,inter
W2094534479,inter
W2094542439,inst
W2094547360,inst
W2094558138,inter
W2094568392,inter
W2094569357,inter
W2094572793,inter
W2094585062,inter
W2094589769,inter
W2094595735,inter
W2094603253,inter
W2094603430,inter
W2094607148,inter
W2094611504,inter
W2094621673,inter
W2094629119,inter
W2094630932,inter
W2094631910,inter
W2094636498,inter
W2094648505,inst
W2094651426,inter
W2094651715,inter
W2094662875,uni
W2094673645,inter
W2094693699,inter
W2094707096,inter
W2094707296,inter
W2094715109,inst
W2094728445,inst
W2094729719,inst
W2094757833,inter
W2094760805,inter
W2094773601,inter
W2094786643,inter
W2094788183,inter
W2094791856,inst
W2094792702,inter
W2094794667,inter
W2094806030,inst
W2094835105,inter
W2094836090,inter
W2094839792,inter
W2094852750,inter
W2094866325,inter
W2094874265,inter
W2094877794,inter
W2094881235,inter
W2094902928,inst
W2094908318,inter
W2094919967,inter
W2094924663,inter
W2094964720,inter
W2094969361,inter
W2094976376,inter
W2094998392,inter
W2094999871,uni
W2095000512,inter
W2095040465,inst
W2095053518,inter
W2095066858,inter
W2095069785,inst
W2095071916,inter
W2095115886,inter
W2095120546,inter
W2095126697,inter
W2095130919,inter
W2095135236,inter
W2095135670,inst
W2095142960,inter
W2095147901,inter
W2095153783,inter
W2095157451,uni
W2095165827,inter
W2095167456,inter
W2095183018,inter
W2095193059,inter
W2095195675,inter
W2095204259,inter
W2095206451,uni
W2095224843,inter
W2095225883,uni
W2095226306,inter
W2095234341,inter
W2095235153,inter
W2095236682,inter
W2095242101,inter
W2095252718,inter
W2095257190,inter
W2095272886,inter
W2095282848,inter
W2095294591,inter
W2095297868,inter
W2095309786,inter
W2095324495,inter
W2095332405,inter
W2095334184,inter
W2095337209,inter
W2095343473,inter
W2095345875,inter
W2095348923,inst
W2095356161,inter
W2095364489,inter
W2095373758,inter
W2095376951,uni
W2095379941,inter
W2095384560,inter
W2095409338,inter
W2095425517,inter
W2095436832,inter
W2095439426,inter
W2095445096,inter
W2095471253,uni
W2095478116,inter
W2095490752,inter
W2095501702,inter
W2095521784,inter
W2095536970,inst
W2095555456,inter
W2095559005,inst
W2095559770,inter
W2095569536,inter
W2095572863,uni
W2095574171,inter
W2095589166,inter
W2095590702,inter
W2095595785,inter
W2095602394,inter
W2095606900,inter
W2095610590,inter
W2095618661,inter
W2095657345,inter
W2095657361,inter
W2095659284,inter
W2095663332,inst
W2095668662,inter
W2095691435,inter
W2095699593,inter
W2095701484,inter
W2095705004,top tier
W2095708839,inter
W2095721262,inter
W2095723660,inter
W2095725132,inter
W2095738494,inter
W2095743061,uni
W2095747918,inst
W2095750692,inter
W2095753402,inter
W2095754488,inter
W2095755044,inter
W2095760215,inter
W2095764889,inst
W2095774576,inter
W2095788961,inter
W2095796369,inter
W2095804272,inter
W2095804977,inter
W2095814185,inter
W2095820479,inter
W2095831924,inter
W2095863970,inter
W2095871931,inter
W2095872092,inst
W2095875205,inst
W2095885957,inter
W2095899073,inter
W2095899555,inter
W2095902375,inst
W2095905764,inter
W2095912249,inter
W2095920931,inter
W2095960106,inter
W2095962821,inter
W2095963120,inter
W2096005292,inter
W2096018540,inter
W2096023570,inst
W2096023606,inter
W2096026309,inter
W2096027812,inter
W2096029721,inter
W2096030891,inter
W2096041903,inter
W2096044236,inter
W2096044434,inter
W2096050104,inter
W2096051534,inter
W2096053480,inst
W2096078936,inter
W2096085587,inter
W2096105566,inter
W2096107606,inter
W2096110600,inter
W2096111733,inter
W2096112371,inter
W2096113709,inter
W2096113751,inter
W2096114449,inter
W2096121393,inter
W2096134087,inter
W2096137215,inter
W2096142234,inter
W2096152098,inter
W2096155566,inst
W2096159022,inter
W2096160393,inter
W2096163668,inter
W2096164578,inter
W2096168630,inter
W2096171208,inter
W2096178021,inter
W2096178037,inter
W2096181151,inter
W2096191503,inter
W2096201474,inter
W2096216082,inter
W2096218937,inter
W2096226949,inter
W2096234108,inter
W2096236743,inter
W2096251975,inter
W2096252296,inter
W2096272167,inter
W2096274439,inter
W2096282892,inter
W2096285552,inter
W2096294213,inter
W2096295229,inter
W2096298745,inter
W2096300942,inter
W2096309046,inter
W2096318715,inter
W2096320114,inter
W2096329292,inter
W2096331040,inst
W2096342725,inter
W2096342831,inter
W2096346895,inter
W2096349222,inter
W2096363125,inter
W2096364381,inter
W2096373056,inter
W2096389124,inter
W2096391597,inter
W2096395334,inter
W2096403564,inter
W2096422142,inter
W2096425219,inter
W2096427748,inst
W2096431603,inter
W2096440057,inter
W2096441936,inter
W2096447542,inter
W2096449544,inter
W2096454268,inst
W2096455701,inter
W2096458542,inter
W2096473476,uni
W2096476389,inter
W2096482476,inst
W2096495282,inter
W2096498192,inter
W2096507750,inter
W2096509234,inter
W2096513964,inter
W2096529083,inter
W2096536283,inter
W2096537660,inter
W2096538674,inter
W2096539214,inter
W2096541451,inter
W2096545519,inter
W2096548445,inter
W2096548619,inter
W2096551755,inter
W2096578471,uni
W2096578865,inter
W2096579040,inter
W2096580990,inter
W2096592175,inter
W2096607457,inst
W2096613063,inst
W2096613134,inter
W2096616810,inter
W2096623622,inter
W2096632535,inter
W2096639264,inst
W2096643759,inter
W2096648407,inter
W2096660605,inter
W2096661534,inst
W2096667375,inter
W2096669041,inst
W2096674994,inter
W2096682819,inst
W2096686957,uni
W2096687946,inter
W2096702363,inter
W2096714249,inter
W2096720193,inter
W2096725584,inter
W2096730180,inter
W2096736162,inter
W2096739999,inter
W2096740407,inter
W2096754397,inter
W2096763807,inter
W2096769936,inter
W2096772800,inst
W2096774592,inter
W2096786554,inter
W2096791889,inter
W2096807547,uni
W2096814953,inter
W2096821708,inter
W2096827683,inter
W2096835548,inter
W2096847629,inter
W2096864392,inter
W2096871127,inter
W2096873508,inter
W2096877663,inst
W2096891243,inter
W2096893409,inter
W2096910932,inter
W2096920618,inter
W2096921246,inter
W2096921767,inter
W2096933452,inter
W2096943734,inst
W2096943939,inter
W2096948306,inter
W2096949528,inter
W2096956640,inter
W2096962810,inter
W2096973649,inst
W2096984607,inter
W2096986553,inter
W2096986600,inter
W2096987757,inter
W2096989099,inter
W2096994080,inter
W2096995301,inst
W2097004253,inter
W2097009789,inter
W2097015921,inst
W2097016048,inter
W2097016383,inter
W2097018403,inter
W2097039598,inter
W2097039814,inter
W2097048655,inst
W2097057245,inter
W2097061348,inter
W2097070787,inst
W2097073572,inter
W2097074225,inter
W2097079799,inter
W2097083707,inter
W2097092269,inter
W2097092518,inter
W2097095666,inter
W2097117010,inter
W2097117768,top tier
W2097137218,inst
W2097143245,inter
W2097150846,inst
W2097163624,inst
W2097165944,inter
W2097166675,inter
W2097171585,inter
W2097179345,inter
W2097184312,inst
W2097187365,inst
W2097189277,inter
W2097189968,inter
W2097190153,uni
W2097197771,inter
W2097198341,uni
W2097207940,inter
W2097222104,inter
W2097224497,inter
W2097227611,inter
W2097236039,inst
W2097241167,inst
W2097244736,inter
W2097244784,inter
W2097253747,inter
W2097272820,inter
W2097279136,inter
W2097284241,inter
W2097290407,inter
W2097297468,inter
W2097306413,inter
W2097308346,top tier
W2097323414,inst
W2097324787,inter
W2097325099,inter
W2097332492,inter
W2097335150,inter
W2097340162,inst
W2097341236,inst
W2097346619,inter
W2097346625,inter
W2097352549,inter
W2097352988,inter
W2097363716,inter
W2097365005,inter
W2097375867,inter
W2097378427,uni
W2097383592,inter
W2097388040,uni
W2097395913,inter
W2097400615,inter
W2097419069,inter
W2097428361,inst
W2097432053,inter
W2097447432,inst
W2097451239,inter
W2097460058,uni
W2097475480,inst
W2097490514,inter
W2097490898,inter
W2097493047,inter
W2097493185,inter
W2097506049,inter
W2097516772,inter
W2097532520,inter
W2097533491,inter
W2097536098,inter
W2097538524,uni
W2097565277,inter
W2097571242,inter
W2097573961,inst
W2097575613,inst
W2097584594,uni
W2097600762,inter
W2097605769,inter
W2097610177,inter
W2097616835,inter
W2097623696,inst
W2097643379,inter
W2097644822,inst
W2097654223,inter
W2097654787,inter
W2097660577,inter
W2097664646,inst
W2097694588,inter
W2097715044,inter
W2097717378,inter
W2097718339,inter
W2097719126,inter
W2097719548,inter
W2097719961,inter
W2097734643,inter
W2097743430,inst
W2097746659,inst
W2097748793,inter
W2097758943,inter
W2097762848,inter
W2097777575,inter
W2097823832,inter
W2097826433,inst
W2097827365,inter
W2097828029,inter
W2097836861,inter
W2097837968,inter
W2097848795,inter
W2097854232,inter
W2097856935,top tier
W2097859125,inter
W2097860170,inter
W2097862335,inter
W2097872824,inter
W2097873612,inst
W2097881573,inter
W2097882016,inst
W2097883065,inst
W2097886685,inst
W2097890196,inter
W2097900379,inter
W2097900616,inter
W2097921974,inter
W2097930379,inter
W2097937682,inst
W2097938951,inter
W2097939097,inter
W2097946733,inter
W2097951507,inter
W2097952524,inter
W2097958165,inter
W2097958635,inst
W2097964082,inter
W2097980832,inter
W2097983034,inter
W2097986987,inst
W2097987904,inter
W2097998348,top tier
W2098014284,inter
W2098016092,inter
W2098017479,inter
W2098020658,inter
W2098026127,inter
W2098030814,inter
W2098030829,inter
W2098033563,inter
W2098034778,inst
W2098043166,inter
W2098044074,inter
W2098057602,inter
W2098070646,inter
W2098081907,inst
W2098102356,inter
W2098115125,inter
W2098118679,inst
W2098125062,inter
W2098133383,uni
W2098135286,inter
W2098147781,inter
W2098162425,top tier
W2098167941,inst
W2098167944,inter
W2098187307,inter
W2098192607,inter
W2098203240,inter
W2098217413,inter
W2098220211,inter
W2098230038,inter
W2098242580,inter
W2098244894,inter
W2098278466,inter
W2098284517,inter
W2098284912,inter
W2098290011,inter
W2098305432,inter
W2098317931,inter
W2098322793,inter
W2098324512,inter
W2098334439,inter
W2098335856,inst
W2098342068,inter
W2098346263,inter
W2098347925,inter
W2098367421,inst
W2098367901,inter
W2098370286,inst
W2098397292,inter
W2098403512,inter
W2098407371,inter
W2098409716,inst
W2098428736,inter
W2098431065,inter
W2098439089,inter
W2098452713,inst
W2098463429,inter
W2098465576,inter
W2098472991,inter
W2098474053,inter
W2098477891,inter
W2098480463,inter
W2098492867,inter
W2098505831,inter
W2098509204,inter
W2098513918,inst
W2098524560,inter
W2098554822,inter
W2098559361,inter
W2098566101,uni
W2098582932,inter
W2098588438,inst
W2098594597,inter
W2098595404,inter
W2098595651,inter
W2098597588,inter
W2098608252,inter
W2098613108,top tier
W2098620241,inter
W2098622176,inter
W2098636211,inter
W2098646592,inter
W2098652249,inter
W2098654358,inter
W2098655989,inter
W2098673544,inter
W2098676252,inst
W2098682165,inter
W2098682358,inst
W2098688018,inter
W2098693229,inst
W2098695665,inter
W2098699654,inter
W2098704097,inter
W2098704402,inter
W209871706,inter
W2098725113,inter
W2098729728,inter
W2098736179,inter
W2098737611,inter
W2098739181,inter
W2098767950,inter
W2098781560,inter
W2098788461,inter
W2098800028,inst
W2098805747,inter
W2098839915,inter
W2098841537,inter
W2098867032,uni
W2098874823,inter
W2098884215,inter
W2098886869,inter
W2098901197,inter
W2098907614,inter
W2098909337,uni
W2098911219,inter
W2098927429,inter
W2098935637,inter
W2098948451,inter
W2098954801,inter
W2098964899,inst
W2098967177,inter
W2098972483,inter
W2098972539,inter
W2098979973,inst
W2098982435,inter
W2098983012,inter
W2098989530,inter
W2099001405,inter
W2099013489,inter
W2099016038,inter
W2099017268,inter
W2099025530,inter
W2099034079,inter
W2099049980,inter
W2099069768,inter
W2099084006,inter
W2099086552,inter
W2099088762,inter
W2099096195,inter
W2099096599,inter
W2099103563,inter
W2099106391,inst
W2099116209,inst
W2099116730,inter
W2099137293,inter
W2099137471,inter
W2099160365,inst
W2099166093,inst
W2099179843,inter
W2099193335,inter
W2099197181,inter
W2099211387,inter
W2099211390,inter
W2099216531,inter
W2099232155,inter
W2099244020,inst
W2099253838,inter
W2099265531,inter
W2099270838,inter
W2099274934,inter
W2099282135,inter
W2099296436,inter
W2099302818,inter
W2099308383,inter
W2099322651,inter
W2099322959,inter
W2099324746,uni
W2099324956,inter
W2099325254,inter
W2099335586,inter
W2099336824,inter
W2099342989,inst
W2099382657,inter
W2099388379,inter
W2099395665,inst
W2099396986,inter
W2099402694,inst
W2099417584,inter
W2099426291,inter
W2099440534,inter
W2099456548,inter
W2099459283,inter
W2099463627,inter
W2099471712,top tier
W2099473778,inst
W2099482512,inter
W2099493575,inter
W2099497055,inter
W2099501333,inter
W2099501835,inter
W2099529102,top tier
W2099537112,inter
W2099549006,inter
W2099550922,inter
W2099556912,inter
W2099562536,inter
W2099563019,inter
W2099573467,inter
W2099574482,top tier
W2099579348,inter
W2099582797,inter
W2099582970,inst
W2099585315,inter
W2099590046,uni
W2099593527,inst
W2099594132,inter
W2099597543,inter
W2099602798,inter
W2099611016,inst
W2099612189,inter
W2099621636,inter
W2099640828,inter
W2099647142,inter
W2099652064,inter
W2099657323,inter
W2099660863,inter
W2099665608,inter
W2099676055,inter
W2099680562,inter
W2099685349,inter
W2099708455,inter
W2099709763,inter
W2099741732,top tier
W2099751024,inter
W2099760222,inter
W2099761688,inter
W2099762194,inst
W2099787804,inst
W2099812803,inter
W2099822406,inter
W2099822433,inst
W2099839020,inter
W2099855131,inter
W2099859756,inter
W2099861483,inter
W2099863850,inter
W2099863975,inter
W2099867508,inter
W2099873680,inter
W2099882183,inter
W2099884809,inter
W2099890221,inter
W2099897767,inter
W2099906429,inter
W2099913788,inter
W2099915011,inter
W2099915247,inter
W2099920789,inter
W2099921932,inter
W2099930951,inter
W2099940443,inter
W2099941063,inter
W2099953428,inter
W2099958604,inst
W2099960657,inter
W2099961767,inter
W2099971239,uni
W2099986430,inst
W2099987944,inter
W2100029531,inst
W2100034399,inter
W2100052226,inter
W2100057277,inter
W2100058757,uni
W2100064533,inter
W2100076126,inter
W2100077146,inter
W2100078057,inst
W2100081537,inst
W2100086450,uni
W2100095076,inter
W2100113593,inter
W2100124006,inter
W2100129629,inter
W2100132912,inst
W2100132919,inter
W2100134231,inter
W2100137245,inter
W2100138384,inter
W2100142570,inter
W2100149279,inter
W2100153179,inst
W2100160194,inst
W2100162598,inter
W2100170134,inter
W2100170252,inst
W2100211715,inter
W2100215068,inter
W2100220302,inter
W2100221557,inter
W2100224231,inst
W2100230274,inst
W2100235303,inter
W2100240666,inter
W2100249329,inter
W2100251116,inter
W2100277359,inter
W2100294832,inter
W2100295236,inter
W2100315210,inter
W2100317852,inter
W2100320430,inter
W2100332042,uni
W2100342050,inter
W2100349128,uni
W2100350931,inst
W2100359062,inst
W2100366181,inst
W2100376070,inter
W2100379672,inter
W2100380725,inter
W2100384730,inst
W2100385916,inter
W2100388501,inter
W2100398441,inst
W2100422652,inter
W2100428290,inter
W2100428676,inter
W2100436540,inter
W2100442413,uni
W2100443350,uni
W2100447213,inter
W2100460953,inter
W2100473839,inter
W2100481637,inter
W2100483895,inter
W2100492937,inter
W2100495367,top tier
W2100514593,inter
W2100516359,inter
W2100519071,inter
W2100521589,inter
W2100530679,inter
W2100537597,uni
W2100548092,inter
W2100550451,inter
W2100559484,inter
W2100564571,inter
W2100576135,inter
W2100584422,inter
W2100586428,inter
W2100599034,inter
W2100603595,inter
W2100617191,inter
W2100636307,inter
W2100638775,inter
W2100642855,inter
W2100655604,inter
W2100668339,inter
W2100670758,inter
W2100671335,inter
W2100672751,inter
W2100673218,inter
W2100678718,inter
W2100688788,inter
W2100689902,inter
W2100690392,inter
W2100692624,inter
W2100697604,inter
W2100721436,inter
W2100728454,inter
W2100738695,inter
W2100739124,inter
W2100751585,inter
W2100753110,inter
W2100756512,inter
W2100765937,inter
W2100770837,inter
W2100771357,inter
W2100799353,inst
W2100805904,inter
W2100806474,inter
W2100813850,inter
W2100815879,inter
W2100830825,inter
W2100831346,inter
W2100838904,inter
W2100845694,inter
W2100845756,uni
W2100852132,inter
W2100855294,inter
W2100860054,inter
W2100860375,inter
W2100870848,inst
W2100874516,inter
W2100885264,inter
W2100887355,inter
W2100889285,inter
W2100903692,inter
W2100911004,inter
W2100916003,inter
W2100920791,inst
W2100921418,inter
W2100929573,inter
W2100936239,inst
W2100942489,inter
W2100946521,inter
W2100948993,inter
W2100950181,inter
W2100953237,inter
W2100960835,inter
W2100963077,inter
W2100970830,inter
W2100980494,inter
W2101000651,inter
W2101001095,inst
W2101005720,inter
W2101006133,inter
W2101025914,inter
W2101032778,inter
W2101036899,inter
W2101042113,inst
W2101042764,inter
W2101049293,inter
W2101051966,inter
W2101052016,inter
W2101055855,uni
W2101056461,inter
W2101062949,inst
W2101070257,inter
W2101075635,inter
W2101078720,inter
W2101079780,inter
W2101081311,inter
W2101088258,inter
W2101090882,inst
W2101100917,inter
W2101101242,inter
W2101105183,top tier
W2101107478,inter
W2101127205,inter
W2101135880,inter
W2101150179,inter
W2101154531,inter
W2101161011,inter
W2101192922,inter
W2101194540,inter
W2101194789,inst
W2101196233,inter
W2101211008,inst
W2101217223,inter
W2101219357,inter
W2101223914,inter
W2101247634,inter
W2101251342,inter
W2101278236,inter
W2101280787,inter
W2101294471,inter
W2101296223,inter
W2101305751,inter
W2101309634,inter
W2101327475,inter
W2101341548,inter
W2101349782,inter
W2101354822,inst
W2101393389,inter
W2101398646,inter
W2101414465,inter
W2101417236,inter
W2101439312,inter
W2101465610,inter
W2101469064,inter
W2101474491,uni
W2101491706,inter
W2101493843,inter
W2101495290,inter
W2101496652,inter
W2101498401,inter
W2101504257,inter
W2101513723,inter
W2101517582,inter
W2101518532,inter
W2101523447,inter
W2101538820,inter
W2101539302,inter
W2101539456,inter
W2101543052,inter
W2101548575,inter
W2101553368,inter
W2101556618,inst
W2101566415,inter
W2101571719,inter
W2101577935,inter
W2101578108,inter
W2101586881,inter
W2101597519,inter
W2101599123,inter
W2101617792,inter
W2101622780,inter
W2101626661,inter
W2101629181,inter
W2101651025,inter
W2101654410,inter
W2101658087,inter
W2101659417,inter
W2101674911,inter
W2101683585,inter
W2101687188,inter
W2101687784,inter
W2101688147,inter
W2101689357,inter
W2101699859,inter
W2101700471,inter
W2101705415,inter
W2101712920,inter
W2101741578,inst
W2101746450,inter
W2101748120,inst
W2101750273,inst
W2101755519,inter
W2101756295,inter
W2101758433,inst
W2101768888,inter
W2101769206,inter
W2101769364,inter
W2101771805,inter
W2101773725,inter
W2101791369,inter
W2101807167,inter
W2101807845,inter
W2101812544,inter
W2101813406,inter
W2101820660,inter
W2101840010,inter
W2101840551,inter
W2101857978,inter
W2101877421,inter
W2101880032,uni
W2101893084,inter
W2101893936,inst
W2101907145,uni
W2101907178,inst
W2101907787,inter
W2101911525,inter
W2101918197,inter
W2101924749,inter
W2101927381,inter
W2101927907,top tier
W2101928057,inter
W2101939036,inst
W2101949246,inter
W2101950184,inter
W2101971242,inter
W2101981676,uni
W2101997332,inter
W2101999582,inter
W2102001185,inter
W2102008909,inst
W2102010683,inter
W2102011733,inter
W2102019495,inter
W2102024624,inter
W2102025148,inter
W2102025975,inter
W2102039033,inter
W2102043157,uni
W2102043677,inter
W2102062010,inter
W2102067213,inter
W2102075452,inter
W2102076751,inter
W2102083461,inter
W2102088665,inter
W2102090220,inter
W2102090846,inter
W2102097307,inst
W2102098892,inst
W2102108803,inter
W2102110276,inter
W2102157096,inst
W2102163972,inter
W2102177745,inter
W2102178031,inter
W2102180119,inter
W2102182691,inst
W2102184039,inter
W2102185029,inter
W2102188225,inter
W2102192235,inter
W2102193394,inter
W2102201073,top tier
W2102203034,inter
W2102222443,inter
W2102223348,inst
W2102227134,inter
W2102232904,inst
W2102256090,inter
W2102258637,inst
W2102259033,inter
W2102260333,uni
W2102261451,inst
W2102262080,inter
W2102265092,inter
W2102273122,inter
W2102295697,inter
W2102302168,inter
W2102323492,inter
W2102334473,inter
W2102336430,inter
W2102337314,inter
W2102344476,inter
W2102372792,inter
W2102374601,inter
W2102377211,top tier
W2102388010,inter
W2102413189,inter
W2102423866,inter
W2102426885,inter
W2102443632,inter
W2102450084,inter
W2102456938,inter
W2102474120,inter
W2102475035,inst
W2102480623,inst
W2102481563,inter
W2102498740,inter
W2102502626,inter
W2102504303,uni
W2102526983,inter
W2102528350,inst
W2102535342,inst
W2102539915,inter
W2102543317,inst
W2102544846,inter
W2102547221,inter
W2102556869,uni
W2102566880,inter
W2102586601,inter
W2102599785,inter
W2102600815,inter
W2102605133,top tier
W2102606725,inter
W2102613170,inst
W2102622369,inter
W2102625004,top tier
W2102625227,inter
W2102630435,inter
W2102634263,inter
W2102634648,inter
W2102637794,inter
W2102645365,inter
W2102653483,inter
W2102659807,inter
W2102660061,inter
W2102667697,inter
W2102669784,inter
W2102671922,inter
W2102675003,inter
W2102689555,inter
W2102692609,inter
W2102704738,inter
W2102712551,inter
W2102727824,inter
W2102729747,inter
W2102734279,inter
W2102734354,inter
W2102735788,inst
W2102740171,inter
W2102740494,inter
W2102742153,inst
W2102742419,inter
W2102762566,inter
W2102764819,inter
W2102767291,uni
W2102778622,inter
W2102782181,inst
W2102792574,inter
W2102796633,inter
W2102800020,inter
W2102810410,inter
W2102818760,inter
W2102831150,inter
W2102839420,inter
W2102841720,uni
W2102844000,inter
W2102860781,inter
W2102869784,inter
W2102873759,inter
W2102884025,inter
W2102913801,inter
W2102914938,inter
W2102932275,inter
W2102934991,inter
W2102950268,inter
W2102965080,inter
W2102970979,inst
W2102973024,inter
W2102976251,inter
W2102977580,inter
W2102992979,inter
W2102994841,inst
W2103001411,inter
W2103002476,inter
W2103007496,inter
W2103008560,uni
W2103014566,inter
W2103036743,inter
W2103058505,uni
W2103059835,uni
W2103067987,inter
W2103069163,inter
W2103074863,inter
W2103075513,inst
W2103077592,inter
W2103085346,inter
W2103087173,inter
W2103092567,inter
W2103095043,inter
W2103128343,inter
W2103130407,inter
W2103140817,inter
W2103144563,inter
W2103146554,inter
W2103148294,inst
W2103157114,inter
W2103161299,inter
W2103163130,inst
W2103179919,inter
W2103181821,inter
W2103193999,inter
W2103220343,inter
W2103228545,inter
W2103229305,inter
W2103232511,inter
W2103236565,inter
W2103240721,inter
W2103247798,inter
W2103251696,inst
W2103260577,inter
W2103261738,inter
W2103263975,inter
W2103270740,inter
W2103295931,inter
W2103299443,inter
W2103299776,inter
W2103320637,inter
W2103326169,inter
W2103333826,inter
W2103334031,inter
W2103343657,inter
W2103346247,inter
W2103361705,inter
W2103365034,inter
W2103366601,inter
W2103368228,inter
W2103370348,inter
W2103384342,inter
W2103392600,inter
W2103393482,inter
W2103396489,inter
W2103401152,inter
W2103414007,inter
W2103420095,inter
W2103428301,inst
W2103439836,inter
W2103440704,inter
W2103442809,inter
W2103442863,inter
W2103456180,inter
W2103458796,inter
W2103461701,inter
W2103473229,uni
W2103483819,inst
W2103485827,inter
W2103488967,inter
W2103496339,top tier
W2103496373,inter
W2103502297,inter
W2103504761,top tier
W2103509763,inter
W2103510724,inter
W2103514961,inter
W2103535990,inter
W2103540807,inter
W2103552119,inter
W2103559027,top tier
W2103568877,inter
W2103569660,inst
W2103574673,inter
W2103576187,inter
W2103585214,uni
W2103590782,inter
W2103614420,inter
W2103626206,inter
W2103626435,inter
W2103632679,inter
W2103633133,inter
W2103644027,inst
W2103649698,inter
W2103653163,inter
W2103657347,inst
W2103658758,inst
W2103659349,inst
W2103667630,inter
W2103680459,inter
W2103682126,inter
W2103698813,inter
W2103701891,inter
W2103713333,inter
W2103716739,inter
W2103719841,inter
W2103721366,uni
W2103747245,inter
W2103751053,inter
W2103753221,inter
W2103762918,inter
W2103774873,inter
W2103783183,inter
W2103794390,inter
W2103804667,inter
W2103809193,inst
W2103814941,inst
W2103824021,inst
W2103838844,inter
W2103863800,inter
W2103865277,inter
W2103869071,inter
W2103870757,inter
W2103875222,inter
W2103876808,inst
W2103908291,inst
W2103916779,inter
W2103924867,inst
W2103926293,inter
W2103927182,inter
W2103928694,inter
W2103932335,inter
W2103933790,inter
W2103936935,inter
W2103943262,inst
W2103953076,inst
W2103966608,inter
W2103979726,inter
W2103981344,inter
W2103981365,inter
W2103988321,inst
W2103992228,inter
W2103995847,inter
W2104049510,inter
W2104052971,inter
W2104060706,inter
W2104064366,inst
W2104083704,inter
W2104090753,uni
W2104091533,inter
W2104094955,inst
W2104095591,top tier
W2104105007,inter
W2104110430,inter
W2104110509,inter
W2104117626,inter
W2104119032,inter
W2104125540,inst
W2104155923,inter
W2104169782,inter
W2104187566,inter
W2104189141,inter
W2104190755,inter
W2104190832,inter
W2104200886,inter
W2104202903,inter
W2104210894,inst
W2104237724,inter
W2104250481,inter
W2104253777,inter
W2104255729,inter
W2104256515,inter
W2104271748,inter
W2104272543,inter
W2104274529,inst
W2104278842,inter
W2104281255,inter
W2104285422,inter
W2104287103,inter
W2104290444,inter
W2104290684,inter
W2104291851,inter
W2104299015,inter
W2104307771,uni
W2104309019,inter
W2104332310,inter
W2104339053,inter
W2104347415,inst
W2104350614,inter
W2104366126,inter
W2104373803,inst
W2104381493,inst
W2104404402,inst
W2104408895,inter
W2104412665,inst
W2104416102,inter
W2104427446,inter
W2104449965,inter
W2104460869,inter
W2104463966,inter
W2104466596,inst
W2104474976,inst
W2104477671,inter
W2104481149,inter
W2104489014,inter
W2104489224,inter
W2104491231,uni
W2104507248,inter
W2104512032,inter
W2104512969,inter
W2104532741,inst
W2104554891,inst
W2104559582,inter
W2104560223,inter
W2104586137,inter
W2104590612,inst
W2104622509,inter
W2104627800,inter
W2104629236,inter
W2104636679,inter
W2104644499,inter
W2104657103,inter
W2104670598,top tier
W2104680397,inter
W2104688519,inter
W2104701012,inst
W2104705987,inter
W2104710929,inter
W2104727184,inter
W2104734890,inter
W2104742871,inter
W2104749366,inter
W2104751776,inter
W2104760562,inst
W2104764202,inter
W2104775297,inter
W2104820473,inter
W2104834378,inter
W2104834807,inter
W2104839588,inter
W2104842423,uni
W2104858828,inter
W2104876002,inter
W2104882785,inter
W2104887187,inter
W2104891966,inter
W2104893957,inter
W2104900375,inter
W2104900626,inst
W2104904148,inst
W2104908641,inst
W2104916446,inter
W2104919411,inter
W2104922219,inst
W2104924517,inter
W2104930774,inter
W2104932174,inter
W2104933073,inter
W2104933874,inter
W2104952380,inter
W2104955141,inter
W2104957738,inter
W2104960216,inter
W2104972336,inter
W2105001597,inter
W2105002680,inter
W2105004188,inter
W2105026917,inter
W2105027281,inter
W2105028422,inter
W2105030296,inst
W2105032518,inter
W2105038653,inter
W2105052771,inter
W2105052861,inter
W2105055468,inter
W2105055683,inter
W2105058102,inter
W2105059632,inter
W2105071349,inst
W2105073294,inter
W2105076032,inter
W2105080323,inter
W2105087447,inter
W2105090782,inter
W2105093017,inter
W2105093271,inter
W2105095338,inter
W2105099212,inst
W2105101198,inst
W2105103777,top tier
W2105109747,uni
W2105110536,inter
W2105111377,inter
W2105121197,inter
W2105143034,inter
W2105143211,inter
W2105160498,uni
W2105185344,inst
W2105186495,inst
W2105193084,inter
W2105206277,uni
W2105206600,inter
W2105214485,inter
W2105215500,inter
W2105222859,inter
W2105228774,inter
W2105234323,inter
W2105238795,inter
W2105241801,inter
W2105259569,inter
W2105263017,inter
W2105264323,inter
W2105274611,inter
W2105278806,inter
W2105292630,inter
W2105297930,inter
W2105304725,inter
W2105317222,inter
W2105365768,inter
W2105376135,uni
W2105377561,uni
W2105378521,inter
W2105379658,inter
W2105394284,inter
W2105395363,inter
W2105417520,inter
W2105425202,inter
W2105429025,inter
W2105430157,inter
W2105433369,inter
W2105435029,inter
W2105437392,inter
W2105440194,inter
W2105446238,uni
W2105491669,inter
W2105497548,inter
W2105505928,inter
W2105505965,inter
W2105506484,inter
W2105519011,inter
W2105523302,inter
W2105527266,inter
W2105528304,inter
W2105534316,inter
W2105535124,inst
W2105536191,inter
W2105537562,inter
W2105543872,inst
W2105548700,inter
W2105559232,inter
W2105568170,inter
W2105581333,inter
W2105589369,inter
W2105594594,top tier
W2105604586,inter
W2105613465,inter
W2105617462,inter
W2105621472,inter
W2105628133,inter
W2105628301,inter
W2105629493,inter
W2105635932,inter
W2105645713,inst
W2105658676,inter
W2105665931,inter
W2105668062,top tier
W2105672031,inter
W2105673014,inst
W2105690778,uni
W2105703531,inter
W2105709603,inter
W2105709740,inter
W2105710497,inter
W2105714141,inter
W2105720282,inter
W2105721416,inter
W2105722291,inter
W2105769806,inter
W2105770604,inter
W2105778948,inter
W2105782540,inter
W2105785546,inter
W2105792689,inter
W2105807304,inter
W2105813274,inter
W2105831484,inter
W2105831729,inter
W2105843740,inter
W2105847589,inter
W2105858390,inter
W2105859078,inter
W2105876415,inst
W2105881518,uni
W2105908337,inst
W2105908356,inst
W2105934661,inter
W2105935973,inter
W2105947220,inter
W2105967858,inter
W2105969594,inter
W2105974337,inst
W2105981176,inter
W2105988384,inst
W2105994101,inter
W2106010856,inter
W2106018697,inst
W2106020190,inst
W2106029414,inter
W2106047829,inter
W2106049547,inst
W2106053110,inter
W2106071847,inter
W2106076593,inter
W2106082215,inter
W2106085599,inter
W2106086560,inter
W2106095147,inter
W2106106946,inter
W2106111212,inter
W2106114934,inter
W2106115875,inter
W2106116042,inter
W2106116127,inter
W2106116277,inter
W2106119405,inter
W2106126793,inter
W2106131881,inter
W2106138821,inter
W2106144670,inter
W2106145405,inter
W2106159865,inter
W2106159958,inter
W2106171663,inter
W2106200738,inter
W2106225878,inter
W2106229755,inter
W2106230501,inter
W2106245618,inter
W2106250683,inter
W2106253207,inter
W2106281550,inter
W2106286592,inter
W2106292563,inter
W2106300688,inter
W2106305101,inter
W2106310986,inter
W2106315319,inter
W2106316385,inter
W2106318383,inst
W2106323293,inter
W2106333893,inter
W2106334424,inter
W2106335692,top tier
W2106339590,inter
W2106342588,inter
W2106349977,inter
W2106353452,inst
W2106353455,inter
W2106365165,inter
W2106374535,inter
W2106387249,inter
W2106390385,inst
W2106403318,inter
W2106404777,inter
W2106411733,inter
W2106421086,inter
W2106421281,inter
W2106427050,inter
W2106442850,uni
W2106444274,inter
W2106447713,inter
W2106450733,inter
W2106459276,inter
W2106463421,inter
W2106466007,inter
W2106482272,inter
W2106500639,inter
W2106532429,inter
W2106538169,inter
W2106538419,inter
W2106539366,inst
W2106554478,inter
W2106561995,inter
W2106572566,inter
W2106576100,uni
W2106577732,inter
W2106583743,inter
W2106588364,inter
W2106589944,inter
W2106594030,inter
W2106596127,inter
W2106606898,inst
W2106609510,inter
W2106653189,inter
W2106655790,inst
W2106663508,inter
W2106665965,inter
W2106670435,inter
W2106691239,inter
W2106693504,inter
W2106706131,inst
W2106711308,inter
W2106714663,inter
W2106715340,inter
W2106725754,inter
W2106727695,inst
W2106731713,inter
W2106753116,inter
W2106770754,inst
W2106782663,inst
W2106792385,inter
W2106806466,inter
W2106810308,inter
W2106820459,inter
W2106831077,inst
W2106833662,inter
W2106837287,inter
W2106841609,inst
W2106844307,inter
W2106852298,uni
W2106863551,inter
W2106870199,inter
W2106871513,inter
W2106904753,inter
W2106908298,uni
W2106910805,inter
W2106918464,inter
W2106921346,inter
W2106927167,inter
W2106930800,inter
W2106938474,inter
W2106947945,inter
W2106951600,inter
W2106956101,inter
W2106961624,inter
W2106974445,inter
W2106974633,inter
W2106975317,inter
W2106981782,inter
W2106985565,inter
W2106995321,inter
W2107001923,inter
W2107002547,inter
W2107002723,inst
W2107003209,inter
W2107008379,inter
W2107027661,inter
W2107030587,inter
W2107038846,inter
W2107047968,inter
W2107079336,inter
W2107080958,top tier
W2107082000,inter
W2107082801,inter
W2107084511,inter
W2107096626,inter
W2107106521,inter
W2107106952,inter
W2107110814,inter
W2107114161,inter
W2107116418,inter
W2107126505,inter
W2107131609,inter
W2107136786,inter
W2107142906,inter
W2107146516,inter
W2107149732,inter
W2107155031,inter
W2107167880,inter
W2107169849,inter
W2107171883,inter
W2107172822,inter
W2107183609,inter
W2107194324,inter
W2107198105,inter
W2107198187,inter
W2107202602,inter
W2107210078,uni
W2107214848,inter
W2107215276,inst
W2107227001,inter
W2107228074,inter
W2107232987,inst
W2107241511,inter
W2107250100,inter
W2107261164,inter
W2107263745,inter
W2107266793,inst
W2107268314,inter
W2107276343,inst
W2107288243,inter
W2107295961,inter
W2107305286,inter
W2107327240,inter
W2107332990,inter
W2107334920,inst
W2107342126,inter
W2107369562,inter
W2107373613,inter
W2107381584,inter
W2107397716,inst
W2107410315,inter
W2107413231,inter
W2107413305,inter
W2107451365,inter
W2107461329,inter
W2107465879,inst
W2107474456,inter
W2107488914,inter
W2107496976,inter
W2107519637,inter
W2107520978,inter
W2107536574,uni
W2107542203,inter
W2107543637,inter
W2107555749,inter
W2107557048,inter
W2107567160,inst
W2107573120,inter
W2107574526,inter
W2107575729,inter
W2107577395,inter
W2107583974,inter
W2107589078,inst
W2107589467,inst
W2107591416,inter
W2107591887,uni
W2107599050,inst
W2107600630,inter
W2107602735,uni
W2107611658,inter
W2107622550,inter
W2107633943,inter
W2107635865,inter
W2107640175,inst
W2107640820,inter
W2107641306,inter
W2107654046,inter
W2107660364,uni
W2107672671,inter
W2107673791,inter
W2107676371,inter
W2107697999,uni
W2107723062,inter
W2107725926,inter
W2107726111,inst
W2107729998,inter
W2107743791,inst
W2107745473,inter
W2107749192,inst
W2107762684,inter
W2107770500,inter
W2107779728,inter
W2107785286,inst
W2107785791,inst
W2107785892,inter
W2107790922,inter
W2107803401,inter
W2107829755,inter
W2107855694,inter
W2107856200,inst
W2107864772,inter
W2107875783,uni
W2107885914,inter
W2107888785,inter
W2107895809,inter
W2107896023,inter
W2107920575,inter
W2107923684,inter
W2107932578,inter
W2107933947,inter
W2107950441,inst
W2107951442,inter
W2107953479,inter
W2107968098,inst
W2107976605,inter
W2107980895,inst
W2107986228,inter
W2107998108,inter
W2108007560,inter
W2108009806,inter
W2108026987,inter
W2108028694,inter
W2108039465,uni
W2108045700,inter
W2108061386,inter
W2108067022,inter
W2108069439,inter
W2108072891,inst
W2108073705,inter
W2108077180,inter
W2108081708,inter
W2108082645,inst
W2108098854,inter
W2108104365,inst
W2108104525,inter
W2108132694,inst
W2108157916,inst
W2108165346,inter
W2108167744,inter
W2108196435,inter
W2108197782,inter
W2108215151,inter
W2108219067,inst
W2108219234,inter
W2108225531,inter
W2108225567,inter
W2108230739,inter
W2108236555,inter
W2108241838,inter
W2108243386,inter
W2108262691,inter
W2108270451,inter
W2108271008,inter
W2108272874,inst
W2108280677,inter
W2108282849,inter
W2108291106,inter
W2108296440,inter
W2108296824,inter
W2108299516,inter
W2108303460,inter
W2108309071,inter
W2108313281,inter
W2108316317,inter
W2108333036,inter
W2108335766,inter
W2108339564,inter
W2108345917,inst
W2108365750,inter
W2108367172,inter
W2108374512,inter
W2108375645,inter
W2108379305,inst
W2108384452,top tier
W2108391942,inter
W2108401299,inter
W2108404288,inter
W2108407410,inter
W2108423974,inter
W2108424265,inter
W2108425242,inter
W2108458913,inter
W2108473160,inter
W2108473548,inter
W2108475251,inst
W2108491246,top tier
W2108492645,inter
W2108499591,inter
W2108501770,inter
W2108503957,inst
W2108520826,inst
W2108525321,inter
W2108530514,inter
W2108535402,inst
W2108541828,inter
W2108543930,inter
W2108556289,inter
W2108556791,inter
W2108563286,inter
W2108583516,inter
W2108584692,inter
W2108588392,inter
W2108598243,top tier
W2108599449,inter
W2108601311,uni
W2108601876,inter
W2108604838,inter
W2108611942,inter
W2108616107,inter
W2108634668,inter
W2108645793,inter
W2108658505,inst
W2108661909,inter
W2108665656,inter
W2108673751,inter
W2108680187,inter
W2108681527,inst
W2108700572,inter
W2108700985,inter
W2108701227,inter
W2108708013,uni
W2108718109,inst
W2108727711,inst
W2108729121,inst
W2108730429,inter
W2108732866,inst
W2108754424,inter
W2108756032,inst
W2108763657,inter
W2108765461,uni
W2108766585,inter
W2108767394,inst
W2108774322,inter
W2108777122,inter
W2108779687,inter
W2108789784,inter
W2108798817,uni
W2108804324,uni
W2108807072,inst
W2108816237,inter
W2108819501,inter
W2108821168,inter
W2108822673,inter
W2108824086,inter
W2108834246,top tier
W2108835301,inter
W2108843657,inter
W2108855662,uni
W2108862379,inter
W2108862644,inst
W2108864275,inter
W2108869904,uni
W2108898822,inter
W2108907615,inter
W2108920354,inter
W2108921586,inter
W2108943734,inter
W2108944660,inter
W2108944677,inter
W2108947279,inter
W2108950639,inter
W2108961924,inter
W2108962686,inter
W2108974282,inter
W2108995755,inter
W2109002458,inter
W2109010626,inter
W2109015976,inter
W2109023621,inter
W2109024523,inter
W2109026747,inter
W2109029335,inter
W2109033701,inter
W2109033710,inst
W2109040335,inter
W2109042199,inst
W2109046263,inter
W2109059049,inter
W2109065830,inter
W2109113976,inter
W2109114466,inter
W2109120152,inter
W2109131581,inter
W2109146656,inter
W2109153595,inter
W2109156518,inter
W2109168054,inter
W2109172948,inter
W2109189741,inter
W2109190643,inter
W2109196708,inter
W2109200779,inter
W2109205796,inter
W2109205984,inter
W2109212736,inter
W2109227373,inter
W2109235804,inst
W2109239774,inst
W2109242934,inter
W2109244020,inter
W2109252476,inter
W2109255472,top tier
W2109256542,inter
W2109271964,inter
W2109276114,inter
W2109278577,inter
W2109282506,inst
W2109305553,inst
W2109306921,inter
W2109313762,inter
W2109323792,inter
W2109326754,inter
W2109327305,inter
W2109336259,inter
W2109337768,inter
W2109345512,inter
W2109350694,inter
W2109363615,inst
W2109364787,top tier
W2109370419,inter
W2109382292,inter
W2109391946,inter
W2109392587,inst
W2109395670,inter
W2109407305,inter
W2109408046,inst
W2109413264,inter
W2109414524,inter
W2109415161,inter
W2109418408,inter
W2109420047,inter
W2109426995,inst
W2109446955,inter
W2109452115,inter
W2109458720,inter
W2109461521,inter
W2109464092,inter
W2109464129,inter
W2109481983,uni
W2109490994,inter
W2109506091,inter
W2109506130,inter
W2109508471,inter
W2109537757,inter
W2109545998,inter
W2109553605,inter
W2109560327,inter
W2109566332,inter
W2109574129,inter
W2109583175,inter
W2109586090,inter
W2109597745,inter
W2109602037,uni
W2109609717,inter
W2109614908,inter
W2109623831,inter
W2109624367,inter
W2109625332,inter
W2109633035,uni
W2109653790,inter
W2109677803,inter
W2109692881,inter
W2109701628,inter
W2109703216,inter
W2109722166,inter
W2109731580,inter
W2109741106,inst
W2109745615,inter
W2109749922,inter
W2109750114,inter
W2109761267,inter
W2109761506,inter
W2109767176,inst
W2109773523,inter
W2109774206,inter
W2109779438,inst
W2109788417,inter
W2109792354,inter
W2109797770,inter
W2109812093,inter
W2109820980,inter
W2109822297,inter
W2109824782,inter
W2109827463,inter
W2109828309,inter
W2109840532,inter
W2109857172,inter
W2109862258,inter
W2109865732,inst
W2109869680,inter
W2109885044,inter
W2109890574,inter
W2109919481,inter
W2109925767,inter
W2109926900,inst
W2109935026,inter
W2109938587,inter
W2109943925,inter
W2109962983,inst
W2109983959,inter
W2109987960,inter
W2109991971,inter
W2110003100,inter
W2110013771,inter
W2110014487,inter
W2110017209,inter
W2110026675,inter
W2110027139,inter
W2110031805,inter
W2110041474,inter
W2110048879,inst
W2110060061,inter
W2110063061,inter
W2110074990,inst
W2110086534,inter
W2110089899,inter
W2110092159,inter
W2110095615,inter
W2110104934,uni
W2110111686,inter
W2110121831,inter
W2110134760,inst
W2110155099,inter
W2110158442,inst
W2110159146,inter
W2110161289,inter
W2110173188,uni
W2110178402,inter
W2110186085,inter
W2110226160,inter
W2110226872,inter
W2110236127,inter
W2110242546,inter
W2110254452,inter
W2110264420,inter
W2110279188,inter
W2110281825,inter
W2110282076,inter
W2110290584,inter
W2110293965,inter
W2110296776,inter
W2110298642,inter
W2110312393,inter
W2110313341,inter
W2110319391,inter
W2110324082,inter
W2110329341,inter
W2110333034,inter
W2110334626,inter
W2110340688,uni
W2110344324,inter
W2110348055,inter
W2110357431,inter
W2110363919,inter
W2110374615,inst
W2110378855,inter
W2110383222,inter
W2110384288,inter
W2110397148,inter
W2110401929,inter
W2110402487,inter
W2110405445,inter
W2110406346,inter
W2110407199,inter
W2110413446,inter
W2110414140,inter
W2110417760,inter
W2110418404,inter
W2110425399,inter
W2110441383,inter
W2110454200,inter
W2110455487,inter
W2110458166,inter
W2110469359,inter
W2110498530,uni
W2110503499,uni
W2110509604,inter
W2110510622,inst
W2110520096,inst
W2110535328,inter
W2110549418,inter
W2110563655,inter
W2110575036,uni
W2110588405,inter
W2110598032,inter
W2110598603,inter
W2110600607,inter
W2110602554,inter
W2110612534,uni
W2110618532,inst
W2110627953,inter
W2110643490,inter
W2110645221,inst
W2110645671,inst
W2110649199,inter
W2110653637,inter
W2110656936,inter
W2110670281,inst
W2110671676,inter
W2110671801,inter
W2110679722,inter
W2110699272,inter
W2110707524,inter
W2110709275,inter
W2110722699,inter
W2110730009,inst
W2110738524,inter
W2110764733,inst
W2110769762,inter
W2110771871,inter
W2110794086,inter
W2110795912,inst
W2110796727,inter
W2110802877,inter
W2110804891,inter
W2110822293,inter
W2110828252,inter
W2110828487,inter
W2110842278,inter
W2110873143,inter
W2110880524,inst
W2110884578,inter
W2110888135,inter
W2110889574,inter
W2110891397,inter
W2110902297,inter
W2110928213,inst
W2110989024,inter
W2110990817,inter
W2111001247,inter
W2111004320,inst
W2111006384,inter
W2111012697,inter
W2111017614,inter
W2111022379,inter
W2111025383,inter
W2111027050,inter
W2111030439,inter
W2111038628,inter
W2111038766,inter
W2111062328,inter
W2111062497,inter
W2111072230,inst
W2111072639,top tier
W2111076749,inter
W2111076982,inter
W2111085154,inter
W2111085587,inter
W2111096793,inter
W2111102056,inst
W2111115951,inter
W2111121961,inter
W2111129115,inter
W2111130182,inter
W2111136916,inter
W2111140634,inter
W2111143975,inter
W2111148634,inter
W2111158634,inter
W2111171966,inter
W2111178977,inter
W2111192396,inter
W2111199933,inter
W2111204991,uni
W2111208321,inter
W2111208478,inter
W2111213865,inter
W2111220184,inter
W2111223152,inter
W2111229122,inter
W2111233654,inter
W2111234504,inter
W2111243257,inter
W2111253950,inter
W2111273125,inter
W2111273995,inter
W2111276674,inter
W2111281854,inst
W2111286384,inter
W2111287840,inter
W2111300206,inter
W2111301832,uni
W2111301869,inter
W2111303254,inter
W2111308925,top tier
W2111310412,inter
W2111323057,inter
W2111330410,inter
W2111344500,inst
W2111349078,inter
W2111355426,inter
W2111356103,inter
W2111364271,inter
W2111368253,inter
W2111372597,inter
W2111387676,inter
W2111387865,inter
W2111389084,inter
W2111405054,inst
W2111449598,inter
W2111451400,inter
W2111459438,inst
W2111460811,inter
W2111466135,inter
W2111472324,inter
W2111485944,uni
W2111501452,inter
W2111506744,uni
W2111510263,inst
W2111514481,inter
W2111521506,inter
W2111526171,inter
W2111538337,inter
W2111553609,inter
W2111556483,inter
W2111557737,inter
W2111558221,inter
W2111574103,inter
W2111577575,inter
W2111580317,inter
W2111582069,inter
W2111586962,inter
W2111587777,inter
W2111589119,inter
W2111593426,inter
W2111600990,inter
W2111602959,inter
W2111616448,inst
W2111619626,top tier
W2111631653,uni
W2111632938,inter
W2111633771,inter
W2111634099,inter
W2111635834,inter
W2111643688,inter
W2111643794,inter
W2111662199,inter
W2111664101,inter
W2111665281,inter
W2111679734,inter
W2111686889,inter
W2111693532,inst
W2111697312,inst
W2111711570,inter
W2111734174,inter
W2111737762,inter
W2111740117,inter
W2111752371,inter
W2111760158,inst
W2111769246,inter
W2111785478,inter
W2111787241,inter
W2111802712,inter
W2111809489,inter
W2111809688,inter
W2111813059,inter
W2111815479,inst
W2111817087,inter
W2111817166,inter
W2111820244,inter
W2111834530,inter
W2111838077,inter
W2111843749,inst
W2111846204,inter
W2111851330,inter
W2111854876,inter
W2111854969,inter
W2111877087,inst
W2111895369,inter
W2111895701,inter
W2111902272,inter
W2111918091,inter
W2111918965,inter
W2111919017,inter
W2111923121,inter
W2111926818,inter
W2111927335,inter
W2111929782,inter
W2111931376,inter
W2111932266,inst
W2111933145,inter
W2111935653,inter
W2111937453,inst
W2111944885,inter
W2111946621,inter
W2111948593,inter
W2111953528,inter
W2111971407,inter
W2111974760,inter
W2111974968,inter
W2111978877,inter
W2111979569,inter
W2111987198,inter
W2111990972,inter
W2111996055,inter
W2111996264,inter
W2111996486,inter
W2112001075,inst
W2112006044,inter
W2112012586,inst
W2112020727,inter
W2112025575,inter
W2112027492,inst
W2112038785,inter
W2112045939,inter
W2112053513,inter
W2112056578,inter
W2112063104,inter
W2112069737,inter
W2112074816,inter
W2112076950,inter
W2112076978,inter
W2112077260,inst
W2112083594,inter
W2112085712,inter
W2112088580,inter
W2112090702,top tier
W2112099725,inter
W2112110498,uni
W2112129146,inter
W2112142393,inst
W2112145895,inter
W2112151495,inst
W2112155129,inter
W2112159631,inter
W2112160472,inter
W2112169033,inter
W2112172938,inst
W2112202695,inter
W2112204321,inst
W2112216367,inter
W2112220340,inter
W2112223960,inter
W2112247335,inter
W2112248252,inter
W2112250557,inter
W2112257127,inter
W2112270397,inter
W2112276613,inter
W2112277662,inter
W2112282447,inter
W2112283825,inter
W2112289227,inter
W2112302176,inter
W2112307988,inter
W2112308220,inter
W2112311198,inter
W2112328744,inter
W2112340065,inter
W2112351370,inter
W2112353775,inter
W2112353865,inter
W2112358949,inter
W2112366121,inter
W2112372720,inter
W2112379601,inter
W2112391699,inter
W2112397370,inter
W2112398300,inter
W2112409076,inter
W2112413732,inter
W2112415484,inter
W2112434380,uni
W2112438883,inter
W2112451453,inter
W2112460171,inst
W2112474400,inst
W2112485457,inter
W2112486185,inter
W2112489058,inter
W2112494893,inter
W2112495447,inter
W2112507467,inter
W2112519061,inst
W2112524598,inter
W2112532396,uni
W2112535134,inter
W2112537029,inter
W2112545207,inter
W2112563440,inter
W2112572913,inst
W2112582401,inter
W2112597631,inter
W2112600538,inter
W2112602967,inter
W2112618766,inter
W2112626762,inter
W2112649186,inter
W2112651106,inter
W2112652344,inter
W2112653999,inter
W2112659417,inter
W2112665985,inter
W2112671903,inter
W2112673532,inter
W2112673789,inter
W2112684403,inter
W2112691218,inter
W2112700013,inter
W2112707104,inter
W2112707512,inter
W2112724747,uni
W2112725702,inter
W2112735737,inter
W2112737239,inter
W2112744811,inter
W2112753327,inter
W2112755387,inter
W2112764656,inter
W2112771737,inter
W2112776329,inter
W2112777640,inter
W2112780470,inter
W2112789121,inter
W2112796928,top tier
W2112810080,inter
W2112810953,inter
W2112823991,inter
W2112837588,inter
W2112841646,inter
W2112852295,inter
W2112861742,inter
W2112864115,inter
W2112865076,inter
W2112874683,inter
W2112878061,inter
W2112878765,inter
W2112878928,inter
W2112879973,inter
W2112891124,inst
W2112897219,inter
W2112908352,inter
W2112912151,inter
W2112939204,inter
W2112942664,inter
W2112944455,inter
W2112948115,inter
W2112952018,inter
W2112965385,uni
W2112967367,inter
W2112967454,inter
W2112968289,inst
W2112969534,uni
W2112977652,inter
W2112978490,inter
W2112979995,inter
W2112998751,inter
W2113004249,inter
W2113018061,inter
W2113021330,inter
W2113022508,inst
W2113042487,inter
W2113048862,inst
W2113056476,inst
W2113056774,inter
W2113061123,inter
W2113066977,inter
W2113069707,inter
W2113076277,inter
W2113085788,inter
W2113093733,inst
W2113094054,inter
W2113097540,inter
W2113111118,inst
W2113114619,inter
W2113120414,inter
W2113124853,inter
W2113130702,inter
W2113131108,inter
W2113132620,inter
W2113137767,inter
W2113144738,uni
W2113147937,inter
W2113173487,inter
W2113178094,inter
W2113181773,inter
W2113182468,inter
W2113186017,inter
W2113201962,inter
W2113207845,inst
W2113227937,inst
W2113228562,inter
W2113235308,inst
W2113242816,inter
W2113247391,inter
W2113254425,uni
W2113272764,inter
W2113282793,inst
W2113285439,inter
W2113289243,inter
W2113291302,inter
W2113293477,inter
W2113294746,inter
W2113295182,inter
W2113302924,inter
W2113303303,inter
W2113312949,inter
W2113325037,inter
W2113326044,inter
W2113336850,inter
W2113388801,inter
W2113394945,inter
W2113396990,inst
W2113407349,inter
W2113418049,inter
W2113422096,inter
W2113425454,inter
W2113430399,inter
W2113435706,inter
W2113438075,inter
W2113443014,inter
W2113445294,inter
W2113446415,inter
W2113446502,inst
W2113459309,inter
W2113466993,inter
W2113472437,inter
W2113473603,inter
W2113483463,inst
W2113490000,inter
W2113494611,inter
W2113498272,inter
W2113518586,inter
W2113523576,inter
W2113524221,inter
W2113530039,inter
W2113534515,inst
W2113539812,inter
W2113542238,inter
W2113544872,inter
W2113551673,inter
W2113563476,inter
W2113570213,inter
W2113573459,inter
W2113576345,inter
W2113576511,inst
W2113584252,inter
W2113599268,inter
W2113609601,inter
W2113610230,inst
W2113615682,inter
W2113622874,inst
W2113633207,inter
W2113633488,inter
W2113635801,inter
W2113638573,top tier
W2113640817,inter
W2113655077,inter
W2113657649,inter
W2113657921,inter
W2113659966,uni
W2113671558,uni
W2113672557,uni
W2113692647,inter
W2113701234,inter
W2113716571,inter
W2113730801,inst
W2113738004,uni
W2113741880,inter
W2113751382,inter
W2113751407,inter
W2113757735,inter
W2113758107,inter
W2113765418,inst
W2113781302,inter
W2113789941,inst
W2113799800,inter
W2113800095,inter
W2113804820,inter
W2113815127,inter
W2113817964,inter
W2113825207,inter
W2113827607,inter
W2113831526,inter
W2113832056,inter
W2113835411,inter
W2113848870,inter
W2113855951,inter
W2113857264,uni
W2113859180,inter
W2113875827,inter
W2113883364,inter
W2113885918,inter
W2113888168,inter
W2113892256,inter
W2113894747,inter
W2113902808,inter
W2113905064,inter
W2113905985,inter
W2113923189,inter
W2113924107,inter
W2113928343,inter
W2113945798,inst
W2113953131,uni
W2113957471,inter
W2113960414,inter
W2113981852,inter
W2114001363,inter
W2114001875,inter
W2114005694,inter
W2114006393,inter
W2114010478,uni
W2114012612,uni
W2114018052,inter
W2114023643,inst
W2114024615,inter
W2114030927,inter
W2114033855,inst
W2114056536,uni
W2114061905,inter
W2114065574,inter
W2114067035,inter
W2114072031,inter
W2114078088,uni
W2114094687,inter
W2114100355,inter
W2114103190,inter
W2114106914,inter
W2114107566,inter
W2114108860,inter
W2114118161,inter
W2114130023,inter
W2114139104,inter
W2114149671,inter
W2114150652,inter
W2114167590,inter
W2114168642,inst
W2114171253,inter
W2114172817,inter
W2114176320,inter
W2114186483,inter
W2114201536,inter
W2114207424,inter
W2114210231,inter
W2114241556,uni
W2114269784,inter
W2114274324,inter
W2114275288,inst
W2114289522,inter
W2114292336,inst
W2114296561,top tier
W2114297359,inter
W2114298221,inter
W2114302666,inter
W2114303224,inst
W2114314132,inter
W2114326232,inter
W2114344267,uni
W2114347655,inst
W2114349947,inst
W2114350776,inter
W2114365847,inter
W2114367635,inter
W2114401325,inter
W2114407468,inter
W2114427047,inter
W2114436453,inter
W2114449677,inter
W2114455773,inter
W2114458957,uni
W2114461480,inter
W2114468824,inter
W2114471387,inter
W2114481597,inst
W2114486396,inter
W2114495437,inst
W2114502851,inter
W2114504293,inst
W2114542651,inst
W2114563838,inter
W2114567991,inter
W2114583524,inter
W2114588272,inter
W2114597855,inst
W2114606607,inter
W2114609172,inter
W2114619706,inter
W2114623221,top tier
W2114628914,inter
W2114631684,inst
W2114638965,inter
W2114640742,inter
W2114642041,inter
W2114644111,inter
W2114650767,inter
W2114650941,inter
W2114651920,inter
W2114652450,inter
W2114653151,inter
W2114661218,inter
W2114661361,inter
W2114661696,inter
W2114663556,inter
W2114671730,inter
W2114678761,inst
W2114682096,inter
W2114693380,inter
W2114701396,inter
W2114708606,inter
W2114713985,inter
W2114719509,inter
W2114759747,inter
W2114766304,inter
W2114766374,inter
W2114766689,inter
W2114766824,inter
W2114773789,inter
W2114776669,inter
W2114785422,inter
W2114801298,inter
W2114801649,inter
W2114811766,inter
W2114829542,inter
W2114834796,inter
W2114841684,inter
W2114842144,inter
W2114865067,inter
W2114869486,inter
W2114883321,inter
W2114893924,inter
W2114895467,inter
W2114915914,inst
W2114917627,inter
W2114919087,inter
W2114925334,inter
W2114938203,inter
W2114954739,inter
W2114963008,inter
W2114972459,inter
W2114975169,inter
W2114983089,inst
W2114989363,inter
W2115002719,inst
W2115009661,inst
W2115030355,inst
W2115036455,inter
W2115053229,inter
W2115056775,inter
W2115068387,inter
W2115074110,inter
W2115081071,inter
W2115084101,inter
W2115085161,inter
W2115089017,inter
W2115108235,inter
W2115108919,inter
W2115132667,inter
W2115136130,inst
W2115148801,inter
W2115149820,inter
W2115152632,inter
W2115163184,inter
W2115170775,inter
W2115172404,inst
W2115175195,inter
W2115179428,inter
W2115179770,inter
W2115179918,inter
W2115190247,inter
W2115234938,inter
W2115235302,inter
W2115235347,inter
W2115240721,inter
W2115247187,inter
W2115252128,inter
W2115266669,inter
W2115273993,inter
W2115282477,inter
W2115284428,uni
W2115288744,inter
W2115297415,inst
W2115299644,inter
W2115301940,inter
W2115304016,inter
W2115305047,inter
W2115309705,inter
W2115313037,inter
W2115313253,inter
W2115316835,inter
W2115317772,inter
W2115328784,inter
W2115329284,inst
W2115331279,inter
W2115343659,inter
W2115377324,inter
W2115385411,inter
W2115397446,inter
W2115404432,inter
W2115415553,inter
W2115426661,inter
W2115427565,inter
W2115429828,inter
W2115434397,inter
W2115442705,inter
W2115462633,inter
W2115467746,inst
W2115480979,inter
W2115482638,inter
W2115483035,inter
W2115496325,inter
W2115509850,inter
W2115514375,inter
W2115515485,inter
W2115516441,inter
W2115526539,inter
W2115528090,inst
W2115533181,inter
W2115536289,inter
W2115541322,inter
W2115542542,inter
W2115546448,inter
W2115548617,inter
W2115560616,inst
W2115568835,inter
W2115585711,inter
W2115589427,inst
W2115591664,uni
W2115595690,inter
W2115606256,inter
W2115613939,inter
W2115617161,inter
W2115619606,inter
W2115625750,inter
W2115626531,inter
W2115627721,inter
W2115628259,inst
W2115629999,inter
W2115647171,inter
W2115650263,inter
W2115652103,inter
W2115652629,inter
W2115670195,inter
W2115672710,inter
W2115675703,inter
W2115699968,inst
W2115703511,inter
W2115708125,inter
W2115729625,inter
W2115732803,inter
W2115733021,inter
W2115733366,inter
W2115733720,inst
W2115745693,inter
W2115754917,inter
W2115771393,inter
W2115772815,inter
W2115774588,inter
W2115789358,inter
W2115790897,inter
W2115794782,inter
W2115800158,inter
W2115815495,inter
W2115822636,inter
W2115838129,inter
W2115839151,inter
W2115840268,inter
W2115840536,inter
W2115849524,inter
W2115857176,inter
W2115881480,inter
W2115891846,inter
W2115907784,inter
W2115912328,inter
W2115926180,inst
W2115927347,inter
W2115940646,inter
W2115941714,inter
W2115942849,inter
W2115943304,inter
W2115947752,inter
W2115951027,inter
W2115957413,inst
W2115962195,inter
W2115967742,inst
W2115969242,inter
W2115971978,inter
W2115981018,inter
W2115989312,inter
W2116001007,inter
W2116008261,inter
W2116017064,inst
W2116019283,inter
W2116020886,inter
W2116033347,inter
W2116040950,top tier
W2116043630,inter
W2116045940,inter
W2116046819,inter
W2116053402,inter
W2116066327,inter
W2116121191,inter
W2116133273,inter
W2116145986,inter
W2116146891,inter
W2116148109,inter
W2116160602,inter
W2116165971,inter
W2116175063,inter
W2116206623,inter
W2116206868,inter
W2116210979,inter
W2116223307,inter
W2116231964,inter
W2116236871,inter
W2116237704,inter
W2116251058,inter
W2116259535,inter
W2116264435,inst
W2116269350,inter
W2116270491,inter
W2116272578,inter
W2116276410,inter
W2116276841,inter
W2116295973,inst
W2116301371,inter
W2116303822,inter
W2116306993,inter
W2116314971,inter
W2116337571,inter
W2116343366,inter
W2116349183,inter
W2116359098,inter
W2116365951,inter
W2116374153,inst
W2116385707,inter
W2116385855,uni
W2116414176,inst
W2116425140,inter
W2116430119,inter
W2116436884,inter
W2116438866,inter
W2116441545,inter
W2116442280,inst
W2116453623,inter
W2116467012,inst
W2116467527,inter
W2116472417,inter
W2116484432,inst
W2116490551,inter
W2116492304,inter
W2116495282,inter
W2116498842,inter
W2116502128,uni
W2116517177,uni
W2116532541,uni
W2116534186,uni
W2116553188,inter
W2116579452,inter
W2116591232,inter
W2116595917,inter
W2116601122,inter
W2116623050,inter
W2116626343,inst
W2116631972,inter
W2116661285,inter
W2116663904,inter
W2116668371,inter
W2116668505,inter
W2116674353,inter
W2116678651,inter
W2116679455,inter
W2116679772,inter
W2116681922,inter
W2116685941,inter
W2116699650,inter
W2116702966,inter
W2116712528,inter
W2116719896,inter
W2116731593,inter
W2116737258,inst
W2116751274,inter
W2116753372,inter
W2116756305,inst
W2116763011,inter
W2116766578,inter
W2116799089,inter
W2116800045,inter
W2116818985,inst
W2116824228,inter
W2116825439,inter
W2116832440,inter
W2116838486,inter
W2116876181,inter
W2116882733,inter
W2116894818,inter
W2116896485,inter
W2116908444,inter
W2116913989,inter
W2116925226,inter
W2116931174,inter
W2116949144,inter
W2116949662,inter
W2116954712,inter
W2116957451,inter
W2116965201,uni
W2116966864,inter
W2116967744,inter
W2116976433,inst
W2116978655,inter
W2116979997,inter
W2116988482,inter
W2116995348,inst
W2116999306,inter
W2117000356,inter
W2117003749,inter
W2117008302,inter
W2117023401,inter
W2117030594,inter
W2117033537,inst
W2117033746,inter
W2117051369,inter
W2117065740,inter
W2117072267,inter
W2117084652,inter
W2117086609,inter
W2117087435,inter
W2117090766,inter
W2117093025,inter
W2117101504,inter
W2117106078,inter
W2117109292,inter
W2117109360,inter
W2117111086,inter
W2117138276,inst
W2117141589,inter
W2117148965,inter
W2117151961,inter
W2117153488,inter
W2117154949,inst
W2117163577,inter
W2117169789,inter
W2117171064,inter
W2117176604,inter
W2117176618,inter
W2117183508,inter
W2117184348,inter
W2117184768,inter
W2117192106,inst
W2117197462,inter
W2117204849,inst
W2117211753,inter
W2117222399,inst
W2117223204,inter
W2117228865,top tier
W2117232794,inter
W2117243552,inst
W2117251230,inter
W2117272793,inter
W2117285153,inter
W2117315444,inter
W2117316063,inter
W2117333390,inter
W2117341229,inter
W2117343988,inter
W2117354219,inst
W2117354486,inst
W2117354552,inter
W2117356651,inter
W2117360242,inter
W2117370600,inter
W2117391305,inter
W2117419843,inter
W2117424265,inter
W2117434236,inter
W2117438772,inter
W2117443967,inter
W2117455062,inter
W2117465325,inter
W2117476371,inst
W2117480517,inst
W2117483584,inter
W2117487104,inter
W2117489914,inter
W2117489990,inter
W2117492831,inter
W2117495483,inter
W2117496982,inter
W2117499714,inter
W2117500226,inter
W2117500970,uni
W2117520883,inter
W2117530015,inter
W2117533361,inter
W2117538514,inst
W2117539524,top tier
W2117553576,inst
W2117553866,inst
W2117554478,inter
W2117563011,inter
W2117564239,inter
W2117564498,inter
W2117569431,inter
W2117593668,inter
W2117597656,inter
W2117613515,inter
W2117632312,inst
W2117658657,inst
W2117664067,inter
W2117668435,inter
W2117671523,inst
W2117671548,inter
W2117686912,inter
W2117698356,inter
W2117700682,inter
W2117703483,inter
W2117712317,inst
W2117717972,inter
W2117741877,inter
W2117747385,inter
W2117755125,inter
W2117774525,inter
W2117775888,inter
W2117778302,inter
W2117781301,inter
W2117784021,inter
W2117788358,uni
W2117788706,inter
W2117789062,inter
W2117789617,inter
W2117794078,inter
W2117799929,inter
W2117818414,inter
W2117826715,inter
W2117829276,inst
W2117829666,inter
W2117848638,inst
W2117853853,inst
W2117861630,uni
W2117864008,inter
W2117873906,inter
W2117881455,inter
W2117884704,inst
W2117885358,inst
W2117886447,inter
W2117887253,inter
W2117888214,inter
W2117897634,inter
W2117908343,inter
W2117910864,inter
W2117917070,inst
W2117919754,inter
W2117920736,inter
W2117922990,inter
W2117925075,inter
W2117929748,inter
W2117929919,inter
W2117930769,inter
W2117941247,inter
W2117942072,inter
W2117953491,inst
W2117956385,inter
W2117959563,inter
W2117961832,inter
W2117972115,uni
W2117977978,inter
W2117984332,inst
W2117995429,inter
W2117998470,inter
W2118006136,inter
W2118007167,inst
W2118012681,inter
W2118015877,inter
W2118020555,inter
W2118023920,inter
W2118024521,inst
W2118028500,inter
W2118036489,inter
W2118043061,inter
W2118053687,inter
W2118069672,inter
W2118078536,inter
W2118079529,inter
W2118080570,inter
W2118097920,inter
W2118111392,inter
W2118123209,inter
W2118123809,inter
W2118127318,inst
W2118128103,inter
W2118131649,inter
W2118136497,inter
W2118143795,inter
W2118150858,inter
W2118153508,inter
W2118153703,inter
W2118157264,uni
W2118159140,inter
W2118161437,inter
W2118162660,inter
W2118163005,inter
W2118179018,inst
W2118184521,inter
W2118199572,inter
W2118207471,inter
W2118209906,inst
W2118210476,inter
W2118217749,inter
W2118238767,inter
W2118245111,inter
W2118246710,top tier
W2118258728,inter
W2118258885,inst
W2118259239,inter
W2118269537,inter
W2118269922,top tier
W2118273307,inst
W2118277475,inter
W2118286367,inst
W2118292158,inter
W2118294079,inter
W2118296037,inter
W2118296524,inter
W2118304946,inter
W2118315375,inst
W2118322263,inst
W2118328848,inter
W2118339527,inter
W2118341220,inter
W2118343669,inter
W2118355530,inter
W2118358356,uni
W2118361060,inter
W2118365168,inter
W2118369318,inter
W2118371392,inter
W2118376687,inter
W2118377301,inst
W2118382384,inter
W2118382442,inter
W2118383892,inst
W2118392996,uni
W2118393783,inter
W2118396891,inter
W2118406568,inter
W2118413419,inter
W2118424996,inter
W2118427728,inter
W2118428193,inst
W2118431207,inter
W2118445761,inter
W2118456153,inter
W2118462228,inter
W2118475428,inst
W2118497654,inter
W2118499971,inst
W2118508489,inter
W2118509786,inter
W2118512515,inter
W2118514515,inter
W2118520495,inter
W2118528009,uni
W2118534501,inter
W2118548929,inter
W2118550135,inter
W2118558147,inst
W2118566508,inter
W2118572719,inter
W2118573267,inter
W2118573797,inter
W2118575157,uni
W2118577620,inter
W2118582468,inter
W2118585731,top tier
W2118587156,inter
W2118589927,uni
W2118605352,inter
W2118621425,inter
W2118633472,inter
W2118635458,inter
W2118671571,inter
W2118676036,inter
W2118682956,inter
W2118687002,inter
W2118689360,inter
W2118693125,inter
W2118698828,inter
W2118699959,inter
W2118702395,inter
W2118703123,inter
W2118706537,inter
W2118708484,inter
W2118715464,inter
W2118718620,inter
W2118730101,inter
W2118737627,uni
W2118752211,inter
W2118762603,inter
W2118771472,inter
W2118774738,inter
W2118774755,inter
W2118775636,inst
W2118776769,inst
W2118779391,inter
W2118788844,inter
W2118823201,inter
W2118823562,inter
W2118832200,inter
W2118840131,inter
W2118841425,inst
W2118864151,inter
W2118866757,inter
W2118871270,inst
W2118878434,inst
W2118880022,inter
W2118882002,inst
W2118883614,inter
W2118887341,inter
W2118891797,inter
W2118914590,inter
W2118925326,inst
W2118931532,inter
W2118938540,inst
W2118943995,inter
W2118944554,inter
W2118945061,inter
W2118963820,inter
W2118975168,inter
W2118978333,inter
W2119010184,inter
W2119030343,inter
W2119031886,inter
W2119036145,inter
W2119038704,inter
W2119039406,inter
W2119049509,inter
W2119049524,inter
W2119052294,inst
W2119059125,inter
W2119061151,inter
W2119064959,inter
W2119075125,inst
W2119087823,inst
W2119089569,inter
W2119094566,inter
W2119101903,inst
W2119107075,inter
W2119123290,inst
W2119123971,inst
W2119127526,inter
W2119129768,inter
W2119177527,inter
W2119180969,top tier
W2119184913,inter
W2119191234,inst
W2119191687,inter
W2119199090,inter
W2119199978,inter
W2119200400,inst
W2119217224,inter
W2119224072,inter
W2119231080,inter
W2119240702,inter
W2119242743,inter
W2119252034,uni
W2119253207,inter
W2119257015,inter
W2119267891,inter
W2119269258,inter
W2119300483,inter
W2119313631,inter
W2119325477,inter
W2119342821,inter
W2119349395,inter
W2119350939,inter
W2119353490,inter
W2119354366,inter
W2119355229,inst
W2119357806,inter
W2119358129,inter
W2119360906,inst
W2119361134,inter
W2119362355,inst
W2119383590,inter
W2119384818,inter
W2119387217,inter
W2119388152,inter
W2119389370,inter
W2119400430,inter
W2119404459,inter
W2119407531,inter
W2119410311,inter
W2119432555,uni
W2119438786,inter
W2119439474,inter
W2119440571,inter
W2119444931,inter
W2119459069,inst
W2119464086,inter
W2119464837,inter
W2119470100,inter
W2119474201,inter
W2119475352,inter
W2119477857,uni
W2119487894,inst
W2119495538,inter
W2119498311,inter
W2119499754,inst
W2119500328,inter
W2119507074,inter
W2119512897,inter
W2119528125,inter
W2119531662,inter
W2119541875,inter
W2119565742,inter
W2119567691,top tier
W2119583160,inter
W2119595900,inter
W2119596976,inter
W2119599035,inter
W2119599673,inter
W2119604853,inter
W2119605622,top tier
W2119606405,inter
W2119609467,inst
W2119613356,inst
W2119613543,inter
W2119625639,inter
W2119629644,inter
W2119631806,inter
W2119638507,inter
W2119645780,inter
W2119645897,inst
W2119647652,inter
W2119660229,inter
W2119674364,inter
W2119677158,inter
W2119693088,inter
W2119694598,inter
W2119695388,inter
W2119700421,inter
W2119700484,inter
W2119714163,inter
W2119717200,top tier
W2119722249,inter
W2119722463,inter
W2119724589,inter
W2119738171,inter
W2119739937,inter
W2119741678,inter
W2119741963,inter
W2119745055,inter
W2119747362,inter
W2119759375,inst
W2119763274,inter
W2119769175,inter
W2119775030,inter
W2119786518,inter
W2119797485,inter
W2119799051,inter
W2119804197,inter
W2119811250,inter
W2119817002,inter
W2119821739,top tier
W2119823327,inst
W2119834363,inter
W2119859695,inter
W2119861934,inst
W2119862562,inter
W2119866417,inter
W2119870403,inter
W2119874130,inter
W2119877321,inter
W2119880843,uni
W2119887747,inter
W2119888746,inter
W2119893066,inter
W2119900925,inter
W2119908741,inter
W2119910902,inst
W2119921449,inter
W2119939946,inter
W2119950347,inter
W2119952502,inter
W2119963451,inter
W2119966084,inter
W2120000030,inter
W2120012120,inter
W2120014639,inter
W2120019401,inter
W2120023453,inter
W2120024958,inter
W2120030096,inter
W2120035315,inter
W2120044424,uni
W2120052484,inst
W2120063396,inter
W2120078253,uni
W2120084591,inter
W2120100126,inter
W2120113879,uni
W2120132744,inter
W2120144444,inter
W2120146316,inter
W2120147882,inter
W2120149330,inter
W2120163503,inter
W2120165455,inter
W2120173944,inst
W2120188918,inst
W2120199131,inter
W2120199993,inter
W2120204620,inter
W2120215974,inst
W2120218993,inter
W2120253433,inter
W2120256304,inter
W2120257389,inter
W2120257961,inter
W2120276563,inter
W2120281425,inst
W2120284626,inter
W2120297918,inter
W2120303002,inter
W2120316028,inter
W2120323899,inter
W2120350085,inter
W2120361596,inter
W2120383759,inter
W2120403693,inst
W2120410439,inst
W2120414521,inter
W2120416539,inst
W2120428809,inter
W2120429086,inter
W2120431055,inst
W2120448104,inter
W2120454288,inst
W2120461998,inter
W2120467498,inter
W2120470208,inter
W2120472856,inst
W2120480077,inter
W2120494006,inter
W2120494907,inter
W2120495983,inter
W2120500212,uni
W2120510204,inter
W2120514074,inter
W2120516507,inter
W2120518995,inter
W2120525597,inst
W2120527407,inter
W2120551199,inter
W2120552859,inter
W2120552981,inter
W2120562931,inter
W2120568174,inter
W2120586244,inter
W2120592763,inter
W2120593379,uni
W2120599612,inter
W2120603663,inter
W2120606530,uni
W2120608001,inter
W2120613790,inter
W2120615054,inst
W2120618067,inter
W2120626294,inst
W2120634960,inter
W2120636621,inter
W2120638704,inter
W2120641775,inter
W2120645068,inter
W2120648555,inter
W2120658908,inter
W2120662396,inst
W2120677585,inter
W2120680103,inter
W2120687992,inter
W2120699290,inter
W2120707599,inter
W2120717581,inst
W2120720331,inter
W2120725344,inter
W2120728149,inter
W2120733835,inter
W2120738856,inter
W2120785185,inter
W2120798881,inter
W2120809739,inter
W2120841178,inter
W2120842598,inter
W2120845011,inter
W2120845436,inter
W2120847449,inst
W2120853830,inter
W2120854078,inter
W2120859156,inter
W2120865048,inter
W2120879667,inter
W2120882925,inter
W2120900812,inst
W2120917950,inter
W2120918104,inter
W2120919910,inter
W2120926865,inter
W2120927021,inter
W2120931046,inter
W2120934134,inter
W2120948237,inter
W2120954940,inter
W2120971937,inter
W2120985908,inter
W2120995095,inter
W2120995529,inter
W2120998805,inter
W2121005023,inter
W2121027212,inst
W2121029369,inter
W2121033927,inter
W2121040464,inter
W2121042986,inter
W2121044239,inter
W2121047913,inter
W2121049358,inter
W2121050107,inter
W2121058967,inter
W2121083281,inter
W2121084350,inter
W2121096352,inter
W2121100778,inter
W2121101422,inter
W2121106825,inter
W2121126863,uni
W2121128645,inter
W2121138490,inter
W2121153954,inter
W2121155062,inter
W2121163321,inter
W2121168640,inter
W2121210170,inter
W2121213195,inter
W2121213780,inst
W2121227668,inter
W2121235350,inter
W2121236758,inter
W2121238376,inter
W2121250409,inter
W2121255383,inter
W2121260533,inter
W2121283262,inst
W2121318675,inter
W2121324809,inter
W2121347373,inter
W2121347685,inter
W2121348548,inter
W2121358906,inter
W2121364686,inter
W2121371977,uni
W2121376147,inter
W2121383307,inter
W2121398530,inter
W2121398730,inter
W2121413950,inter
W2121420032,inter
W2121427960,inter
W2121435899,inst
W2121442738,uni
W2121446180,inter
W2121456571,inter
W2121459537,inter
W2121460383,inter
W2121463530,inter
W2121467483,inst
W2121468041,inter
W2121480571,inst
W2121500456,inter
W2121502652,uni
W2121502845,inter
W2121508706,inter
W2121511452,inter
W2121511513,inter
W2121523570,inter
W2121527371,inter
W2121528215,inter
W2121531691,inter
W2121540794,inter
W2121543020,inter
W2121551440,inter
W2121562066,inter
W2121565257,inter
W2121573754,inter
W2121573892,inter
W2121598284,inter
W2121600160,inter
W2121603214,inter
W2121614621,inst
W2121620276,inter
W2121622048,inter
W2121633330,inter
W2121646779,inst
W2121647436,top tier
W2121655131,inter
W2121657501,inter
W2121669067,inter
W2121684305,inter
W2121686811,inst
W2121688038,inter
W2121694680,inter
W2121712436,inter
W2121716324,inter
W2121741495,inter
W2121752810,inter
W2121768163,inter
W2121788702,inter
W2121795193,inter
W2121797624,inter
W2121803089,inst
W2121807556,inter
W2121817315,inter
W2121819010,inter
W2121820587,inter
W2121834080,inter
W2121843723,inter
W2121860922,inter
W2121863487,top tier
W2121871834,inter
W2121884932,inter
W2121888033,inst
W2121894251,inter
W2121897471,inter
W2121914843,inst
W2121922636,inter
W2121929004,inter
W2121941727,inter
W2121947440,top tier
W2121953083,inst
W2121954581,inter
W2121956088,inter
W2121967873,inter
W2121977387,inst
W2121988099,inter
W2122001716,inter
W2122006312,inter
W2122011234,inter
W2122012536,inter
W2122017330,inst
W2122019812,inter
W2122020880,inter
W2122027310,inter
W2122028239,inst
W2122034493,inter
W2122042646,inter
W2122044789,inter
W2122047505,inter
W2122053504,inter
W2122069218,inter
W2122092891,inter
W2122095039,inter
W2122102042,inter
W2122109510,inter
W2122132668,inter
W2122134988,inter
W2122137889,inter
W2122138189,inter
W2122140143,inter
W2122146326,inter
W2122156963,inter
W2122156965,inter
W2122159879,inter
W2122161604,inter
W2122170713,uni
W2122172227,inter
W2122177784,inter
W2122179968,inter
W2122183684,inter
W2122184585,inter
W2122213717,inter
W2122228706,inter
W2122242843,uni
W2122253476,inter
W2122264246,inter
W2122264932,inter
W2122271140,inst
W2122278680,inter
W2122280398,inter
W2122289140,inter
W2122301785,inter
W2122306963,inter
W2122327192,inter
W2122334939,inter
W2122343634,inter
W2122347823,inter
W2122361470,inter
W2122365606,inter
W2122378993,inter
W2122380698,inter
W2122381675,inter
W2122393449,inter
W2122394567,inter
W2122410182,top tier
W2122416604,inter
W2122432948,inter
W2122435612,inter
W2122440653,inter
W2122450032,inter
W2122452972,inter
W2122459451,inter
W2122465391,inter
W2122476475,inter
W2122491887,inter
W2122496159,inter
W2122498011,inst
W2122499135,inter
W2122514069,inter
W2122534638,inter
W2122535208,inter
W2122537565,inter
W2122540544,inter
W2122541539,uni
W2122543125,inter
W2122558540,inter
W2122579520,inst
W2122580360,inter
W2122581326,inter
W2122590816,inter
W2122592549,inter
W2122605917,inter
W2122607143,inter
W2122618394,inter
W2122620713,inter
W2122621236,inter
W2122624829,inter
W2122642161,inter
W2122672392,inter
W2122674347,inter
W2122676216,inter
W2122691113,inter
W2122695394,inter
W2122697795,inter
W2122702209,inter
W2122704271,inter
W2122715077,inter
W2122718063,inter
W2122722808,inter
W2122723707,inter
W2122750998,inter
W2122752217,inter
W2122759487,inter
W2122762752,inter
W2122773996,inst
W2122776051,inter
W2122792880,inter
W2122796178,inter
W2122800222,inter
W2122825463,inst
W2122825543,top tier
W2122837018,inter
W2122854841,inter
W2122860281,inst
W2122862823,inter
W2122929441,inter
W2122934855,inter
W2122939826,inter
W2122942863,inst
W2122953667,inter
W2122962110,inter
W2122963045,inter
W2122975560,inter
W2123007244,inter
W2123010993,inst
W2123016589,inter
W2123022662,inter
W2123023998,inst
W2123024445,inter
W2123032501,inter
W2123042473,inter
W2123084328,inter
W2123091075,inter
W2123096872,inter
W2123097133,inter
W2123097741,inst
W2123118847,inter
W2123136276,inter
W2123138012,inter
W2123145294,inter
W2123157731,inter
W2123160547,inst
W2123175289,inter
W2123180320,inter
W2123183104,inter
W2123184511,inter
W2123198022,inter
W2123200486,inter
W2123209312,inter
W2123212884,inter
W2123229215,inter
W2123233136,inter
W2123242048,inter
W2123254310,inter
W2123254518,uni
W2123257246,uni
W2123261262,inter
W2123263490,inter
W2123265222,inter
W2123296410,inter
W2123299109,inter
W2123304501,inter
W2123304508,inter
W2123310214,inter
W2123310737,inter
W2123338834,inter
W2123340620,inter
W2123347367,inter
W2123349488,inter
W2123350510,inter
W2123361541,uni
W2123363801,inter
W2123364531,inter
W2123366393,inter
W2123372830,inter
W2123401890,inter
W2123459237,inst
W2123477284,inst
W2123482495,inst
W2123482525,inter
W2123482651,inst
W2123487311,inter
W2123489183,inter
W2123491545,inter
W2123500455,inter
W2123502154,inter
W2123502373,inst
W2123502985,inter
W2123520000,inter
W2123529398,inter
W2123531416,inter
W2123531537,inst
W2123536472,inst
W2123548135,inst
W2123566874,inter
W2123573631,inter
W2123579246,inter
W2123584592,inter
W2123585936,inter
W2123608497,inter
W2123615084,inter
W2123623194,inter
W2123623915,inst
W2123625324,inter
W2123630423,inter
W2123635616,inter
W2123649031,top tier
W2123656918,inter
W2123664115,inter
W2123671594,inter
W2123675554,inst
W2123713800,inter
W2123728009,inter
W2123745357,inter
W2123759542,inter
W2123768812,inter
W2123772631,inter
W2123787805,inst
W2123805664,inter
W2123806189,inst
W2123821166,inter
W2123827533,inter
W2123829547,inter
W2123833962,inter
W2123845384,inter
W2123853988,inter
W2123855615,inter
W2123861288,inter
W2123861498,inter
W2123864088,inter
W2123868607,inter
W2123870853,inst
W2123872146,inter
W2123872165,inter
W2123884954,inter
W2123898748,inter
W2123909412,inter
W2123914639,inter
W2123921160,inst
W2123933039,inter
W2123935149,inst
W2123941108,inter
W2123946402,inter
W2123956522,inter
W2123957843,inter
W2123958309,inter
W2123965708,inter
W2123970045,inter
W2123973634,inter
W2123973657,inst
W2123977795,inter
W2123978567,inter
W2123985313,inter
W2123986639,inter
W2124001136,inter
W2124005670,inter
W2124010220,inter
W2124019729,inter
W2124035649,inter
W2124043665,inter
W2124055239,inter
W2124056143,inter
W2124060378,inter
W2124065547,inter
W2124074156,inter
W2124087378,inter
W2124088278,inter
W2124092180,inter
W2124104460,uni
W2124115696,inter
W2124126802,inter
W2124139674,inter
W2124143689,inter
W2124146899,inter
W2124172487,inter
W2124175081,inter
W2124188197,inter
W2124195644,inter
W2124199440,inter
W2124258777,inter
W2124260943,top tier
W2124276741,inter
W2124279406,inst
W2124283009,inter
W2124290836,inter
W2124298185,inst
W2124300773,inter
W2124303864,inter
W2124317966,inter
W2124320708,uni
W2124330081,inter
W2124332348,inter
W2124334214,inter
W2124342795,inter
W2124351082,inst
W2124351162,inter
W2124362048,inter
W2124372976,inter
W2124378283,inter
W2124384784,inst
W2124386111,top tier
W2124388577,inter
W2124391788,inter
W2124403138,inter
W2124404372,inter
W2124408793,inter
W2124430419,inter
W2124432268,inter
W2124433837,inter
W2124448898,inst
W2124450561,inter
W2124470457,inter
W2124474517,inter
W2124480634,inter
W2124496662,inter
W2124497098,inst
W2124498007,inter
W2124503759,inter
W2124509324,inter
W2124509502,inter
W2124518097,inter
W2124531803,inter
W2124535811,top tier
W2124539664,inter
W2124545556,inter
W2124545902,inter
W2124549482,inter
W2124555616,inter
W2124563017,inter
W2124563183,inst
W2124576280,inst
W2124585980,inter
W2124595802,inter
W2124611117,inter
W2124638159,inter
W2124643753,inst
W2124649850,inter
W2124661980,inter
W2124695272,inter
W2124713473,inter
W2124731682,inter
W2124749592,inter
W2124750300,inter
W2124757684,inter
W2124783249,inst
W2124786655,inter
W2124809796,inter
W2124812438,inter
W2124816700,inter
W2124834651,inter
W2124850224,inter
W2124871689,inter
W2124874699,inter
W2124875038,inter
W2124877584,inst
W2124881553,inter
W2124889927,inter
W2124890704,inter
W2124890708,inst
W2124895899,inter
W2124897521,inter
W2124900060,inter
W2124903581,inter
W2124907686,inter
W2124919923,inst
W2124926712,inter
W2124929806,inter
W2124931816,inter
W2124951059,inter
W2124959034,inter
W2124959983,inter
W2124991055,inter
W2124991807,inter
W2124994175,inst
W2124994383,inter
W2124998280,inter
W2125011234,inter
W2125029645,inst
W2125039738,inter
W2125043338,inter
W2125044442,inst
W2125059051,inter
W2125073690,inst
W2125074935,inst
W2125076237,inter
W2125077478,inter
W2125097905,inter
W2125099630,inter
W2125108412,inter
W2125113401,inter
W2125126592,inter
W2125129162,inter
W2125148312,inter
W2125156377,inter
W2125175309,inter
W2125187067,inter
W2125188192,inter
W2125189097,inter
W2125194412,inter
W2125194875,inter
W2125201599,inter
W2125211684,inter
W2125213100,inter
W2125213524,inter
W2125223024,inst
W2125227064,inter
W2125238156,inter
W2125256017,inter
W2125268039,uni
W2125279650,inst
W2125282628,inter
W2125283847,inter
W2125287140,inter
W2125299728,inter
W2125305952,inter
W2125310690,inter
W2125313811,inter
W2125320497,inter
W2125324924,inst
W2125338472,inter
W2125340270,inter
W2125378844,inter
W2125382552,inter
W2125398996,inter
W2125399815,inter
W2125402699,inter
W2125403238,inter
W2125404240,inter
W2125408827,inter
W2125416623,inter
W2125418538,inter
W2125422126,inter
W2125422362,inst
W2125430046,inter
W2125436662,inter
W2125439849,inter
W2125460349,inter
W2125464731,inter
W2125469112,inter
W2125489067,inter
W2125493559,inter
W2125496858,inter
W2125501574,inst
W2125514604,inter
W2125523964,inter
W2125525054,inter
W2125527601,inst
W2125528794,inter
W2125539770,inter
W2125551282,inter
W2125560635,inter
W2125564927,inter
W2125569773,inter
W2125570245,inter
W2125575308,inter
W2125587358,inter
W2125603090,inter
W2125603301,inter
W2125604134,inter
W2125624993,inter
W2125631815,inter
W2125637308,inter
W2125642377,inter
W2125670750,inter
W2125673941,inst
W2125683338,inter
W2125689567,inter
W2125690388,inst
W2125709799,inter
W2125710293,inter
W2125734519,inter
W2125735212,inter
W2125748883,inter
W2125750672,inter
W2125751211,inter
W2125757776,inter
W2125763460,inter
W2125764176,inter
W2125768532,inter
W2125770033,inter
W2125775320,inst
W2125782079,inter
W2125782835,inter
W2125791341,inter
W2125798964,inter
W2125809388,uni
W2125826911,inter
W2125830167,inter
W2125834021,inter
W2125835361,inter
W2125838338,top tier
W2125842031,inter
W2125849938,inter
W2125860481,inter
W2125868553,inter
W2125874614,inter
W2125889200,inter
W2125890410,inst
W2125896480,inter
W2125897187,inter
W2125897351,inter
W2125897793,inter
W2125898236,uni
W2125899728,inter
W2125903031,inter
W2125906812,inter
W2125914984,inter
W2125922987,inter
W2125924073,inter
W2125942968,inter
W2125943921,inter
W2125945272,inter
W2125955829,inter
W2125960020,inter
W2125976472,inter
W2125984736,inter
W2125991072,inter
W2126007985,inter
W2126013065,inst
W2126017428,inter
W2126022651,inst
W2126028850,inter
W2126042721,inst
W2126043693,inter
W2126050324,inst
W2126050494,inter
W2126072178,inter
W2126072675,inter
W2126074213,inter
W2126076065,inter
W2126082648,inter
W2126086265,inter
W2126087748,inter
W2126105483,inter
W2126105889,inter
W2126105956,top tier
W2126106175,inter
W2126112613,inter
W2126124893,inter
W2126130789,inter
W2126134492,inter
W2126138337,inter
W2126155611,uni
W2126160338,inter
W2126160525,inst
W2126174245,inter
W2126174334,inter
W2126178892,inter
W2126210439,inst
W2126214203,inter
W2126225516,inter
W2126235070,inter
W2126236382,inter
W2126246014,uni
W2126249062,inter
W2126273503,inter
W2126275569,inter
W2126275630,inter
W2126286199,inter
W2126297944,inter
W2126299810,inter
W2126306619,inter
W2126316555,inter
W2126333738,inter
W2126336716,inter
W2126338221,inter
W2126339902,inter
W2126344578,inter
W2126345586,inter
W2126356092,inter
W2126358082,inter
W2126363240,inter
W2126366119,inter
W2126376631,inter
W2126379392,inter
W2126380173,inter
W2126382483,inter
W2126385963,inter
W2126390110,inter
W2126401948,inter
W2126412899,inter
W2126415164,inter
W2126415191,inter
W2126423185,inter
W2126425096,inter
W2126446504,inter
W2126447982,inst
W2126448884,inter
W2126462381,inter
W2126477875,inter
W2126482901,inter
W2126492713,inst
W2126494092,inter
W2126501997,inter
W2126516062,inter
W2126516813,inter
W2126520398,uni
W2126521141,inter
W2126531566,inter
W2126539456,inter
W2126540423,inter
W2126567848,inter
W2126574503,inter
W2126579184,inst
W2126581780,inter
W2126586183,inter
W2126586599,inter
W2126591673,inter
W2126592066,inter
W2126594417,inter
W2126598074,inter
W2126604236,inter
W2126607152,inter
W2126609747,inter
W2126622748,inter
W2126623642,inter
W2126624178,uni
W2126624421,inter
W2126638804,uni
W2126658427,inst
W2126663952,inter
W2126667578,inter
W2126680738,inter
W2126700928,inter
W2126702378,inter
W2126736494,inter
W2126739250,inter
W2126746199,inter
W2126769445,inter
W2126782441,inter
W2126788444,inter
W2126802591,inter
W2126809175,inter
W2126822952,inter
W2126826317,inter
W2126833203,inter
W2126834404,inter
W2126841255,inter
W2126846158,inter
W2126854541,inst
W2126866421,inter
W2126867294,inter
W2126870110,inter
W2126870831,uni
W2126871739,inter
W2126881776,inter
W2126905426,inter
W2126906098,inter
W2126909398,inter
W2126915677,inter
W2126923742,inst
W2126924915,inter
W2126930230,inter
W2126942983,inter
W2126944104,inter
W2126944419,inter
W2126951511,inter
W2126962380,inter
W2126964472,inter
W2126969025,inter
W2126969795,inter
W2126972088,inter
W2126972963,inst
W2126988924,inter
W2126992668,inter
W2126995283,inter
W2126997276,inter
W2127002300,inter
W2127006916,inter
W2127008962,inter
W2127022449,inter
W2127034683,inter
W2127045331,inter
W2127056191,inter
W2127058057,inst
W2127080768,inst
W2127088187,uni
W2127093827,inter
W2127095832,uni
W2127098089,inter
W2127117141,inter
W2127127742,inter
W2127130852,inter
W2127135443,inter
W2127137713,inter
W2127138921,inter
W2127150635,inter
W2127163829,inter
W2127176025,inter
W2127177652,inter
W2127179283,inter
W2127196145,inter
W2127197763,inter
W2127198819,inter
W2127205127,inter
W2127206948,inter
W2127210545,inter
W2127221256,inter
W2127221278,inter
W2127222719,inst
W2127229940,inter
W2127241327,inter
W2127245615,inter
W2127246914,inter
W2127258645,inter
W2127265129,inter
W2127269785,inst
W2127283736,inter
W2127287926,inter
W2127289991,inter
W2127294517,inter
W2127297674,inter
W2127304143,inter
W2127308700,inter
W2127325555,inter
W2127345773,inst
W2127345882,inter
W2127350805,inter
W2127351461,inter
W2127355164,uni
W2127355444,inter
W2127356261,inter
W2127358457,inter
W2127376784,inter
W2127380362,inter
W2127387824,inter
W2127392028,inst
W2127395588,inter
W2127398619,inter
W2127400268,inter
W2127412655,inter
W2127413069,uni
W2127424286,inter
W2127430457,inter
W2127434716,inter
W2127436785,inter
W2127437237,inter
W2127456145,inter
W2127460710,inter
W2127466636,inter
W2127469344,inter
W2127474646,inter
W2127490352,inter
W2127494222,inter
W2127495420,inter
W2127495569,inter
W2127498532,inst
W2127503056,inst
W2127503127,inter
W2127517865,inst
W2127526079,inter
W2127531912,inter
W2127533480,inter
W2127554421,inst
W2127558904,inter
W2127567631,inter
W2127572219,inst
W2127577579,inter
W2127579297,inter
W2127584397,inst
W2127589774,inter
W2127593435,inst
W2127594500,inter
W2127597232,inst
W2127598100,inter
W2127598756,uni
W2127607541,inter
W2127608358,inter
W2127615536,inter
W2127617353,inter
W2127622484,inter
W2127632483,inter
W2127654098,inter
W2127659081,inter
W2127664150,inter
W2127666002,inter
W2127675930,inter
W2127695394,inter
W2127696848,inter
W2127699957,inst
W2127717018,inter
W2127731579,inter
W2127734438,inter
W2127734493,inter
W2127738366,inter
W2127744755,inter
W2127747354,inter
W2127751447,inter
W2127757833,inter
W2127758174,inter
W2127760066,inter
W2127761335,inter
W2127775588,inter
W2127785195,inter
W2127786262,inter
W2127789392,inter
W2127804677,inst
W2127824147,inter
W2127826055,inter
W2127827747,inter
W2127851351,inter
W2127855221,inst
W2127877311,inter
W2127884536,inter
W2127895759,inter
W2127900082,inter
W2127903457,inter
W2127917840,inter
W2127928018,inter
W2127940044,inter
W2127942296,inter
W2127948743,inter
W2127949150,inst
W2127950596,inter
W2127955210,inter
W2127971417,inst
W2127978959,inter
W2127984978,inter
W2128000934,inter
W2128002512,inter
W2128012410,inter
W2128017662,inter
W2128018005,inst
W2128020592,inter
W2128021408,inst
W2128026204,inst
W2128027845,inter
W2128033389,inter
W2128033718,inter
W2128048354,inter
W2128050080,inter
W2128053425,inter
W2128053817,inter
W2128060444,inter
W2128066807,inter
W2128080092,inst
W2128091490,inter
W2128109204,inter
W2128118493,inter
W2128131218,inter
W2128154306,inter
W2128155976,inter
W2128165614,inter
W2128165637,inter
W2128184786,inter
W2128188604,inter
W2128198156,inter
W2128201901,inst
W2128210890,inter
W2128217535,inter
W2128221687,inst
W2128227157,inter
W2128227321,inter
W2128231669,inter
W2128233565,inter
W2128242454,inter
W2128246210,inter
W2128250649,inter
W2128250949,inter
W2128251760,inter
W2128258626,inter
W2128263839,inter
W2128265232,inter
W2128272608,inter
W2128274288,inst
W2128274900,inter
W2128281737,inst
W2128295264,inter
W2128295617,inst
W2128299841,inter
W2128302767,inter
W2128306147,inter
W2128313012,inter
W2128317922,inter
W2128324384,inter
W2128332459,inst
W2128332575,inter
W2128335930,inter
W2128340050,inter
W2128345568,inter
W2128351324,inter
W2128352062,inter
W2128356031,inter
W2128364801,inter
W2128368884,inter
W2128377844,inter
W2128381480,inter
W2128381560,inst
W2128395674,inst
W2128399890,inst
W2128402268,inter
W2128416112,inter
W2128421200,inter
W2128445487,inter
W2128451186,inter
W2128452402,inst
W2128454850,uni
W2128456312,inter
W2128458868,inter
W2128504838,inter
W2128523958,inter
W2128532956,inter
W2128535941,inter
W2128538467,inter
W2128539603,inter
W2128548442,inst
W2128548761,inter
W2128555802,inter
W2128570208,inter
W2128581234,inst
W2128585062,inter
W2128593160,inter
W2128595127,inter
W2128598397,inter
W2128610114,inter
W2128610818,inst
W2128628167,uni
W2128632866,inst
W2128641731,inter
W2128650797,inter
W2128652224,inst
W2128653836,inter
W2128659236,inst
W2128672267,inter
W2128678390,inter
W2128678576,inter
W2128705399,inter
W2128710328,inst
W2128716185,inst
W2128729513,inter
W2128731481,inter
W2128731965,inter
W2128738887,inst
W2128741405,inter
W2128744521,inter
W2128745377,inter
W2128757624,inter
W2128758417,inter
W2128759588,inter
W2128765501,inst
W2128770445,inter
W2128778363,inter
W2128800166,inter
W2128804141,inter
W2128819429,inst
W2128821919,inter
W2128824222,inter
W2128825107,inter
W2128837613,inter
W2128838222,inter
W2128844968,inter
W2128851484,inter
W2128853146,inter
W2128859735,inter
W2128873747,inter
W2128889245,inter
W2128894842,inter
W2128903967,inter
W2128905213,inst
W2128906333,inter
W2128912667,inter
W2128919165,inter
W2128927344,inter
W2128928939,inter
W2128931145,uni
W2128933115,inter
W2128941908,inter
W2128943711,inter
W2128956605,inter
W2128958079,inst
W2128960784,inter
W2128967371,inter
W2128970384,inter
W2128973832,inter
W2128974264,inter
W2128983525,inter
W2128987837,inter
W2128991376,inter
W2128997576,inter
W2129006915,inter
W2129010335,inst
W2129013743,inter
W2129018774,inter
W2129019537,inter
W2129021586,inter
W2129021863,inter
W2129034170,inter
W2129035706,inter
W2129044502,inter
W2129066902,uni
W2129089443,inter
W2129107188,inter
W2129107602,inst
W2129107669,inter
W2129111190,inter
W2129112648,inter
W2129115514,inst
W2129116669,inter
W2129123581,inter
W2129149386,inter
W2129150631,inter
W2129150997,inter
W2129157852,inter
W2129169401,inter
W2129183325,inter
W2129183345,inter
W2129188924,inter
W2129192659,inter
W2129201358,inter
W2129211234,inst
W2129212298,inter
W2129212619,inter
W2129217160,inter
W2129222772,inter
W2129231230,inter
W2129234422,inter
W2129240197,inter
W2129245267,inter
W2129250947,inter
W2129259959,inter
W2129260213,inter
W2129262850,inst
W2129265100,inter
W2129270900,inter
W2129278597,inter
W2129280250,inter
W2129291408,inter
W2129301046,inter
W2129314216,inter
W2129331852,inter
W2129337727,inst
W2129354040,inter
W2129357024,inst
W2129360963,inter
W2129368140,inter
W2129376520,inter
W2129381159,inter
W2129391118,inst
W2129391519,inter
W2129412326,inter
W2129426180,inter
W2129430460,inter
W2129437793,inter
W2129440600,inter
W2129458440,inter
W2129487958,inter
W2129489865,inter
W2129496455,inter
W2129498976,inter
W2129515371,inter
W2129522054,uni
W2129523505,inter
W2129542188,inter
W2129547689,inter
W2129587480,inter
W2129598695,inter
W2129600441,inter
W2129620298,inst
W2129620337,inter
W2129622867,inter
W2129631732,inter
W2129631803,uni
W2129632370,inter
W2129644086,inter
W2129649323,inter
W2129652681,inter
W2129659014,inter
W2129662044,inter
W2129666400,inter
W2129666524,inst
W2129672212,inter
W2129675633,uni
W2129703904,inter
W2129717727,inter
W2129721611,inter
W2129727551,inter
W2129745589,inter
W2129753516,inter
W2129754568,inter
W2129758780,inst
W2129762633,inter
W2129763352,inst
W2129768577,inter
W2129769374,inter
W2129771875,inter
W2129788248,inter
W2129795994,inter
W2129798683,inter
W2129816539,inter
W2129817042,inter
W2129824019,uni
W2129825861,inst
W2129833719,uni
W2129841413,inter
W2129845986,inter
W2129879687,inter
W2129880717,inter
W2129888542,inter
W2129890539,inter
W2129900375,inter
W2129919345,uni
W2129927619,inter
W2129931199,inter
W2129931573,inter
W2129932053,inter
W2129932661,inter
W2129937339,inter
W2129950039,inter
W2129959069,inter
W2129963397,inter
W2129969339,inter
W2129977719,inst
W2129978308,inter
W2129991367,inter
W2129995544,inst
W2130001180,inter
W2130009812,inst
W2130022282,inter
W2130026698,inter
W2130041015,inter
W2130051287,inst
W2130070802,inst
W2130075423,inst
W2130076536,inter
W2130076907,inter
W2130093679,inter
W2130093830,inter
W2130094715,inter
W2130095783,inter
W2130097796,inst
W2130099442,uni
W2130103202,inter
W2130103520,inst
W2130116970,inter
W2130117852,inst
W2130135344,inter
W2130138866,inst
W2130140345,inter
W2130146690,inter
W2130152237,inst
W2130154958,inter
W2130159466,inter
W2130161630,inter
W2130167729,inter
W2130179707,inter
W2130181030,inter
W2130196635,inter
W2130200371,inter
W2130210899,inst
W2130221251,inter
W2130221884,inter
W2130222612,inter
W2130234052,inter
W2130236828,inter
W2130241311,inter
W2130247386,inter
W2130252507,inter
W2130258210,inst
W2130259898,inter
W2130260896,inter
W2130263644,inter
W2130268632,inter
W2130270732,inter
W2130274814,inter
W2130279679,inter
W2130282097,inter
W2130283017,inter
W2130287471,inter
W2130287785,inst
W2130293653,inter
W2130306094,inter
W2130307546,inter
W2130313211,inst
W2130325614,inst
W2130337399,inter
W2130339531,inter
W2130342593,uni
W2130349088,inter
W2130351652,inst
W2130361043,inst
W2130372280,inter
W2130373351,inter
W2130373880,inter
W2130374299,inter
W2130374657,inter
W2130378394,inter
W2130386467,inter
W2130395434,inter
W2130396671,inter
W2130397543,inter
W2130398583,inter
W2130403046,top tier
W2130405170,inter
W2130422497,inter
W2130422512,inter
W2130429346,inter
W2130446944,inter
W2130450302,inter
W2130452235,inter
W2130467234,inter
W2130470231,inter
W2130476329,inter
W2130485496,inter
W2130492542,inter
W2130497033,uni
W2130501771,inter
W2130501886,inter
W2130502218,inter
W2130502756,inter
W2130507939,inter
W2130518506,inter
W2130519480,inst
W2130527038,inter
W2130531694,inter
W2130538955,inst
W2130540844,inter
W2130551617,inter
W2130556244,uni
W2130561641,inter
W2130562351,inter
W2130580270,inter
W2130606967,inter
W2130607673,inter
W2130613448,inter
W2130624470,inst
W2130625148,inter
W2130630043,inter
W2130640611,inter
W2130657217,inter
W2130660124,inter
W2130664003,inst
W2130664336,inter
W2130665982,inter
W2130667149,inter
W2130674132,inter
W2130674263,inter
W2130674596,inter
W2130675236,inter
W2130676194,inter
W2130686068,inter
W2130688171,inter
W2130710126,inter
W2130719344,inter
W2130720119,inter
W2130724093,inst
W2130727150,inter
W2130748174,inter
W2130752227,inter
W2130762528,inter
W2130764977,uni
W2130788135,inter
W2130802299,inter
W2130813098,inter
W2130817397,uni
W2130817416,inter
W2130817593,inter
W2130830290,inter
W2130840066,inter
W2130851407,inter
W2130867670,inter
W2130874082,uni
W2130887554,inter
W2130895341,inter
W2130900715,inter
W2130902106,inst
W2130903752,inter
W2130909682,inter
W2130913433,inter
W2130942329,inst
W2130949063,inter
W2130961458,inter
W2130967222,inst
W2130972944,inter
W2130974963,inter
W2130975683,inter
W2130980248,inter
W2130996910,inter
W2131006320,inter
W2131008681,inter
W2131017271,inter
W2131020804,inter
W2131030892,inter
W2131040121,uni
W2131046228,inter
W2131053137,inter
W2131054871,inter
W2131065627,inst
W2131075537,inter
W2131076653,inter
W2131081720,inter
W2131081741,inst
W2131082991,inter
W2131090450,inter
W2131091094,inter
W2131096110,inter
W2131101925,inter
W2131103450,inter
W2131104747,inter
W2131120494,inter
W2131125270,inter
W2131130331,inter
W2131132575,inter
W2131141229,inter
W2131142034,inter
W2131142053,inter
W2131156692,inter
W2131158880,inst
W2131163834,inter
W2131164945,inter
W2131166445,inst
W2131172512,inter
W2131175133,inst
W2131185315,uni
W2131196669,inter
W2131205845,inter
W2131216589,inter
W2131217425,inter
W2131230357,inter
W2131244115,inst
W2131247345,inter
W2131251447,inter
W2131254529,inter
W2131256974,inter
W2131259545,inter
W2131264513,inter
W2131267310,inter
W2131273085,inter
W2131274487,inter
W2131283257,inter
W2131294854,inter
W2131307433,inter
W2131308325,inter
W2131329059,inst
W2131333709,uni
W2131333805,inter
W2131335291,inter
W2131338307,uni
W2131347449,inter
W2131355481,inter
W2131355670,inter
W2131356112,uni
W2131377323,inter
W2131379830,inter
W2131389289,inter
W2131391419,inter
W2131392105,inter
W2131400480,inter
W2131417696,inst
W2131438151,uni
W2131441444,inter
W2131445960,inter
W2131446227,inter
W2131447359,inter
W2131459196,inst
W2131460876,inter
W2131479143,inter
W2131487329,inter
W2131489071,inter
W2131493012,inter
W2131498344,inter
W2131516413,uni
W2131529365,inter
W2131534673,inter
W2131538046,inter
W2131547400,inter
W2131554162,inter
W2131556131,inter
W2131562188,inter
W2131567213,inter
W2131573251,inter
W2131587162,inter
W2131600161,inter
W2131618054,inter
W2131620262,inst
W2131620359,inst
W2131620964,inter
W2131628385,inter
W2131629857,inst
W2131634726,inter
W2131635096,inter
W2131646073,inter
W2131649237,inter
W2131658178,inter
W2131660458,uni
W2131667412,inter
W2131673214,inter
W2131683518,inter
W2131685540,inter
W2131690084,inter
W2131698806,inst
W2131700150,inter
W2131705908,inter
W2131716780,inter
W2131726285,inter
W2131728506,inter
W2131733682,inter
W2131751093,inter
W2131754512,inter
W2131767821,inst
W2131774270,top tier
W2131782701,inter
W2131791003,inter
W2131793079,inter
W2131798279,uni
W2131807858,inter
W2131824593,inter
W2131825738,inter
W2131846894,top tier
W2131850886,inter
W2131857440,inter
W2131858147,inter
W2131859829,inter
W2131877510,inter
W2131884039,uni
W2131889489,inter
W2131894525,inter
W2131904035,inter
W2131910503,inst
W2131916293,inst
W2131924466,inst
W2131929623,inter
W2131938770,inter
W2131945162,inter
W2131947476,inter
W2131962941,inter
W2131963441,inter
W2131965108,inter
W2131968171,inter
W2131978991,inter
W2131981197,inter
W2131991463,inter
W2132001627,inter
W2132012332,inst
W2132015465,inter
W2132039489,inter
W2132042711,inter
W2132070457,inter
W2132083478,inter
W2132093053,inter
W2132093718,inter
W2132100261,inst
W2132102329,inter
W2132115996,inter
W2132127273,inter
W2132153047,inter
W2132158408,inter
W2132164118,inter
W2132164261,inter
W2132166479,inter
W2132178883,inter
W2132180849,inter
W2132206191,inter
W2132212656,inter
W2132233613,inter
W2132240568,inter
W2132241724,inter
W2132254548,inter
W2132269377,inter
W2132272417,inter
W2132280055,inst
W2132285838,inter
W2132290529,inter
W2132291180,inter
W2132294856,inter
W2132311780,inter
W2132314908,inter
W2132322720,inter
W2132326029,inter
W2132340807,inter
W2132347284,inst
W2132350687,inter
W2132356580,inst
W213236233,inter
W2132379769,inter
W2132409053,inter
W2132416301,inter
W2132417599,inst
W2132424367,inter
W2132434150,inst
W2132434872,inter
W2132438428,inter
W2132442450,inter
W2132455627,inter
W2132463147,inter
W2132463201,inter
W2132464211,inter
W2132467081,inter
W2132479554,inter
W2132485731,inter
W2132489129,inter
W2132497824,inter
W2132498682,inter
W2132499268,inter
W2132504937,inter
W21325108,inter
W2132534805,inter
W2132539772,inter
W2132543170,inter
W2132548797,inter
W2132549992,inter
W2132559980,inst
W2132562144,inter
W2132570762,inter
W2132572059,inter
W2132573196,inter
W2132579158,inter
W2132581831,inst
W2132583787,inter
W2132585195,inter
W2132603077,inst
W2132613071,inter
W2132619672,inter
W2132622920,inter
W2132635174,inst
W2132637896,inst
W2132639510,inter
W2132661941,inter
W2132662181,inter
W2132670954,inter
W2132672282,inst
W2132679069,inter
W2132680427,inst
W2132688627,inst
W2132689339,inst
W2132702953,inter
W2132711270,inter
W2132714872,inter
W2132717399,inter
W2132732030,inst
W2132733723,inter
W2132747369,inter
W2132747517,inst
W2132748039,inst
W2132748994,inter
W2132749941,inter
W2132764286,inter
W2132771164,inter
W2132771435,inter
W2132774146,inter
W2132781244,inter
W2132782483,inter
W2132786452,inter
W2132801676,inter
W2132801817,inter
W2132806808,inter
W2132818690,inter
W2132847147,inter
W2132847744,inter
W2132851185,inter
W2132855061,inst
W2132862423,inst
W2132870739,inter
W2132874238,inter
W2132885717,inter
W2132907982,inter
W2132909805,inter
W2132911512,inter
W2132920211,inter
W2132927161,inter
W2132932625,inst
W2132936218,inter
W2132947623,inter
W2132964407,inter
W2132982263,inst
W2132984323,top tier
W2132987440,inter
W2132987460,inter
W2132988481,inter
W2132999862,inst
W2133002245,inter
W2133003941,inter
W2133008414,inter
W2133014881,inter
W2133019913,inter
W2133029931,inst
W2133039566,inter
W2133039978,inter
W2133040236,uni
W2133045978,inter
W2133059825,inter
W2133066287,inter
W2133068391,top tier
W2133072340,inter
W2133075925,uni
W2133078477,inter
W2133082374,inter
W2133101621,inter
W2133109597,inst
W2133112628,inter
W2133114049,inter
W2133119840,inst
W2133125488,inter
W2133130372,inter
W2133132768,inst
W2133138342,inter
W2133151371,inter
W2133155653,inter
W2133155955,inter
W2133161125,inter
W2133162665,inter
W2133164461,uni
W2133164811,inst
W2133167466,inter
W2133168612,inter
W2133192850,inter
W2133197980,inter
W2133201251,inter
W2133217090,inst
W2133218851,inter
W2133229696,inter
W2133262123,inter
W2133267628,inst
W2133280543,inter
W2133287458,inter
W2133287637,inter
W2133294820,inter
W2133296809,inter
W2133299088,inst
W2133321180,inter
W2133321814,inter
W2133322684,inter
W2133324800,inter
W2133327040,inter
W2133337893,inter
W2133348650,inter
W2133351352,inter
W2133357323,inter
W2133368777,inter
W2133388765,inter
W2133412596,inter
W2133412796,inter
W2133414444,inter
W2133426494,inter
W2133427376,inter
W2133428087,inter
W2133436028,inter
W2133443490,inter
W2133443878,inst
W2133444763,inter
W2133462743,inst
W2133474531,inter
W2133481166,inter
W2133497849,inst
W2133500334,inter
W2133505209,inter
W2133506088,inter
W2133509043,inter
W2133512280,inst
W2133515615,inst
W2133529843,uni
W2133539518,inter
W2133549820,inter
W2133552372,inter
W2133553843,inter
W2133554519,inst
W2133556616,inst
W2133557963,inter
W2133564261,inter
W2133576259,inter
W2133598069,inter
W2133604244,inter
W2133625993,uni
W2133632477,inter
W2133636534,inter
W2133641722,inter
W2133664094,inter
W2133665775,top tier
W2133671054,inter
W2133671888,inter
W2133672072,inter
W2133680609,inter
W2133690415,inter
W2133704659,inter
W2133720325,inter
W2133722030,inter
W2133722186,inter
W2133728753,inter
W2133732711,inter
W2133737073,inter
W2133737198,inst
W2133751148,inter
W2133764833,inter
W2133764934,inter
W2133769187,inter
W2133772899,inter
W2133791542,inst
W2133802856,inter
W2133805565,inst
W2133824856,inter
W2133840092,inter
W2133841540,inter
W2133849466,inter
W2133850057,inter
W2133853590,inst
W2133857435,inter
W2133877928,inst
W2133882799,inter
W2133887163,inter
W2133897868,inter
W2133905963,inter
W2133906499,inst
W2133907196,inter
W2133929848,inter
W2133936282,inter
W2133943294,inter
W2133945041,inter
W2133947547,inter
W2133958093,inter
W2133961349,inst
W2133967495,inter
W2133985502,inter
W2133990480,top tier
W2133995768,inter
W2134000508,inter
W2134002810,inter
W2134013617,inter
W2134023113,uni
W2134026218,inter
W2134029906,inter
W2134041875,inter
W2134059651,inter
W2134063552,inter
W2134070492,inter
W2134090438,inter
W2134105237,inter
W2134111130,inter
W2134112335,inter
W2134128556,inter
W2134144931,inter
W2134155515,inst
W2134161678,inter
W2134162983,inter
W2134167315,inter
W2134169350,inter
W2134173507,inter
W2134176558,inter
W2134177285,inst
W2134188917,inter
W2134190498,inter
W2134201719,inter
W2134206624,inter
W2134208807,inst
W2134209865,inter
W2134213978,inter
W2134215781,inter
W2134223946,inter
W2134224259,inter
W2134224423,inter
W2134234758,inter
W2134235473,inter
W2134238548,inter
W2134242644,inter
W2134253380,inter
W2134255060,inter
W2134259940,inter
W2134270519,inter
W2134277037,inter
W2134280778,uni
W2134283755,inter
W2134295053,inter
W2134306672,inter
W2134320246,inter
W2134321819,inst
W2134356291,inter
W2134357230,inter
W2134358187,inter
W2134367453,inter
W2134371468,inter
W2134376964,inter
W2134382745,inter
W2134386654,inter
W2134394225,inter
W2134403031,inst
W2134407994,inter
W2134411878,inst
W2134414154,inter
W2134414769,inter
W2134419104,inter
W2134433207,inter
W2134436770,inter
W2134437265,inter
W2134440707,inter
W2134444560,inter
W2134446632,inst
W2134460122,inter
W2134464598,inter
W2134468204,inter
W2134470641,inst
W2134476260,inter
W2134480537,inter
W2134486056,inter
W2134490011,inter
W2134491302,inst
W2134497352,inter
W2134503191,inter
W2134511576,inst
W2134514463,inter
W2134514766,inter
W2134519279,inst
W2134522095,inter
W2134527668,inter
W2134532885,inter
W2134536645,inter
W2134537311,inter
W2134547831,inter
W2134557905,inter
W2134558463,inter
W2134559770,inter
W2134560790,inst
W2134570253,inter
W2134574492,inter
W2134576273,inter
W2134577448,inter
W2134582399,inter
W2134582584,uni
W2134583763,inter
W2134585533,inter
W2134585683,inter
W2134587691,inter
W2134594539,inter
W2134603844,inter
W2134633067,inter
W2134642725,inter
W2134645580,inter
W2134650809,inter
W2134662597,inst
W2134670479,inst
W2134680040,inst
W2134683501,inter
W2134689075,inter
W2134689288,inter
W2134691366,inter
W2134693763,inter
W2134694844,inter
W2134696992,inter
W2134697945,inter
W2134702389,inter
W2134716712,inter
W2134731454,inter
W2134736145,inter
W2134750078,inter
W2134780026,uni
W2134781380,inter
W2134782192,inter
W2134786580,inter
W2134804162,inst
W2134806932,inter
W2134807560,inter
W2134807578,inter
W2134807719,inter
W2134810690,inter
W2134814621,inter
W2134826392,inter
W2134836602,inter
W2134839354,inter
W2134855419,inter
W2134864637,inter
W2134866159,inter
W2134878079,uni
W2134889667,inter
W2134904348,inter
W2134905288,inter
W2134907429,inter
W2134912727,inter
W2134916319,uni
W2134916573,inter
W2134923139,inst
W2134926397,inter
W2134929491,inter
W2134932665,inst
W2134958224,inter
W2134960780,inter
W2134961275,inter
W2134967712,top tier
W2134982133,inter
W2134993037,inter
W2135031801,inst
W2135031946,inst
W2135036872,inter
W2135043890,inst
W2135055699,inter
W2135056756,inter
W2135059100,inter
W2135063818,inter
W2135069250,inter
W2135073150,inter
W2135083501,inter
W2135089888,uni
W2135092993,inter
W2135097120,inter
W2135099885,inst
W2135105491,inst
W2135127588,inter
W2135147423,inter
W2135148528,inst
W2135151043,inter
W2135153142,inter
W2135160268,inter
W2135162328,inst
W2135166986,inst
W2135176316,inter
W2135176684,inter
W2135177518,inter
W2135199820,inter
W2135211390,inter
W2135219381,inter
W2135219693,inter
W2135223019,inter
W2135227058,inter
W2135230399,inter
W2135231474,inter
W2135236309,uni
W2135248699,inter
W2135257661,inter
W2135266376,inst
W2135273380,top tier
W2135274440,inter
W2135279410,inter
W2135280974,inter
W2135287414,uni
W2135291224,inst
W2135291614,inter
W2135294669,inter
W2135307173,inter
W2135315786,inter
W2135319208,inter
W2135319224,inter
W2135328761,inter
W2135331233,inter
W2135335717,inter
W2135341596,inter
W2135343347,inter
W2135353134,inter
W2135357672,inter
W2135364649,inter
W2135392152,inter
W2135393827,inter
W2135405256,inter
W2135415614,inst
W2135423934,inter
W2135426669,inter
W2135431554,inter
W2135435709,inter
W2135442311,inter
W2135454103,inter
W2135466283,inter
W2135471650,inst
W2135472700,inter
W2135479785,inter
W2135488357,inter
W2135490153,inter
W2135496322,inter
W2135501359,inter
W2135511047,inst
W2135514714,inter
W2135528482,inter
W2135537429,inst
W2135543188,inter
W2135562470,inter
W2135569498,inter
W2135582840,inter
W2135596126,inter
W2135598014,inter
W2135598717,inter
W2135605639,inter
W2135624438,inter
W2135654257,inst
W2135658380,inter
W2135670602,inter
W2135682468,inst
W2135705436,inter
W2135705692,inst
W2135708813,inter
W2135716933,inter
W2135719501,inter
W2135725275,inter
W2135733005,inst
W2135733034,inter
W2135737554,inter
W2135750899,inter
W2135753071,inter
W2135767707,inter
W2135805454,inter
W2135807910,inter
W2135813353,inter
W2135819514,uni
W2135822210,inter
W2135849180,inter
W2135861925,inter
W2135864272,inter
W2135864487,inter
W2135873580,inter
W2135877462,inter
W2135890534,inter
W2135900350,inst
W2135901833,inter
W2135904340,inter
W2135910425,inter
W2135922344,inter
W2135930306,inter
W2135930857,inter
W2135935516,inst
W2135938932,inter
W2135940344,inst
W2135944657,inter
W2135948427,inter
W2135949973,inter
W2135952660,inter
W2135953971,inter
W2135961964,inter
W2135966669,inter
W2135979612,inter
W2135986646,inter
W2135988418,inter
W2135988981,uni
W2135999411,inter
W2136026194,inter
W2136030026,inter
W2136032111,inter
W2136033258,inst
W2136047688,inter
W2136050666,inter
W2136063698,inter
W2136071722,inter
W2136072768,inter
W2136073452,inter
W2136078037,inter
W2136098605,inter
W2136104104,inter
W2136109306,inter
W2136112593,inter
W2136114025,inter
W2136118810,inter
W2136119832,inter
W2136120429,inter
W2136142776,inter
W2136145485,inst
W2136148445,inter
W2136154918,inter
W2136157422,inst
W2136175341,inst
W2136179633,uni
W2136190170,inter
W2136195606,uni
W2136208885,inter
W2136209011,inter
W2136209220,inst
W2136238707,inter
W2136243427,inter
W2136249409,inter
W2136251246,inter
W2136262589,inter
W2136269382,inter
W2136271315,inst
W2136274741,inter
W2136277000,inter
W2136277350,inter
W2136277395,inter
W2136285318,inter
W2136289064,inter
W2136299681,inter
W2136310569,inter
W2136310957,inter
W2136329599,inst
W2136340804,inter
W2136343891,inter
W2136348719,inter
W2136353882,inter
W2136378950,inter
W2136385615,inter
W2136390693,inst
W2136393336,inter
W2136395129,inter
W2136404131,inter
W2136405884,inter
W2136420282,inter
W2136425633,inter
W2136431924,inter
W2136434495,inter
W2136449027,inst
W2136451165,inst
W2136461127,inter
W2136461391,inter
W2136472892,inter
W2136480166,inter
W2136480620,inst
W2136486222,inter
W2136490545,inter
W2136504031,inter
W2136504847,inter
W2136505671,inter
W2136521735,inter
W2136525009,inter
W2136537636,inter
W2136539454,inter
W2136539519,uni
W2136542423,inst
W2136545577,inter
W2136549483,inter
W2136550140,inter
W2136552603,inter
W2136565860,inter
W2136570295,inter
W2136577779,inter
W2136593250,inst
W2136600883,inst
W2136607915,uni
W2136642438,inter
W2136646228,inter
W2136666231,inter
W2136674011,inter
W2136678471,inter
W2136680714,inter
W2136696682,inter
W2136704614,inter
W2136706845,inst
W2136717145,inter
W2136726900,inter
W2136729253,inter
W2136730584,inter
W2136731238,inter
W2136743178,inter
W2136744750,inter
W2136750916,inter
W2136757566,inter
W2136760929,uni
W2136763544,inter
W2136765640,inst
W2136772527,inter
W2136801452,inst
W2136805896,inter
W2136817411,inter
W2136817765,inter
W2136835878,inter
W2136835942,inst
W2136836265,inter
W2136838997,inter
W2136842280,inter
W2136843771,inter
W2136850962,inter
W2136853139,inter
W2136860008,inter
W2136880469,inst
W2136885397,inter
W2136892987,inter
W2136901956,inter
W2136905849,inter
W2136922672,top tier
W2136923889,uni
W2136928336,inter
W2136928530,inter
W2136930733,inter
W2136936852,inter
W2136951832,inter
W2136954203,inter
W2136962287,inter
W2136968720,inter
W2136971892,inst
W2136975665,uni
W2136979193,inst
W2136982937,inter
W2136986825,inst
W2136988154,inst
W2136994812,inter
W2137005141,inter
W2137014372,inter
W2137014578,inter
W2137024312,inter
W2137028279,inter
W2137030586,inter
W2137033724,inter
W2137042704,inter
W2137043322,inter
W2137052779,inter
W2137056077,inter
W2137079713,top tier
W2137080878,uni
W2137086253,inter
W2137125244,inter
W2137130066,inter
W2137130182,inter
W2137140608,inter
W2137143696,inst
W2137147061,inter
W2137153141,inter
W2137161844,inter
W2137164720,inter
W2137188207,uni
W2137190664,inter
W2137196255,inst
W2137210549,inter
W2137215443,inter
W2137215532,inst
W2137216748,inter
W2137229314,inter
W2137240782,inter
W2137246712,inter
W2137253512,inter
W2137258051,inter
W2137259613,inter
W2137260886,inter
W2137263062,inter
W2137273147,inter
W2137277750,inter
W2137278143,inst
W2137294941,uni
W2137295324,inter
W2137296056,inter
W2137296062,inter
W2137306662,inter
W2137319814,inter
W2137326991,inter
W2137334650,inter
W2137335362,uni
W2137354923,inter
W2137367353,inter
W2137368195,uni
W2137376508,inter
W2137377746,inter
W2137396023,inter
W2137401803,inter
W2137405310,inter
W2137420707,inter
W2137424107,inter
W2137440863,inter
W2137452788,inter
W2137459517,inter
W2137468186,inter
W2137485558,inst
W2137493099,inter
W2137503802,inter
W2137515654,inter
W2137524629,inter
W2137539029,inter
W2137541800,inter
W2137550973,uni
W2137558935,inter
W2137559183,inter
W2137560895,inter
W2137565219,inter
W2137567453,inter
W2137569669,uni
W2137570657,inst
W2137571785,inter
W2137583600,inter
W2137583829,inter
W2137583836,inter
W2137585588,inst
W2137587644,inter
W2137602723,inter
W2137613818,inter
W2137623615,inter
W2137623823,inter
W2137626069,inter
W2137633190,inter
W2137633966,inst
W2137637927,inter
W2137639365,inter
W2137650255,inter
W2137653412,inter
W2137657593,inter
W2137659841,inter
W2137661534,inter
W2137674121,inter
W2137675680,inter
W2137693090,inst
W2137704711,inter
W2137706341,inter
W2137707990,inter
W2137710487,inter
W2137711991,inter
W2137731055,inter
W2137733585,inst
W2137734941,inter
W2137736727,inter
W2137737710,inter
W2137738542,inter
W2137753370,inter
W2137760933,inter
W2137761914,inter
W2137763598,inter
W2137775453,inter
W2137775956,inst
W2137795521,inter
W2137797529,inter
W2137804319,inter
W2137806719,inst
W2137808247,inter
W2137819016,inter
W2137820941,inter
W2137822079,inter
W2137826911,inter
W2137836566,uni
W2137837190,inter
W2137838113,inter
W2137845741,inter
W2137861763,inter
W2137868850,inter
W2137871902,inter
W2137891140,inter
W2137891718,inst
W2137898330,inter
W2137901062,inter
W2137911439,inter
W2137918516,inter
W2137924757,inter
W2137939491,inter
W2137948437,inst
W2137949826,inter
W2137959503,inter
W2137965196,inter
W2137971377,inter
W2137972805,inter
W2137973479,inter
W2137974653,inter
W2137976240,uni
W2137981491,inter
W2137983211,top tier
W2137989472,inter
W2137994790,inter
W2138002307,inter
W2138011018,inst
W2138014099,uni
W2138035454,inter
W2138037343,inter
W2138041026,inter
W2138044295,inter
W2138060290,inst
W2138062797,inter
W2138064036,inst
W2138073680,inter
W2138074293,inter
W2138077253,inter
W2138079527,inst
W2138090438,inst
W2138091718,inter
W2138092272,inter
W2138106181,inter
W2138106543,inter
W2138110316,inter
W2138126554,inter
W2138127543,inter
W2138129432,inter
W2138133412,inter
W2138141577,inter
W2138141991,inter
W2138146874,inter
W2138163228,inter
W2138164469,inter
W2138169871,inter
W2138172804,uni
W2138180870,inter
W2138183086,inter
W2138197318,inst
W2138199375,inter
W2138201395,inter
W2138209740,inter
W2138215472,inter
W2138230945,inter
W2138243584,inter
W2138244240,inter
W2138245406,inter
W2138257718,inter
W2138260443,inter
W2138276238,inter
W2138314961,inter
W2138316431,inter
W2138334515,inter
W2138334626,inst
W2138335410,inter
W2138335438,inter
W2138358425,inter
W2138362897,inter
W2138377740,inter
W2138383519,inter
W2138384202,inter
W2138388136,inter
W2138388365,inst
W2138398260,inter
W2138398824,inter
W2138401407,inter
W2138406903,inter
W2138412295,inter
W2138420432,inter
W2138432356,inter
W2138443142,inter
W2138445519,inter
W2138446884,inter
W2138451337,top tier
W2138467539,inter
W2138472563,inter
W2138473864,inter
W2138474706,inter
W2138484437,top tier
W2138500330,inter
W2138504275,inter
W2138507498,inter
W2138510085,inter
W2138516811,inter
W2138524324,inter
W2138528159,inter
W2138540542,inter
W2138543759,inter
W2138556149,inter
W2138563571,inter
W2138578861,inter
W2138580357,inst
W2138580797,inter
W2138584058,inst
W2138598618,inter
W2138620696,inst
W2138622732,inter
W2138634601,inter
W2138643997,inter
W2138646635,inter
W2138652032,inter
W2138655172,inter
W2138658645,inst
W2138660573,inter
W2138663006,inter
W2138669704,inter
W2138674095,uni
W2138681811,inter
W2138686440,inter
W2138698531,inter
W2138700805,uni
W2138702206,inter
W2138707442,inter
W2138713902,inter
W2138729304,inter
W2138738738,inter
W2138739352,inter
W2138743329,inter
W2138744372,inter
W2138754805,inter
W2138763450,inter
W2138770935,inter
W2138774261,inter
W2138779125,inst
W2138780709,inter
W2138781677,inter
W2138784882,inter
W2138788987,inst
W2138791376,inter
W2138800795,inter
W2138801546,uni
W2138822055,inter
W2138835141,inst
W2138845870,inter
W2138857742,inter
W2138869437,uni
W2138872037,inter
W2138875086,inst
W2138876061,inter
W2138879322,inter
W2138894838,inst
W2138900701,inter
W2138905090,inter
W2138907779,inter
W2138915905,inter
W2138923206,inter
W2138928022,inst
W2138939691,inter
W2138945430,inter
W2138960193,inter
W2138966559,uni
W2138973931,inter
W2138993408,inter
W2139019684,inter
W2139026121,inter
W2139028886,inter
W2139029467,inst
W2139041001,inst
W2139047213,inter
W2139049726,inst
W2139054829,inter
W2139077125,inter
W2139080995,inter
W2139092934,uni
W2139100040,inter
W2139111249,inter
W2139118605,inter
W2139133559,inter
W2139138248,inter
W2139139694,inter
W2139143222,inst
W2139144622,inter
W2139146940,inter
W2139155312,inter
W2139182924,inter
W2139192386,inter
W2139197149,inter
W2139200609,inst
W2139212064,uni
W2139212933,top tier
W2139223026,inter
W2139228630,inter
W2139228999,inter
W2139238311,inter
W2139241964,inter
W2139260889,inter
W2139278420,inter
W2139282590,inter
W2139286633,uni
W2139307815,inter
W2139310667,inter
W2139317493,inter
W2139328783,inter
W2139336113,inter
W2139342246,inter
W2139343553,inter
W2139364477,inter
W2139375387,inter
W2139380913,inter
W2139391802,inter
W2139408644,inter
W2139415031,inst
W2139416652,inst
W2139427956,inter
W2139435939,inter
W2139441295,inter
W2139445710,inter
W2139448856,inter
W2139451327,inter
W2139470221,inter
W2139483150,inter
W2139492872,inter
W2139503024,inter
W2139505074,inter
W2139514636,inter
W2139524713,inter
W2139530603,inter
W2139549194,inst
W2139555631,inter
W2139592393,inter
W2139594308,inter
W2139598575,inter
W2139599340,inter
W2139602148,inter
W2139605011,inter
W2139608579,inter
W2139614856,inter
W2139625432,inter
W2139625825,inter
W2139630381,inter
W2139630810,inter
W2139633055,inter
W2139651995,inter
W2139659182,inter
W2139665334,inter
W2139670260,inter
W2139677050,inter
W2139681528,inter
W2139686264,inter
W2139691440,inter
W2139702962,inter
W2139714080,inst
W2139715584,inter
W2139738865,inter
W2139742647,inter
W2139759040,inter
W2139779730,inter
W2139789442,inter
W2139797453,inter
W2139799047,inter
W2139810652,inter
W2139815708,inst
W2139820405,inter
W2139822150,inter
W2139825184,inst
W2139829796,inter
W2139846588,inter
W2139850885,inst
W2139855016,inter
W2139858675,inter
W2139860413,inst
W2139864694,inter
W2139870147,inst
W2139872812,inter
W2139893168,inter
W2139900483,uni
W2139902660,inter
W2139914328,inter
W2139916508,inter
W2139916957,inter
W2139917281,inter
W2139918973,inter
W2139923370,inter
W2139924054,inst
W2139936159,inter
W2139936633,inter
W2139943994,inst
W2139960518,inter
W2139964318,inter
W2139972316,inter
W2139974998,uni
W2139975583,inter
W2139996173,inter
W2140000690,inst
W2140004352,inter
W2140007569,inter
W2140009573,inter
W2140010698,inter
W2140011697,inst
W2140032948,inter
W2140034113,inter
W2140046538,inter
W2140048356,inter
W2140051491,inter
W2140065105,inter
W2140088378,inter
W2140095007,inter
W2140095144,inter
W2140095548,inter
W2140096141,inter
W2140100092,inter
W2140103896,inter
W2140117117,inst
W2140122747,inter
W2140124448,inst
W2140136381,inter
W2140141060,inst
W2140146215,inter
W2140152108,inter
W2140164752,inter
W2140169211,inter
W2140177165,inter
W2140183639,inter
W2140187183,inter
W2140190241,top tier
W2140208274,inter
W2140223865,inst
W2140237260,inter
W2140242774,inter
W2140246681,inter
W2140249378,inter
W2140266719,inst
W2140274510,inter
W2140275778,inter
W2140285196,inter
W2140286994,uni
W2140287083,inter
W2140300123,inter
W2140304104,inter
W2140306166,inter
W2140309408,inter
W2140318696,inst
W2140332639,inter
W2140336868,inst
W2140338057,inter
W2140345518,inter
W2140348479,inter
W2140350225,inter
W2140350328,inter
W2140351059,inter
W2140351517,inter
W2140352102,inter
W2140359420,inter
W2140362372,inter
W2140362910,inter
W2140372921,inst
W2140380569,inter
W2140382237,inter
W2140384587,inter
W2140392267,inter
W2140400562,inter
W2140412681,inter
W2140420369,inter
W2140441287,inter
W2140448133,uni
W2140448169,inter
W2140454936,inter
W2140460921,inter
W2140464197,inter
W2140464249,inter
W2140509617,inter
W2140510662,inter
W2140515343,inter
W2140515476,inter
W2140519269,inter
W2140593870,inter
W2140600886,inter
W2140612892,inter
W2140617045,inter
W2140624135,inter
W2140647971,inter
W2140649270,inter
W2140664758,inter
W2140669664,inter
W2140672955,inter
W2140677964,inter
W2140689723,inter
W2140692653,inter
W2140701737,inter
W2140711034,inter
W2140715711,inter
W2140719220,inter
W2140720699,inter
W2140728947,inter
W2140729587,inter
W2140733653,inter
W2140735141,inter
W2140749726,uni
W2140762252,inter
W2140763373,inter
W2140791452,inter
W2140797123,inter
W2140802794,inter
W2140807364,inter
W2140808147,inst
W2140812167,inter
W2140814245,inter
W2140828385,inter
W2140829623,inter
W2140839682,inter
W2140853769,inter
W2140886193,inter
W2140894462,inter
W2140907607,inter
W2140910241,inter
W2140915062,inter
W2140917900,inter
W2140919237,inter
W2140930786,inter
W2140942285,inter
W2140945772,inter
W2140947746,inter
W2140956952,inter
W2140959843,inter
W2140977001,inter
W2140984045,inter
W2141009008,inter
W2141017982,inter
W2141021874,inter
W2141033252,inst
W2141053090,inter
W2141067321,inter
W2141072616,inter
W2141078277,inst
W2141081482,inter
W2141083996,inst
W2141105655,inter
W2141111722,inst
W2141112318,inter
W2141125852,inter
W2141135812,inter
W2141136615,inter
W2141140927,inter
W2141150222,inter
W2141151352,inst
W2141160796,inter
W2141161510,inter
W2141164413,inter
W2141164591,inter
W2141173815,inter
W2141175342,inter
W2141175718,inter
W2141177935,inter
W2141178894,inter
W2141181087,inst
W2141192408,inter
W2141203421,inter
W2141205517,inter
W2141209982,inter
W2141218840,inter
W2141222493,inter
W2141224535,inter
W2141234838,inter
W2141238531,inter
W2141255597,inter
W2141267721,inter
W2141270971,inter
W2141278204,inter
W2141282920,inst
W2141290019,inst
W2141293105,inter
W2141299360,inter
W2141303268,inter
W2141303613,inter
W2141307790,inter
W2141311720,inter
W2141324938,inter
W2141339934,inter
W2141350700,inter
W2141355815,inter
W2141358266,inter
W2141362318,inst
W2141376824,inst
W2141377631,uni
W2141402841,inter
W2141403022,inter
W2141404654,inter
W2141405301,inter
W2141412455,inter
W2141416357,inter
W2141421176,inter
W2141423371,inst
W2141425118,inter
W2141451835,inter
W2141465109,inst
W2141475351,inter
W2141491381,inter
W2141491609,inter
W2141504278,inter
W2141516267,inter
W2141535314,inter
W2141537508,inter
W2141538032,inter
W2141547059,inter
W2141548131,inst
W2141554582,inter
W2141564938,inter
W2141576921,inter
W2141593530,inst
W2141603742,inter
W2141625084,inter
W2141625748,inter
W2141625899,inter
W2141627147,uni
W2141630781,inter
W2141630868,inter
W2141633098,inter
W2141634167,inter
W2141636992,inter
W2141641405,inter
W2141648331,inter
W2141656206,inst
W2141661023,inter
W2141664020,inst
W2141670850,inst
W2141681031,inter
W2141691531,inter
W2141695047,inter
W2141699006,inter
W2141701040,inter
W2141701079,inter
W2141704330,inter
W2141705425,uni
W2141711229,inter
W2141717753,inter
W2141738418,inter
W2141762756,inter
W2141805200,inter
W2141819032,inter
W2141819817,inst
W2141820524,inter
W2141823645,inst
W2141833813,inst
W2141834896,inter
W2141837858,inter
W2141850462,inst
W2141852054,inter
W2141858002,inter
W2141864905,inter
W2141866394,inter
W2141868325,inter
W2141870784,inst
W2141875195,inst
W2141880113,inter
W2141887102,inter
W2141895717,uni
W2141910941,inter
W2141915722,inter
W2141938573,inst
W2141947458,inst
W2141950162,inter
W2141954481,inter
W2141955054,inter
W2141966484,inter
W2141973478,inter
W2141979348,inter
W2141990597,inter
W2141992894,inter
W2141999998,inter
W2142001875,inter
W2142003773,inter
W2142009997,inter
W2142031898,inter
W2142036176,inter
W2142040002,inter
W2142041076,inter
W2142041376,inst
W2142048307,inter
W2142060910,inter
W2142069714,inter
W2142078232,inter
W2142082467,inter
W2142114481,uni
W2142114509,inst
W2142119745,inst
W2142125366,inter
W2142125847,inter
W2142130234,inter
W2142137407,inter
W2142140130,uni
W2142145056,inst
W2142146559,inter
W2142159465,inter
W2142170650,inter
W2142174081,inter
W2142180877,inter
W2142181942,inter
W2142182456,inter
W2142189579,inter
W2142192571,inst
W2142194269,inter
W2142199301,inter
W2142224489,inter
W2142224528,inst
W2142226047,inter
W2142229745,inter
W2142244001,inter
W2142245101,inter
W2142256019,inter
W2142256325,inter
W2142273740,inter
W2142276208,uni
W2142316272,inter
W2142334564,inter
W2142338429,inter
W2142349608,inter
W2142355553,inter
W2142362723,inter
W2142376272,inter
W2142385580,inter
W2142389202,inter
W2142396379,uni
W2142404595,inter
W2142414873,inter
W2142427799,inter
W2142437920,inter
W2142441514,inter
W2142444503,inst
W2142449826,inter
W2142450221,inter
W2142453065,inter
W2142464211,inter
W2142465343,inter
W2142475265,inter
W2142477230,inter
W2142480021,inter
W2142481374,inter
W2142490124,inter
W2142535750,inst
W2142536484,inter
W2142547489,inter
W2142560212,uni
W2142574221,inter
W2142597043,inter
W2142616542,inter
W2142619120,inter
W2142619464,inter
W2142636279,inter
W2142638723,inst
W2142638745,inst
W2142641998,inter
W2142652670,inter
W2142655508,inter
W2142677441,inter
W2142678057,inter
W2142691261,inter
W2142692926,inter
W2142694332,inter
W2142697503,inter
W2142726658,uni
W2142738245,inter
W2142739935,inter
W2142739985,inter
W2142757243,inter
W2142774164,inter
W2142776236,inter
W2142782784,inter
W2142801765,inter
W2142807163,inter
W2142808699,inter
W2142812297,inst
W2142825844,inst
W2142826705,inter
W2142827986,inst
W2142829162,inter
W2142835304,inter
W2142838865,inter
W2142844925,inter
W2142845519,inter
W2142851547,inter
W2142861379,inter
W2142864059,inter
W2142867188,inter
W2142867598,inter
W2142867846,inter
W2142874106,inter
W2142874510,inter
W2142876311,inst
W2142881874,inter
W2142884756,inter
W2142884912,inter
W2142896443,inter
W2142899696,inter
W2142904341,inter
W2142906335,inter
W2142913366,inter
W2142947774,inst
W2142957041,inter
W2142961260,inter
W2142962708,inter
W2142965177,inter
W2142992480,inter
W2142994166,inter
W2143001923,inter
W2143005321,inter
W2143005940,inter
W2143007052,inter
W2143009686,inter
W2143013969,inter
W2143027216,inter
W2143028047,inter
W2143030343,inter
W2143031615,uni
W2143032227,inter
W2143039774,inter
W2143040424,inter
W2143041118,inter
W2143065961,inst
W2143075689,inter
W2143076463,inter
W2143076824,inst
W2143085755,inter
W2143101939,inter
W2143105534,inst
W2143117875,inst
W2143122210,inter
W2143132653,inter
W2143163255,inter
W2143173156,inter
W2143180368,inter
W2143182915,inter
W2143211330,uni
W2143211847,inter
W2143218934,inter
W2143221441,inter
W2143225747,inter
W2143229717,inter
W2143236775,inter
W2143238614,uni
W2143244564,inter
W2143275903,inst
W2143292990,inst
W2143304716,inter
W2143318315,inter
W2143319836,inter
W2143325592,inter
W2143331230,inter
W2143332141,inter
W2143332423,inter
W2143341041,inter
W2143349571,inter
W2143353855,uni
W2143355494,inter
W2143374918,inter
W2143377145,inter
W2143381319,top tier
W2143394728,inter
W2143420533,inter
W2143438504,inter
W2143447102,inst
W2143448435,inst
W2143449221,inter
W2143450077,inter
W2143482176,inter
W2143486266,inter
W2143487813,inter
W2143488688,inter
W2143490782,inter
W2143510297,inter
W2143516773,inter
W2143520307,inst
W2143529102,inter
W2143531254,inter
W2143535196,inst
W2143536181,inter
W2143536583,inter
W2143537651,inter
W2143539328,inst
W2143567718,inter
W2143571334,inter
W2143572124,inst
W2143578569,inter
W2143578895,inter
W2143589337,inter
W2143594946,inst
W2143612128,inter
W2143612262,top tier
W2143620943,inter
W2143628522,inst
W2143635578,inter
W2143642163,inter
W2143661191,inter
W2143668295,inter
W2143668817,inst
W2143676395,inter
W2143676958,inst
W2143687373,inter
W2143692712,inter
W2143693959,inter
W2143700303,inter
W2143717886,inter
W2143720931,inter
W2143726412,inst
W2143729259,inter
W2143730076,inter
W2143734655,inter
W2143737806,inter
W2143742295,inter
W2143753226,inter
W2143760316,inter
W2143765398,inter
W2143771240,inst
W2143773938,uni
W2143793297,inter
W2143804505,inter
W2143810536,uni
W2143816931,inter
W2143829622,inter
W2143842190,inter
W2143845251,inter
W2143860055,inter
W2143862628,inter
W2143872466,inter
W2143888130,inter
W2143897980,inter
W2143898090,uni
W2143901157,inter
W2143908786,inter
W2143920871,inter
W2143926884,inst
W2143941698,inter
W2143944479,inter
W2143968671,inter
W2143970252,inter
W2143978378,inter
W2143979334,inst
W2143991273,inter
W2143992380,inter
W2144012961,inter
W2144019036,inter
W2144029307,inst
W2144047525,inst
W2144053691,inter
W2144071905,inter
W2144073668,inter
W2144089967,inter
W2144091582,inter
W2144098960,inst
W2144113691,inter
W2144119003,inter
W2144119837,inter
W2144127235,inter
W2144127923,inter
W2144128391,inst
W2144129629,inter
W2144134273,inter
W2144139464,inter
W2144158627,inst
W2144168752,inter
W2144169341,inter
W2144172034,inter
W2144182447,inter
W2144183881,inter
W2144192489,inst
W2144193487,inter
W2144193901,inter
W2144205901,inter
W2144211451,inter
W2144212877,inter
W2144219012,inter
W2144232362,inst
W2144233113,inter
W2144245116,inter
W2144248397,inst
W2144258433,inter
W2144260178,uni
W2144261701,inst
W2144275666,inter
W2144276202,inter
W2144293278,inter
W2144304837,inter
W2144317842,inter
W2144323727,inter
W2144323744,uni
W2144337655,inter
W2144342293,inter
W2144344445,inst
W2144344516,inter
W2144360675,inter
W2144361468,inter
W2144369278,top tier
W2144371384,inter
W2144379310,inter
W2144405683,inter
W2144408358,inter
W2144423900,inter
W2144427827,inter
W2144447797,inter
W2144450887,inter
W2144451417,inter
W2144453646,inst
W2144468526,inter
W2144477832,inter
W2144488831,inter
W2144512362,inter
W2144518280,inter
W2144531207,inter
W2144533910,inter
W2144534715,inst
W2144534900,inter
W2144540462,inter
W2144548729,inter
W2144550025,inter
W2144551531,inter
W2144551732,inter
W2144553078,inter
W2144554277,inter
W2144554289,inter
W2144561273,inter
W2144576363,inter
W2144577430,inter
W2144581900,inter
W2144585946,inter
W2144593761,inter
W2144613188,uni
W2144630153,inter
W2144630308,inter
W2144635592,inter
W2144636394,inst
W2144647583,inter
W2144651846,inter
W2144658726,inter
W2144660376,inter
W2144664588,inter
W2144679084,inter
W2144701054,inter
W2144703533,inter
W2144718172,inter
W2144727550,inter
W2144747273,uni
W2144748132,inter
W2144755312,inst
W2144755784,inter
W2144776482,inter
W2144790020,inter
W2144794162,inter
W2144794286,inst
W2144796873,inter
W2144806816,inter
W2144808619,inter
W2144839870,inter
W2144839971,inter
W2144840341,inter
W2144840819,uni
W2144851790,inter
W2144859729,inter
W2144863908,inter
W2144876877,inter
W2144879169,inter
W2144888506,inter
W2144899618,inter
W2144906988,inter
W2144907504,inter
W2144916624,inter
W2144917506,inter
W2144918607,inter
W2144931885,inter
W2144932102,inst
W2144933150,inter
W2144935315,inter
W2144936684,inst
W2144936818,inter
W2144942444,inter
W2144946792,inter
W2144952508,inter
W2144986921,inter
W2144988340,inter
W2144990395,inter
W2145015841,inter
W2145017920,inter
W2145021036,inst
W2145023731,top tier
W2145029943,inter
W2145047267,inst
W2145056020,inter
W2145056192,inter
W2145061307,inter
W2145063049,inter
W2145063381,inter
W2145071552,inter
W2145072179,inst
W2145076722,inst
W2145080442,inter
W2145085734,inter
W2145087641,inter
W2145091572,inter
W2145094598,inter
W2145108549,inter
W2145113795,inter
W2145121041,inter
W2145123272,inter
W2145131129,inter
W2145131662,inter
W2145146138,inter
W2145152745,inter
W2145188184,inst
W2145191352,inter
W2145193234,inter
W2145195491,inter
W2145201922,inter
W2145211141,inter
W2145222417,inter
W2145227859,inter
W2145240003,inter
W2145248757,inter
W2145257706,inter
W2145257815,inter
W2145285494,inter
W2145285922,uni
W2145287260,inter
W2145289533,inter
W2145291000,inter
W2145310492,inter
W2145310550,inter
W2145313747,inter
W2145319246,inst
W2145320441,inter
W2145323081,inter
W2145325002,inter
W2145333791,inter
W2145344560,inter
W2145347071,inter
W2145350161,uni
W2145358696,inst
W2145371424,inst
W2145378482,inter
W2145378581,inter
W2145380601,inst
W2145400576,inter
W2145407833,inter
W2145416734,inter
W2145424836,inter
W2145426052,inter
W2145426126,inter
W2145434292,inter
W2145438604,inter
W2145454538,inter
W2145454557,inter
W2145459259,inter
W2145460710,inter
W2145479133,inter
W2145479420,inter
W2145488453,inter
W2145494871,inter
W2145495757,inter
W2145519285,inst
W2145519405,inter
W2145525758,uni
W2145526800,inter
W2145534881,inter
W2145538735,inter
W2145541974,inter
W2145546283,inter
W2145557321,inter
W2145559746,inter
W2145561180,inter
W2145563843,inter
W2145568986,inter
W2145583728,inter
W2145594385,inter
W2145620688,inst
W2145660698,inter
W2145661921,inter
W2145678332,inter
W2145679125,inter
W2145680191,inter
W2145683197,inter
W2145684309,inter
W2145688371,inter
W2145707829,inter
W2145712402,inst
W2145722235,inter
W2145735530,inter
W2145744710,inter
W2145747704,inter
W2145763283,inter
W2145763471,inst
W2145781566,inter
W2145801399,inst
W2145803225,inter
W2145819623,inter
W2145821267,inter
W2145823193,inst
W2145827087,inter
W2145827727,inter
W2145855411,inter
W2145860159,inter
W2145861727,inter
W2145871057,uni
W2145873277,inter
W2145904766,inter
W2145929148,inter
W2145937415,inter
W2145946269,inter
W2145951843,inter
W2145959310,inter
W2145965735,inter
W2145969515,inter
W2145973785,inter
W2145979145,inter
W2145988239,inter
W2145990036,inter
W2145994306,inst
W2145994642,inst
W2146008177,inter
W2146020873,inter
W2146021366,inter
W2146022304,inter
W2146041179,inter
W2146041471,inter
W2146043304,inter
W2146044140,inst
W2146052399,inter
W2146062428,inst
W2146076890,inter
W2146077028,inst
W2146078642,inter
W2146081744,inter
W2146090483,inst
W2146098979,inter
W2146099890,inst
W2146100293,inst
W2146107182,inter
W2146112636,inter
W2146115574,inter
W2146117179,inter
W2146136779,inst
W2146144468,inter
W2146150422,inter
W2146159891,inter
W2146175204,inter
W2146189323,inter
W2146191242,inter
W2146194630,inter
W2146200922,inter
W2146201632,inst
W2146205114,inter
W2146216242,inter
W2146234850,inst
W2146238954,inter
W2146266614,inter
W2146270091,inter
W2146285286,inter
W2146292423,top tier
W2146295302,inter
W2146296113,uni
W2146300083,inst
W2146312902,inter
W2146316069,inter
W2146323610,inst
W2146324054,inter
W2146324272,inter
W2146345399,inter
W2146348982,inter
W2146351185,inst
W2146363265,inter
W2146366222,inter
W2146378549,inter
W2146398624,inter
W2146403604,inter
W2146405370,inst
W2146406121,inter
W2146411623,inter
W2146417538,inter
W2146424798,inter
W2146427455,uni
W2146440428,inter
W2146444479,inst
W2146446188,inter
W2146471655,inter
W2146471895,inter
W2146480288,inter
W2146483359,inter
W2146484478,inter
W2146487252,inter
W2146490263,inter
W2146496959,inter
W2146502635,top tier
W2146505968,inter
W2146506670,inter
W2146518806,inter
W2146532890,inter
W2146546477,inter
W2146549162,inter
W2146602684,inter
W2146615496,inter
W2146634731,inter
W2146637713,inter
W2146645963,inter
W2146649199,inter
W2146656710,inter
W2146658130,inter
W2146678500,inter
W2146679896,inter
W2146686157,inter
W2146687410,inter
W2146690556,inter
W2146691312,inter
W2146722014,inter
W2146730441,inter
W2146738145,inter
W2146739965,inst
W2146740093,inter
W2146741138,inter
W2146743387,inter
W2146752106,inst
W2146752188,inter
W2146773115,inter
W2146779005,inter
W2146779848,inter
W2146788617,inter
W2146799102,inter
W2146820706,inter
W2146827590,inter
W2146835287,inter
W2146840150,inst
W2146842127,top tier
W2146842130,inter
W2146844279,inter
W2146867689,inter
W2146871592,inter
W2146871823,inter
W2146872272,inter
W2146873143,inter
W2146879304,inst
W2146879413,inter
W2146880335,inter
W2146912524,inst
W2146917903,inter
W2146934567,inst
W2146940292,inter
W2146945987,inter
W2146951438,inter
W2146964183,inst
W2146970906,inter
W2146972571,inter
W2146976149,inst
W2146993988,inter
W2147009938,inter
W2147016811,inter
W2147034979,inter
W2147037589,inst
W2147055032,inter
W2147067398,inter
W2147069236,inter
W2147070859,inter
W2147093969,inter
W2147107577,inter
W2147110098,inter
W2147118406,top tier
W2147119042,inter
W2147159189,uni
W2147169507,inter
W2147183921,inter
W2147200806,uni
W2147201283,inter
W2147206923,inter
W2147222611,inter
W2147227087,inter
W2147230356,inter
W2147231391,inter
W2147237076,inter
W2147238549,inter
W2147245080,inter
W2147245915,uni
W2147248031,inter
W2147249281,inter
W2147253850,inst
W2147253926,inter
W2147254635,inter
W2147257633,inst
W2147267087,inter
W2147284239,inter
W2147286743,inter
W2147299274,inter
W2147303506,inter
W2147306162,inter
W2147327413,inter
W2147330191,uni
W2147331788,inter
W2147332957,inst
W2147340401,inst
W2147342401,uni
W2147345262,inter
W2147347517,inter
W2147347568,inter
W2147355810,inter
W2147370410,inst
W2147399030,inter
W2147414309,inst
W2147417638,inter
W2147438197,inter
W2147449879,inter
W2147457379,inter
W2147457514,inter
W2147469781,inter
W2147470582,inter
W2147470852,inter
W2147471614,inter
W2147479689,inst
W2147487052,inter
W2147489358,inter
W2147490455,inst
W2147497470,inter
W2147499094,inst
W2147515780,uni
W2147517226,inst
W2147538639,inter
W2147542748,inter
W2147545606,uni
W2147551313,inter
W2147552185,inter
W2147555557,inter
W2147560234,inter
W2147564570,inter
W2147571468,inter
W2147571602,inter
W2147573012,inter
W2147573597,inter
W2147573707,inst
W2147573997,inter
W2147585467,uni
W2147597509,inter
W2147614211,inter
W2147615062,inter
W2147615893,inter
W2147619210,inter
W2147623823,inter
W2147625760,inter
W2147632086,inter
W2147639078,inter
W2147645183,inter
W2147645393,inter
W2147654286,inst
W2147657151,inter
W2147667726,inter
W2147668280,inter
W2147677972,inter
W2147679591,inter
W2147684166,inter
W2147692504,inter
W2147697122,inter
W2147700406,inter
W2147708351,inter
W2147708960,inter
W2147709600,inter
W2147717514,inst
W2147740236,inter
W2147756293,inter
W2147766706,inter
W2147792942,inter
W2147799505,inter
W2147800946,top tier
W2147802358,inst
W2147807687,inter
W2147811035,inter
W2147820333,inter
W2147850043,inter
W2147851453,inter
W2147860648,inst
W2147865717,inter
W2147866813,inter
W2147868149,inter
W2147869723,inter
W2147875950,inter
W2147898188,inter
W2147899407,inter
W2147908902,inst
W2147914906,inter
W2147915064,inter
W2147929033,inst
W2147951229,inst
W2147954049,inter
W2147955712,inter
W2147961310,inter
W2147976636,inter
W2147996426,inter
W2147996723,inter
W2147997165,inter
W2148008863,inter
W2148023320,inter
W2148029428,inter
W2148032230,inter
W2148036799,inter
W2148037789,inter
W2148042043,inter
W2148043549,inter
W2148044308,inter
W2148046258,inter
W2148046492,inter
W2148053679,inter
W2148053749,inter
W2148062074,inter
W2148072974,inter
W2148081438,inter
W2148085747,inter
W2148086344,inter
W2148098849,inst
W2148107745,inst
W2148108141,inter
W2148114066,uni
W2148116692,inter
W2148120064,inter
W2148123869,inst
W2148125505,uni
W2148143831,top tier
W2148154194,top tier
W2148155904,inter
W2148157540,inst
W2148158948,uni
W2148159408,inter
W2148162591,uni
W2148163975,inter
W2148185934,uni
W2148211213,inter
W2148216955,inter
W2148217086,inter
W2148220491,uni
W2148225705,inter
W2148244507,inter
W2148256123,uni
W2148260600,inter
W2148300333,inst
W2148303540,inter
W2148322931,inter
W2148349024,inter
W2148359363,inter
W2148386510,inst
W2148400317,inst
W2148411640,inter
W2148419474,inst
W2148444192,inter
W2148450036,inter
W2148455152,inter
W2148458253,inter
W2148459868,inst
W2148463593,inter
W2148481202,uni
W2148490034,inter
W2148504161,inter
W2148506419,inter
W2148512505,inter
W2148518855,inter
W2148520070,inter
W2148534890,top tier
W2148539226,inter
W2148539800,inter
W2148540243,inter
W2148550686,inter
W2148553060,inst
W2148565706,inter
W2148572968,inter
W2148593155,inter
W2148596671,inst
W2148598537,inter
W2148599527,inter
W2148602048,inter
W2148603752,top tier
W2148604314,inter
W2148604588,inter
W2148615815,inter
W2148631971,inter
W2148635054,inter
W2148641877,inter
W2148652008,inter
W2148658274,inter
W2148660212,inter
W2148662748,inter
W2148666284,inter
W2148670230,inter
W2148682918,inter
W2148685281,inter
W2148709634,inter
W2148723353,inst
W2148727154,inter
W2148732233,inter
W2148741007,inter
W2148748626,inter
W2148757128,inter
W2148763549,inter
W2148778849,inter
W2148781362,inst
W2148784397,inter
W2148799933,inst
W2148809388,inter
W2148809531,inst
W2148815373,inter
W2148824036,inter
W2148854889,inst
W2148856462,inter
W2148859062,inter
W2148863747,inst
W2148865465,inter
W2148871054,inter
W2148875602,inter
W2148885430,inter
W2148892527,inter
W2148906017,inter
W2148911285,inter
W2148929030,inter
W2148929550,inter
W2148933727,inter
W2148947321,inter
W2148951975,inter
W2148961058,inter
W2148962986,inter
W2148963518,inter
W2148972377,inter
W2148982591,inter
W2148985157,inst
W2148987114,inst
W2149016881,inter
W2149027035,inter
W2149030441,inst
W2149032568,inter
W2149033849,inter
W2149041841,inter
W2149053254,inter
W2149065651,inter
W2149073238,inter
W2149074144,inter
W2149084152,inter
W2149086123,inter
W2149087313,inter
W2149089882,inter
W2149106019,inter
W2149134381,inter
W2149143089,inst
W2149143581,inter
W2149148023,inter
W2149148545,inter
W2149152304,inter
W2149176168,inter
W2149179203,inter
W2149184914,inst
W2149209089,inter
W2149210801,inter
W2149229264,inter
W2149243190,inst
W2149248364,inter
W2149250584,inter
W2149250815,inter
W2149251060,inter
W2149254819,inst
W2149270280,inter
W2149270325,uni
W2149273746,inter
W2149274770,inter
W2149284682,inter
W2149286354,inter
W2149287117,inst
W2149294210,inter
W2149298154,inter
W2149301680,inter
W2149301704,inter
W2149302045,inter
W2149322277,inter
W2149334629,inter
W2149340496,inter
W2149358222,inst
W2149363668,inter
W2149373586,inter
W2149381887,inter
W2149386833,inter
W2149393279,inter
W2149420462,inter
W2149454052,inter
W2149465027,inter
W2149466042,inter
W2149467603,inter
W2149473197,inter
W2149478362,inter
W2149479853,inter
W2149483754,inter
W2149496546,inter
W2149498267,inter
W2149506675,inter
W2149514613,inst
W2149515974,inter
W2149523072,inst
W2149523789,inter
W2149536073,inter
W2149546853,uni
W2149547418,inst
W2149551031,inter
W2149551320,inter
W2149552961,inter
W2149557440,inst
W2149565180,inter
W2149568016,inter
W2149574671,uni
W2149576945,inst
W2149580765,inst
W2149581623,inter
W2149588558,inter
W2149589816,inter
W2149590159,inter
W2149590320,inter
W2149597794,uni
W2149604064,inst
W2149605730,inter
W2149612657,inter
W2149614712,inter
W2149615851,inter
W2149623920,inter
W2149632466,inter
W2149642105,inter
W2149654308,inter
W2149656257,inter
W2149658535,inter
W2149660837,inter
W2149662878,inst
W2149668662,inter
W2149669120,inter
W2149670996,inst
W2149680553,inter
W2149699979,inter
W2149706766,top tier
W2149707138,inter
W2149713648,inst
W2149714560,inter
W2149715754,inst
W2149723649,inter
W2149734009,inter
W2149743463,inter
W2149755478,inter
W2149785133,inter
W2149804187,inst
W2149816138,inter
W2149828712,inter
W2149846618,inter
W2149853726,inter
W2149860324,inter
W2149866048,inter
W2149887020,inter
W2149887512,inter
W2149891956,inter
W2149908819,inter
W2149915005,inter
W2149920727,inter
W2149921367,inter
W2149933564,inter
W2149959815,inst
W2149962337,inter
W2149964005,inter
W2149971834,inter
W2149979593,inst
W2149984983,inter
W2149991777,inter
W2150013559,inter
W2150016117,inter
W2150019537,inter
W2150027950,inter
W2150039337,inst
W2150039965,inst
W2150045166,inter
W2150046657,inter
W2150049940,inter
W2150049963,inter
W2150079203,inter
W2150089949,inter
W2150093579,inter
W2150099067,inter
W2150107436,inter
W2150115633,inter
W2150121003,inter
W2150123860,inter
W2150134853,top tier
W2150137371,inter
W2150149851,inter
W2150150409,inter
W2150153856,inter
W2150154671,inter
W2150168686,inter
W2150178435,inter
W2150182117,inter
W2150190276,inter
W2150200785,inter
W2150206017,inter
W2150234087,inter
W2150236806,inter
W2150239973,inst
W2150246608,inter
W2150249282,uni
W2150253621,inter
W2150258394,inter
W2150259190,inter
W2150263198,inter
W2150266125,inter
W2150278517,inter
W2150286524,inter
W2150295085,inst
W2150298366,inter
W2150315711,inst
W2150321361,inter
W2150333893,inter
W2150354929,inter
W2150355110,inter
W2150363866,inter
W2150366739,inst
W2150373524,inter
W2150376823,inter
W2150397642,inter
W2150416873,inter
W2150422405,inter
W2150423842,inter
W2150425213,inter
W2150427434,inter
W2150429754,inter
W2150434953,inter
W2150446981,inter
W2150453038,inst
W2150458450,inst
W2150468603,inter
W2150470619,inter
W2150476673,inter
W2150480892,inter
W2150483396,inter
W2150489380,inter
W2150490197,inter
W2150490746,inter
W2150499856,inter
W2150508201,inter
W2150515037,inter
W2150526150,inter
W2150526254,uni
W2150529466,inst
W2150540137,inter
W2150559991,inst
W2150574682,inst
W2150582689,inter
W2150625809,uni
W2150637835,inter
W2150641042,inter
W2150649029,inter
W2150652579,inter
W2150654203,inter
W2150661910,uni
W2150665399,inter
W2150671712,inter
W2150675305,inter
W2150691004,inter
W2150692003,inter
W2150706391,inter
W2150716750,inter
W2150738795,inter
W2150749717,inter
W2150753773,inter
W2150759302,inter
W2150766729,inter
W2150770193,inter
W2150792576,inter
W2150795982,inter
W2150796457,inter
W2150813948,inter
W2150817856,inter
W2150825860,inter
W2150827087,inter
W2150843905,inter
W2150847784,inter
W2150859678,inter
W2150867680,inter
W2150871235,inter
W2150871663,inter
W2150874486,inter
W2150875075,inter
W2150884987,inst
W2150889907,inst
W2150896579,inter
W2150913357,inter
W2150932143,inter
W2150957098,inter
W2150958043,inter
W2150959387,inter
W2150973031,inter
W2150995661,inter
W2151000170,inter
W2151003347,inter
W2151005602,inter
W2151022062,inter
W2151023586,inst
W2151045902,inter
W2151046798,inst
W2151047574,inter
W2151050383,inter
W2151062909,inter
W2151065891,inter
W2151068681,inter
W2151070626,inter
W2151087796,inter
W2151094870,uni
W2151118719,inter
W2151119810,inter
W2151127287,uni
W2151129315,inter
W2151132946,inter
W2151134507,inter
W2151135734,inter
W2151135920,inst
W2151147409,inter
W2151159559,inter
W2151159838,inter
W2151163048,inter
W2151166961,inter
W2151173737,inter
W2151174695,inter
W2151185679,inter
W2151185692,inter
W2151195556,inter
W2151208049,inst
W2151210636,inter
W2151214640,inter
W2151214689,inter
W2151238122,inter
W2151242162,inter
W2151242910,inter
W2151246440,inter
W2151256267,inter
W2151259137,inter
W2151268583,inter
W2151270693,inter
W2151270817,inter
W2151273458,inter
W2151279347,inter
W2151291018,inter
W2151294239,inter
W2151299970,inter
W2151300580,inter
W2151300863,inter
W2151303309,inter
W2151325537,inter
W2151328554,inter
W2151333629,inst
W2151335146,inter
W2151343288,inter
W2151345203,inter
W2151356078,inter
W2151360650,inter
W2151388232,inter
W2151397141,inter
W2151408086,inter
W2151411929,inter
W2151413710,inter
W2151415616,inst
W2151421112,inter
W2151426307,inter
W2151439195,inter
W2151454023,inter
W2151454335,inter
W2151459352,inter
W2151463894,inst
W2151472571,inter
W2151505086,inter
W2151514122,inter
W2151514926,inst
W2151530263,inter
W2151549005,inter
W2151550082,inter
W2151554678,top tier
W2151567244,inter
W2151575239,inst
W2151577867,inter
W2151580269,inter
W2151582714,inter
W2151584853,inter
W2151585975,inter
W2151588880,inter
W2151590787,inter
W2151610591,inter
W2151613102,inter
W2151613430,inter
W2151614844,inter
W2151622247,inter
W2151635819,inter
W2151639590,uni
W2151645042,inter
W2151646715,inter
W2151657302,inter
W2151666244,inter
W2151685478,inst
W2151688311,inter
W2151689215,inter
W2151697120,inter
W2151706538,inst
W2151716725,inter
W2151738694,inter
W2151741697,inter
W2151749331,inter
W2151752770,inter
W2151759197,inter
W2151763959,inter
W2151764765,inst
W2151771380,inter
W2151773880,inst
W2151788546,inter
W2151789982,inter
W2151792936,inter
W2151795605,inter
W2151801080,inst
W2151802865,inter
W2151815782,inter
W2151819397,inter
W2151820685,inter
W2151822922,inter
W2151825689,inter
W2151836590,inter
W2151842079,inst
W2151849287,inter
W2151850174,inter
W2151850815,inter
W2151854612,inst
W2151857587,inter
W2151863014,inter
W2151863350,inter
W2151884987,inter
W2151889136,inter
W2151905224,inter
W2151912442,inter
W2151920991,inst
W2151933245,inter
W2151934237,inter
W2151946733,inter
W2151951192,inst
W2151952073,inter
W2151955259,inter
W2151964399,inter
W2151972741,inter
W2151975141,inst
W2151984682,inter
W2151990727,inter
W2151993488,inst
W2151993792,inter
W2152004476,inter
W2152009616,inter
W2152011053,inter
W2152013675,inter
W2152019963,uni
W2152024417,inter
W2152040212,inter
W2152047336,inter
W2152052718,inter
W2152073334,inter
W2152100107,inst
W2152106139,inter
W2152117609,inter
W2152121191,inter
W2152121970,top tier
W2152129727,inter
W2152150600,top tier
W2152161790,inter
W2152163160,inter
W2152170032,inter
W2152172220,inter
W2152175008,inter
W2152180867,inst
W2152195021,top tier
W2152205538,inter
W2152212524,inter
W2152217631,inter
W2152240460,inst
W2152249789,inter
W2152254020,top tier
W2152256302,inter
W2152263247,inter
W2152275923,inter
W2152281536,inter
W2152282406,inter
W2152285338,inter
W2152297087,inter
W2152303628,inter
W2152309571,inter
W2152309982,inter
W2152311353,inter
W2152318498,inter
W2152322845,inter
W2152325212,inst
W2152328854,inter
W2152329090,inter
W2152332944,inst
W2152338767,inter
W2152348170,uni
W2152381984,inst
W2152394960,inst
W2152408640,inter
W2152415706,inter
W2152417223,inter
W2152421133,uni
W2152430089,inter
W2152433205,inter
W2152433273,inter
W2152443870,inter
W2152449524,inst
W2152463966,inter
W2152464310,inst
W2152467495,inter
W2152472358,inter
W2152486668,inter
W2152498065,inter
W2152506070,inst
W2152512929,inter
W2152526229,inter
W2152526946,inst
W2152529194,inter
W2152530005,inst
W2152533454,inter
W2152540201,inter
W2152540970,inter
W2152545485,inter
W2152548630,inst
W2152550237,inter
W2152551290,inter
W2152553701,inter
W2152558130,inter
W2152564378,inst
W2152564789,inter
W2152570960,inst
W2152573792,inter
W2152584712,inter
W2152593801,inter
W2152595235,inter
W2152602108,inter
W2152604342,inter
W2152629484,inter
W2152637787,inst
W2152639360,inter
W2152646103,inst
W2152660354,inter
W2152692794,inter
W2152710595,inter
W2152725427,inter
W2152728086,uni
W2152739562,inst
W2152743478,uni
W2152753533,inter
W2152766145,inter
W2152767459,inter
W2152767845,inter
W2152769698,inter
W2152772508,inter
W2152780360,uni
W2152784435,inter
W2152796922,inter
W2152820192,inter
W2152825437,inter
W2152826865,inter
W2152834477,inter
W2152842394,inter
W2152851947,inter
W2152856869,inter
W2152862405,inter
W2152883270,inter
W2152898476,inter
W2152906604,inter
W2152915433,inter
W2152915895,inter
W2152922136,inter
W2152922857,inter
W2152926062,inst
W2152937704,inter
W2152939563,inter
W2152945191,inter
W2152946322,inter
W2152950327,inter
W2152951271,inter
W2152954632,inter
W2152955531,inter
W2152956543,inter
W2152956697,inter
W2152958130,inter
W2152958328,inter
W2152960970,inter
W2152971241,inter
W2152974337,inter
W2152976023,inter
W2152983810,inter
W2152984963,inst
W2152991926,inst
W2153012070,inter
W2153021756,inter
W2153022037,inter
W2153025728,inter
W2153037537,inter
W2153039146,inter
W2153041203,inst
W2153068117,inter
W2153073449,inter
W2153074919,inter
W2153079347,inst
W2153083979,inst
W2153084067,inter
W2153090463,inter
W2153098283,inter
W2153108139,inter
W2153110463,inter
W2153125916,inter
W2153127273,inter
W2153149612,inst
W2153166546,inter
W2153168413,inter
W2153169342,inter
W2153173522,inter
W2153178980,inst
W2153185973,inter
W2153187639,inter
W2153189635,inter
W2153196467,inst
W2153199081,inter
W2153205700,inter
W2153212819,inter
W2153216417,inter
W2153219831,inter
W2153224008,inter
W2153225323,inter
W2153229305,inter
W2153244676,inter
W2153244858,inst
W2153251136,inter
W2153255036,inter
W2153274815,inter
W2153288662,inst
W2153291472,inter
W2153294562,inter
W2153304308,inst
W2153307585,inter
W2153309786,inst
W2153312812,inter
W2153324954,inter
W2153332620,inter
W2153337620,inter
W2153342234,uni
W2153343530,inter
W2153355793,inter
W2153356636,inter
W2153361333,inter
W2153371921,inter
W2153372007,inst
W2153381881,inter
W2153384885,inter
W2153391073,inter
W2153391419,inter
W2153394514,inter
W2153399951,inter
W2153406165,inter
W2153431772,inter
W2153452107,inter
W2153458296,inter
W2153478046,inst
W2153494876,inter
W2153503747,inst
W2153510153,inter
W2153513325,inter
W2153517517,inter
W2153542583,inter
W2153548489,uni
W2153553458,inter
W2153568114,inter
W2153579005,top tier
W2153586911,inter
W2153594468,inter
W2153631847,inter
W2153634373,inter
W2153635508,top tier
W2153638435,inter
W2153644070,inter
W2153655365,uni
W2153657280,inter
W2153659092,inter
W2153661456,inter
W2153663612,inter
W2153676086,inst
W2153687957,inter
W2153701080,inter
W2153704625,inter
W2153706317,inst
W2153708511,inter
W2153710296,inter
W2153717749,inst
W2153739324,inter
W2153748459,inter
W2153755764,inter
W2153759133,inter
W2153798176,inter
W2153801723,inter
W2153809950,inter
W2153811040,inst
W2153818479,inst
W2153820245,inter
W2153821371,inter
W2153829863,inter
W2153831417,inter
W2153835484,inst
W2153840378,inter
W2153851383,inter
W2153863923,inter
W2153864803,inter
W2153894152,uni
W2153900939,inter
W2153911546,inter
W2153922613,inter
W2153925979,inter
W2153933075,inst
W2153934661,inter
W2153936403,inter
W2153942802,inst
W2153953370,inter
W2153968339,inst
W2153970782,inter
W2153972927,inter
W2153973654,inter
W2153975318,inter
W2153990517,inter
W2153993796,inter
W2154010459,inter
W2154020982,inter
W2154026824,inter
W2154034912,inter
W2154054404,inter
W2154069299,inter
W2154070689,inst
W2154078685,inter
W2154089176,inst
W2154093467,inter
W2154098055,inter
W2154102696,inter
W2154107289,inter
W2154108701,inter
W2154121272,inter
W2154121319,inter
W2154126105,inter
W2154127540,inter
W2154138844,inter
W2154150349,inter
W2154173865,inter
W2154174545,inter
W2154181565,inter
W2154182239,inter
W2154185118,inter
W2154186319,inter
W2154186909,inter
W2154191424,inter
W2154191559,inst
W2154196156,inter
W2154209978,inter
W2154212573,inter
W2154215118,inter
W2154221644,inter
W2154228232,uni
W2154228396,inst
W2154233760,inter
W2154234915,inst
W2154236340,inter
W2154243427,inter
W2154267133,inter
W2154267842,inter
W2154270825,inter
W2154296678,inter
W2154298802,inter
W2154306361,inter
W2154310778,inter
W2154319800,inter
W2154332114,inter
W2154334459,inter
W2154339685,inter
W2154346517,inter
W2154352577,uni
W2154363242,inter
W2154367227,inter
W2154367291,inter
W2154372106,inter
W2154373375,inter
W2154378618,inter
W2154404188,inter
W2154404709,inter
W2154413134,inter
W2154422044,inst
W2154425007,inter
W2154431390,inter
W2154439236,inter
W2154442293,inter
W2154496665,inter
W2154496776,inter
W2154498027,inter
W2154500141,inter
W2154502005,inter
W2154502231,inter
W2154518875,inter
W2154531059,inter
W2154542753,uni
W2154552837,inter
W2154567262,inter
W2154570806,inter
W2154576060,inter
W2154579312,inter
W2154579321,inter
W2154579873,inter
W2154594550,inst
W2154607935,inter
W2154608739,inter
W2154610165,inter
W2154610756,inst
W2154628803,inter
W2154641788,inter
W2154642793,inst
W2154647940,inter
W2154651154,inter
W2154651279,inter
W2154652894,top tier
W2154658552,inst
W2154666341,inter
W2154668695,inter
W2154683974,inst
W2154691369,inter
W2154693467,inter
W2154706496,inter
W2154707273,inter
W2154727046,inter
W2154733766,inter
W2154736278,inter
W2154739689,inst
W2154741421,inter
W2154752133,inter
W2154765457,inter
W2154771901,inter
W2154774499,inter
W2154776925,inter
W2154784170,inter
W2154789576,inter
W2154793921,inter
W2154823510,inter
W2154838750,inter
W2154847327,inter
W2154851992,top tier
W2154852471,inter
W2154880310,inst
W2154882155,inter
W2154889936,inter
W2154891279,inst
W2154894092,inter
W2154894831,inter
W2154903520,inter
W2154906251,inter
W2154914679,inter
W2154923302,inter
W2154924525,inter
W2154927684,inter
W2154931799,inter
W2154943049,inter
W2154944509,inter
W2154946137,inter
W2154948470,inter
W2154957805,inter
W2154976136,inter
W2154978859,inter
W2154980792,inter
W2154983209,inst
W2154996879,inst
W2155002969,inter
W2155004026,inter
W2155013372,inter
W2155019998,inter
W2155026675,inter
W2155031841,inter
W2155044259,inter
W2155053952,inter
W2155057325,inter
W2155060415,inter
W2155061423,inter
W2155063366,inter
W2155070484,inst
W2155084545,inter
W2155092378,inter
W2155099190,inst
W2155106456,inter
W2155129617,inst
W2155141181,inter
W2155151758,inter
W2155161883,inst
W2155162294,inter
W2155164840,inter
W2155165520,uni
W2155168119,inter
W2155169493,inst
W2155173483,inter
W2155176125,inter
W2155180118,inter
W2155186666,inter
W2155188403,inter
W2155194664,inter
W2155195832,inter
W2155201043,inter
W2155208345,inter
W2155211665,inter
W2155217764,inter
W2155222065,inter
W2155226385,inst
W2155233341,uni
W2155236699,inter
W2155251704,inter
W2155261478,inter
W2155266873,inter
W2155268664,inter
W2155273456,inter
W2155273512,inter
W2155274384,inter
W2155285218,inter
W2155295207,inter
W2155303449,inter
W2155319953,inter
W2155321204,inter
W2155322595,top tier
W2155328970,inter
W2155356570,inst
W2155359665,inter
W2155383167,inter
W2155387237,inter
W2155392943,inst
W2155395335,inter
W2155398148,inter
W2155404595,inter
W2155406607,inter
W2155413697,inter
W2155434396,inter
W2155442529,inst
W2155479111,inter
W2155482699,top tier
W2155490028,inter
W2155502441,inter
W2155510821,inter
W2155514679,inter
W2155517603,inter
W2155541015,inst
W2155568054,inter
W2155579778,inst
W2155591437,inter
W2155602043,inst
W2155612203,inter
W2155624544,inter
W2155644064,inter
W2155644445,inter
W2155646418,inter
W2155647800,inter
W2155647922,inter
W2155651153,inter
W2155652862,inter
W2155653793,top tier
W2155655380,inter
W2155659292,inter
W2155661783,inter
W2155669523,inter
W2155670728,inter
W2155675331,inter
W2155683613,inter
W2155695537,inst
W2155702343,inter
W2155707341,inter
W2155719919,inst
W2155723318,inter
W2155729921,inter
W2155730370,inter
W2155738966,inter
W2155750730,inter
W2155753673,inter
W2155759509,inst
W2155761585,inter
W2155770001,inter
W2155771075,inter
W2155776066,inter
W2155782712,inter
W2155788085,inter
W2155802323,inter
W2155803963,inter
W2155813703,inter
W2155813900,inter
W2155819987,inst
W2155822190,inter
W2155823856,inter
W2155833587,inter
W2155837416,inter
W2155839910,inst
W2155841939,inter
W2155857058,inter
W2155858901,inter
W2155865801,inter
W2155866281,inter
W2155867588,inter
W2155875297,inter
W2155893237,top tier
W2155903900,inter
W2155915275,inst
W2155916750,inter
W2155916898,inter
W2155927283,inter
W2155930830,inter
W2155941748,inter
W2155941977,inst
W2155944992,inter
W2155957447,inter
W2155957617,inter
W2155969572,inter
W2155970158,inter
W2155970279,inst
W2155981613,inter
W2155984322,inter
W2155984350,inter
W2155991715,inter
W2155992089,inter
W2155993470,inst
W2155993847,inter
W2156010245,inter
W2156010992,inter
W2156011225,inter
W2156019969,inter
W2156023754,inter
W2156036190,inst
W2156039073,inter
W2156041358,inter
W2156044652,inter
W2156053468,inter
W2156058740,inter
W2156060469,inter
W2156062774,inter
W2156088664,inter
W2156093990,inter
W2156100115,inter
W2156104365,inst
W2156106639,inter
W2156112442,inter
W2156134019,inter
W2156142937,inter
W2156147257,uni
W2156159683,inst
W2156160382,inter
W2156163116,inter
W2156167365,inter
W2156174513,inter
W2156186849,inst
W2156203145,inter
W2156204309,inter
W2156208697,inter
W2156209126,inter
W2156214085,inter
W2156249029,inter
W2156249506,inst
W2156259226,inter
W2156259227,inter
W2156260957,inter
W2156265441,uni
W2156265918,inst
W2156274518,inter
W2156279557,inter
W2156296121,inter
W2156343066,inter
W2156344194,inter
W2156361463,inst
W2156365280,inter
W2156373336,inter
W2156375130,inter
W2156376969,inter
W2156386254,inst
W2156396924,uni
W2156408846,inter
W2156415214,inter
W2156415837,inter
W2156437019,inter
W2156458358,inter
W2156466771,inter
W2156480030,inter
W2156501483,uni
W2156505030,inter
W2156512439,inst
W2156514327,inter
W2156515921,inst
W2156525199,inter
W2156529323,inst
W2156532545,inter
W2156541733,inter
W2156547346,inter
W2156549023,inter
W2156553331,inter
W2156568423,inter
W2156571267,inter
W2156580773,inst
W2156590677,inter
W2156598602,inter
W2156601771,inter
W2156605713,inter
W2156607194,inter
W2156614992,inter
W2156615793,inter
W2156619667,inter
W2156633909,inter
W2156639388,inter
W2156640084,inter
W2156644501,inter
W2156646643,inter
W2156647247,inter
W2156648420,inter
W2156648957,inter
W2156659867,inter
W2156662959,inter
W2156668482,inter
W2156672158,inter
W2156676015,inter
W2156688938,inter
W2156695505,inter
W2156698992,inter
W2156707413,inter
W2156728410,inter
W2156731210,inter
W2156735666,inter
W2156746413,inter
W2156759113,inter
W2156761667,inter
W2156763327,inter
W2156771675,inter
W2156779053,inter
W2156779553,inter
W2156787051,inter
W2156788863,inter
W2156793801,inter
W2156799127,inst
W2156803238,inter
W2156807163,inter
W2156812944,inter
W2156825886,inter
W2156826949,inter
W2156835762,inst
W2156850758,inter
W2156854610,inter
W2156858199,inter
W2156863617,inter
W2156870802,inter
W2156874421,inter
W2156880876,inter
W2156901068,inter
W2156913911,inter
W2156938362,inter
W2156938625,inter
W2156938767,inter
W2156946532,inter
W2156950274,inter
W2156979967,inter
W2156982777,inter
W2156985745,inter
W2156992003,inter
W2156996644,inter
W2157009172,inst
W2157020287,inter
W2157022252,inst
W2157033399,uni
W2157040959,inter
W2157041256,inter
W2157041604,inter
W2157044008,inter
W2157047157,inter
W2157055326,inter
W2157057380,inter
W2157067781,inter
W2157074753,inter
W2157075925,inter
W2157082435,inst
W2157083019,inter
W2157092487,inter
W2157116240,inst
W2157148654,inter
W2157166487,inter
W2157179926,inst
W2157188908,inter
W2157189144,inter
W2157200536,inter
W2157208842,inter
W2157216158,inter
W2157223575,inter
W2157227969,inst
W2157232195,inst
W2157237396,inst
W2157239837,inter
W2157243803,inter
W2157245832,inter
W2157245963,inst
W2157256470,inter
W2157259267,inst
W2157260636,inter
W2157270343,inter
W2157271994,inter
W2157280870,inter
W2157283388,inst
W2157285372,inst
W2157305458,inter
W2157328853,inter
W2157331350,inter
W2157334572,inter
W2157349224,inter
W2157355837,inter
W2157360832,uni
W2157364932,inter
W2157366329,inst
W2157370850,inter
W2157431481,inst
W2157453139,inter
W2157479314,inter
W2157486792,inter
W2157490214,inter
W2157502851,inter
W2157505157,inter
W2157518477,inter
W2157519653,inter
W2157523061,inter
W2157525826,inst
W2157529519,inter
W2157533551,inter
W2157537228,inter
W2157576206,inter
W2157578436,inter
W2157583119,uni
W2157605186,inter
W2157614013,inter
W2157621526,inter
W2157627672,uni
W2157656511,uni
W2157657084,inter
W2157669660,inter
W2157674273,inter
W2157676568,inter
W2157676845,inter
W2157686535,inter
W2157691228,inter
W2157693956,inter
W2157699834,inter
W2157704735,inter
W2157712436,inter
W2157720587,inst
W2157725552,inter
W2157730094,inter
W2157734674,inter
W2157744199,inter
W2157751613,inter
W2157758640,inst
W2157765050,inst
W2157775462,inter
W2157788863,inter
W2157788955,inter
W2157792067,inst
W2157801723,inter
W2157820788,inter
W2157825265,inter
W2157835119,inter
W2157839285,inter
W2157840291,inter
W2157840858,inter
W2157851318,inter
W2157853947,inter
W2157856927,inter
W2157864831,inter
W2157867047,inter
W2157870327,inst
W2157881433,inter
W2157887643,inter
W2157893022,inter
W2157899708,uni
W2157902119,inter
W2157905995,inter
W2157910179,inter
W2157925437,inter
W2157927478,inter
W2157932376,inter
W2157951313,uni
W2157955210,inter
W2157958358,inter
W2157971981,inter
W2157980128,inter
W2157986576,inter
W2157990152,inter
W2157994894,inter
W2157999599,inter
W2157999657,inter
W2158001550,inter
W2158005276,inter
W2158013409,inter
W2158018279,inter
W2158018483,inter
W2158035368,inter
W2158035503,inter
W2158043848,inter
W2158049821,top tier
W2158051955,inter
W2158086914,inter
W2158092986,inst
W2158098922,uni
W2158101450,inter
W2158105585,inter
W2158108973,inst
W2158143121,inter
W2158149279,inter
W2158169396,inter
W2158172990,inter
W2158177004,inter
W2158190269,inter
W2158198839,inter
W2158201212,inter
W2158209135,inter
W2158213899,inter
W2158226908,inter
W2158235460,inter
W2158242750,inter
W2158252006,inter
W2158254135,inter
W2158260691,inter
W2158261396,inst
W2158270589,inter
W2158270878,inter
W2158275940,inter
W2158280690,inter
W2158295279,inter
W2158298409,inter
W2158304999,inter
W2158312129,inter
W2158322650,inter
W2158324085,inst
W2158325524,inter
W2158327591,inter
W2158329823,inter
W2158339409,inter
W2158345604,inter
W2158359334,inter
W2158360182,inter
W2158378644,inter
W2158393751,inter
W2158396493,inter
W2158406182,inter
W2158422265,inter
W2158434328,inter
W2158440332,uni
W2158443610,inst
W2158453355,inst
W2158456262,inter
W2158459299,inter
W2158471572,inter
W2158475018,inst
W2158483689,inter
W2158486393,inst
W2158512124,inter
W2158515649,inter
W2158534713,inter
W2158536589,inter
W2158544978,inter
W2158545608,inter
W2158554227,inter
W2158558186,inter
W2158568370,inter
W2158569874,inter
W2158575048,inter
W2158579916,inter
W2158580493,inter
W2158581396,inter
W2158586961,inter
W2158592293,inst
W2158598909,uni
W2158599671,inter
W2158605123,inter
W2158606260,uni
W2158612529,inter
W2158614393,inter
W2158617644,inter
W2158619033,inter
W2158633287,inter
W2158634666,inter
W2158640603,uni
W2158645284,inter
W2158648426,inter
W2158661549,inter
W2158680534,inter
W2158684546,inter
W2158695872,inst
W2158698691,top tier
W2158702718,inter
W2158709200,inter
W2158709268,inter
W2158710217,inter
W2158712333,inter
W2158718884,inter
W2158722083,inter
W2158728694,inter
W2158731179,inter
W2158733823,top tier
W2158753091,inter
W2158754166,inter
W2158759539,inter
W2158760659,inter
W2158763304,inst
W2158771018,inter
W2158775948,inter
W2158782280,inter
W2158784751,uni
W2158787690,inter
W2158788586,inter
W2158792670,inter
W2158794422,inter
W2158801460,uni
W2158815920,inter
W2158821445,inter
W2158842276,inst
W2158859403,inter
W2158864412,inst
W2158871468,inter
W2158874007,inter
W2158874082,inter
W2158877422,inter
W2158881251,inst
W2158892171,inter
W2158898969,inter
W2158899676,inter
W2158909439,inter
W2158915909,inst
W2158923961,inter
W2158924131,inter
W2158926674,inter
W2158942957,uni
W2158958710,inter
W2158983783,inst
W2158987337,inter
W2159006106,inter
W2159023601,inter
W2159024459,inst
W2159048618,inter
W2159051079,inter
W2159054279,inst
W2159065226,inter
W2159081109,inst
W2159090317,inter
W2159100150,inter
W2159106213,inter
W2159112514,inter
W2159129750,inter
W2159133693,inter
W2159136631,inst
W2159138721,inter
W2159142062,inter
W2159144648,inter
W2159153878,inter
W2159155511,inter
W2159158911,inter
W2159159600,inter
W2159160981,inter
W2159188707,inter
W2159196889,inter
W2159214028,inst
W2159218872,inter
W2159220049,inter
W2159227062,inter
W2159245467,uni
W2159249499,inter
W2159250092,inter
W2159256070,inter
W2159264028,inter
W2159265133,inter
W2159270577,inter
W2159270821,inter
W2159272546,inter
W2159277216,inter
W2159290965,inter
W2159297051,inter
W2159307573,inter
W2159315053,inter
W2159329423,inter
W2159329531,inter
W2159344514,inter
W2159346755,inter
W2159359879,inter
W2159360349,inter
W2159364773,inter
W2159371584,inter
W2159376715,inst
W2159401878,inter
W2159438609,inter
W2159443917,inter
W2159449325,inter
W2159449877,inter
W2159460630,inter
W2159469384,inter
W2159487986,inter
W2159494710,inter
W2159498852,inter
W2159498975,inter
W2159505689,inter
W2159514509,inter
W2159530242,inst
W2159540918,inter
W2159541654,inst
W2159543785,inter
W2159544977,inter
W2159558889,inter
W2159560083,inter
W2159561775,inter
W2159567437,inter
W2159568837,inter
W2159570078,inter
W2159587805,inter
W2159588611,inst
W2159598590,uni
W2159607214,uni
W2159607632,inter
W2159615263,inter
W2159622977,inst
W2159626592,inter
W2159627990,inter
W2159637164,inter
W2159642127,inter
W2159642183,inter
W2159645006,inter
W2159647614,inter
W2159662447,uni
W2159669612,inter
W2159670073,inter
W2159684045,uni
W2159692232,inter
W2159701103,uni
W2159709546,inter
W2159715570,inter
W2159718066,uni
W2159730421,inter
W2159763437,inter
W2159775999,inst
W2159777593,inter
W2159779767,inst
W2159782581,inter
W2159798994,inter
W2159805940,uni
W2159807109,inter
W2159823338,inter
W2159826701,inter
W2159827395,inter
W2159832601,inter
W2159834125,inst
W2159834241,inter
W2159838442,inter
W2159856836,inter
W2159872642,inter
W2159887157,inst
W2159893239,inter
W2159907681,inter
W2159911284,inter
W2159912864,uni
W2159915142,inter
W2159921956,inter
W2159929633,inter
W2159935273,inter
W2159940640,inter
W2159957507,inter
W2159958017,inter
W2159958244,inter
W2159958511,uni
W2159959838,inter
W2159961414,inter
W2159969054,inter
W2159973364,inst
W2159973480,inter
W2159976914,inter
W2159979862,uni
W2159986523,inter
W2159988601,inter
W2159989013,inter
W2159998508,inter
W2160007409,inter
W2160039544,inter
W2160064536,uni
W2160091544,inter
W2160094774,inter
W2160110230,inter
W2160111441,inter
W2160113398,inter
W2160126058,inter
W2160126903,inter
W2160133641,inter
W2160144274,inter
W2160154666,inter
W2160177263,inter
W2160183388,inter
W2160202716,inter
W2160208155,inter
W2160212841,inter
W2160234338,inst
W2160240150,inter
W2160245459,inter
W2160248044,inter
W2160287126,inst
W2160304974,inter
W2160305962,inter
W2160306968,inter
W2160310346,inter
W2160312815,inter
W2160317488,inter
W2160323811,inter
W2160324050,inst
W2160325336,inter
W2160331326,inter
W2160339379,inter
W2160342152,inter
W2160367574,inter
W2160368358,inter
W2160373638,inter
W2160377421,inter
W2160377668,inter
W2160383059,inter
W2160409148,inter
W2160412847,uni
W2160423908,inter
W2160428323,inter
W2160428520,inter
W2160429091,inter
W2160448933,inter
W2160468005,inter
W2160487122,inst
W2160497042,inter
W2160511393,inter
W2160512933,inter
W2160519010,inst
W2160532515,inter
W2160536005,inter
W2160541552,inter
W2160549654,inter
W2160561178,inter
W2160565743,inst
W2160585070,inter
W2160590456,inter
W2160607895,inter
W2160622836,inter
W2160623760,inter
W2160632926,inter
W2160637306,inter
W2160647801,inter
W2160648405,inter
W2160651698,inter
W2160655767,inter
W2160661706,inter
W2160663981,inter
W2160664735,inst
W2160670730,inter
W2160684493,inst
W2160693576,inter
W2160694855,inter
W2160701357,inter
W2160709564,inter
W2160715021,uni
W2160726969,inter
W2160728467,inst
W2160744413,inter
W2160763167,inter
W2160763373,inter
W2160779706,inter
W2160783189,inter
W2160793724,inst
W2160796000,inter
W2160803104,inter
W2160803609,inter
W2160817147,inst
W2160821308,inter
W2160821650,inter
W2160824842,inter
W2160848204,inter
W2160850174,inst
W2160868739,inter
W2160886020,inst
W2160891017,inter
W2160916136,inter
W2160924560,inter
W2160938660,inter
W2160944920,inter
W2160947254,inst
W2160972224,inter
W2160986985,inter
W2160988289,inter
W2160988969,inst
W2161017340,inter
W2161022751,inter
W2161033177,inst
W2161035581,inter
W2161038773,inter
W2161046213,inter
W2161048701,inter
W2161050705,inter
W2161051082,inter
W2161060033,inter
W2161061943,inter
W2161064779,inst
W2161068821,inter
W2161081092,inter
W2161082766,inst
W2161101035,inter
W2161106546,inter
W2161107984,inter
W2161117629,inter
W2161141854,inter
W2161143109,inter
W2161152823,inter
W2161154052,inter
W2161159200,inter
W2161160262,inter
W2161171165,inter
W2161175903,inter
W2161184321,inter
W2161185676,inst
W2161188286,uni
W2161191386,inst
W2161202654,inter
W2161208102,inter
W2161213945,inter
W2161222299,inter
W2161223741,inter
W2161228561,inter
W2161232387,inter
W2161233792,inter
W2161235426,inter
W2161249418,inter
W2161254425,inter
W2161263396,inter
W2161264882,inter
W2161283199,inter
W2161294587,inst
W2161296409,inter
W2161309452,inst
W2161322814,uni
W2161336914,inter
W2161337392,inter
W2161362304,uni
W2161369719,inter
W2161381512,inter
W2161382787,uni
W2161398593,inter
W2161406034,inst
W2161411122,inter
W2161415693,inter
W2161420356,inter
W2161420865,inter
W2161422660,uni
W2161423357,inter
W2161429951,inst
W2161435755,inter
W2161436945,inter
W2161452704,inter
W2161464089,inter
W2161477496,inter
W2161482522,inter
W2161484642,top tier
W2161486866,inter
W2161488606,inter
W2161498629,inter
W2161499810,inter
W2161501580,inter
W2161504534,inter
W2161515141,uni
W2161522250,inter
W2161524876,inst
W2161536823,inst
W2161537396,inter
W2161541684,inter
W2161549461,inst
W2161550456,uni
W2161551823,inter
W2161563727,inter
W2161584590,inter
W2161591461,inst
W2161597168,inter
W2161599053,uni
W2161601076,inter
W2161612652,inter
W2161612784,inter
W2161614569,inter
W2161618349,inter
W2161624011,inter
W2161627564,inter
W2161630099,inter
W2161634108,inter
W2161639050,inter
W2161645016,inter
W2161653775,inter
W2161655372,inter
W2161672856,inter
W2161676522,inter
W2161678437,inter
W2161683293,inter
W2161685923,inter
W2161686820,inter
W2161708265,inter
W2161711000,inter
W2161716369,uni
W2161719444,inter
W2161723275,inter
W2161735290,inter
W2161736999,inter
W2161744734,inter
W2161747422,inter
W2161758346,inter
W2161770374,inter
W2161771180,inter
W2161780063,inter
W2161780232,inter
W2161788363,uni
W2161808386,inter
W2161811007,inst
W2161819088,inter
W2161827960,inter
W2161830378,inter
W2161832202,inter
W2161837525,inter
W2161854627,uni
W2161856360,inter
W2161865688,inter
W2161868227,inter
W2161872777,inter
W2161874713,inter
W2161880126,inter
W2161907179,inter
W2161910890,inter
W2161930637,inter
W2161938264,inter
W2161940430,inter
W2161950489,uni
W2161955854,inter
W2161965229,inter
W2161969291,top tier
W2161971587,inter
W2161973410,inter
W2161981399,inter
W2161987110,uni
W2161994868,inter
W2161995126,inter
W2161997755,inter
W2162006472,inst
W2162010436,inter
W2162018802,inst
W2162018804,inter
W2162031302,inter
W2162031607,inter
W2162032875,inter
W2162034574,inter
W2162071412,inst
W2162102353,inter
W2162104004,inter
W2162104551,inter
W2162107740,inter
W2162107821,inter
W2162109146,inter
W2162112878,inst
W2162123037,inter
W2162132284,inter
W2162137382,inter
W2162139064,inter
W2162145559,inter
W2162170909,inter
W2162171343,inter
W2162173062,inter
W2162176878,inter
W2162181203,inter
W2162192649,inter
W2162199562,inter
W2162203513,inter
W2162206751,inst
W2162212468,inter
W2162220364,inter
W2162262658,inter
W2162266953,inter
W2162272210,inter
W2162278782,inter
W2162279185,inter
W2162294210,inter
W2162295022,inter
W2162310225,inst
W2162356080,inter
W2162359006,inter
W2162366870,inter
W2162373368,inter
W2162373806,inter
W2162386866,inter
W2162393682,inter
W2162394719,inter
W2162395229,inter
W2162398415,inter
W2162406405,inter
W2162419281,inst
W2162421771,inter
W2162430466,inter
W2162430761,inter
W2162441548,uni
W2162442687,inter
W2162444146,inter
W2162447868,inter
W2162458225,inter
W2162459976,inst
W2162462435,inter
W2162470943,inter
W2162479472,inter
W2162483260,inter
W2162483272,inter
W2162491758,inst
W2162497509,inter
W2162507613,inst
W2162510443,inter
W2162523943,inter
W2162527861,inter
W2162528252,inter
W2162528816,inter
W2162535779,inter
W2162551958,inter
W2162560885,inter
W2162578718,inter
W2162598472,inter
W2162598825,inter
W2162608260,inst
W2162616721,inter
W2162626741,uni
W2162635690,inter
W2162645796,inter
W2162654459,inst
W2162657934,inter
W2162663580,inter
W2162664451,inter
W2162672407,inter
W2162692770,inter
W2162699396,inter
W2162706466,inter
W2162729153,inter
W2162731625,inter
W2162739943,inter
W2162741153,inter
W2162744351,inter
W2162762921,inter
W2162765234,inter
W2162800060,top tier
W2162811356,inter
W2162818071,inter
W2162820221,inst
W2162825485,inst
W2162831327,inter
W2162833886,inter
W2162852327,inter
W2162865918,inter
W2162873652,inter
W2162888038,inter
W2162892665,inter
W2162913605,inter
W2162915993,top tier
W2162931300,inter
W2162933761,inter
W2162934481,inter
W2162938940,inter
W2162951904,inter
W2162955610,inter
W2162963619,inter
W2162971057,inter
W2162974421,inter
W2162985064,inter
W2163004532,inter
W2163011099,inter
W2163012480,inter
W2163020588,inter
W2163022578,inst
W2163028000,inter
W2163032949,inst
W2163040665,inst
W2163044500,inter
W2163045070,inter
W2163059190,inter
W2163093107,inter
W2163097311,inter
W2163113711,inter
W2163114202,inter
W2163121497,inter
W2163166525,inter
W2163191901,inter
W2163203501,inter
W2163204670,inter
W2163205713,inter
W2163214144,inter
W2163222924,uni
W2163224973,inter
W2163231398,inter
W2163235428,inter
W2163245363,inter
W2163246860,inst
W2163250689,inter
W2163252370,inter
W2163262203,uni
W2163277225,uni
W2163285555,inter
W2163286715,inter
W2163288162,inter
W2163290928,inst
W2163291465,inter
W2163292449,inter
W2163294786,inst
W2163296795,inter
W2163317344,inter
W2163326674,inter
W2163351238,uni
W2163352848,top tier
W2163352960,inter
W2163357820,inter
W2163358443,inter
W2163362139,uni
W2163368267,inter
W2163375756,inter
W2163382420,inter
W2163406054,inter
W2163428398,inter
W2163429711,inter
W2163448995,inter
W2163457743,inst
W2163461766,inter
W2163466237,inter
W2163476003,inter
W2163487272,inter
W2163501979,inter
W2163506248,inter
W2163506890,inter
W2163510121,inter
W2163517462,inter
W2163530581,inter
W2163534628,inst
W2163534706,inter
W2163551694,inter
W2163552363,inter
W2163561955,inter
W2163565176,inter
W2163570858,inter
W2163572752,inter
W2163584563,inter
W2163589233,inter
W2163591503,inter
W2163598528,inter
W2163604964,inter
W2163605009,top tier
W2163612361,inst
W2163624108,inter
W2163628920,inst
W2163640832,inter
W2163653429,uni
W2163654949,inst
W2163659837,inter
W2163666054,inter
W2163674731,inter
W2163687345,inter
W2163695291,inst
W2163737009,inter
W2163737492,inter
W2163741044,inter
W2163742780,inst
W2163744678,inter
W2163760871,inter
W2163763714,inter
W2163765418,uni
W2163782505,inter
W2163787512,inter
W2163797197,inst
W2163803752,inter
W2163805832,inter
W2163806694,inter
W2163808566,inter
W2163815791,inter
W2163825541,inter
W2163833890,uni
W2163839957,inter
W2163846246,inter
W2163850776,inter
W2163850966,inter
W2163852103,inter
W2163852958,inter
W2163863005,inter
W2163870869,inter
W2163878233,inter
W2163880391,inter
W2163883637,inter
W2163895008,inter
W2163907599,inter
W2163915297,inst
W2163927692,inter
W2163935347,inter
W2163935396,inter
W2163935418,inter
W2163936824,inter
W2163946445,inter
W2163948122,inter
W2163950614,inter
W2163950865,inter
W2163952039,inter
W2163961697,inst
W2163971036,inst
W2163976959,inter
W2163977249,inter
W2163977835,inter
W2163986376,inter
W2163994546,inter
W2164008037,inter
W2164022341,inst
W2164023365,inter
W2164047376,inter
W2164050538,inter
W2164051276,inter
W2164056559,inst
W2164067033,inter
W2164067955,inst
W2164076483,inter
W2164076773,inter
W2164076809,inter
W2164078599,inter
W2164086846,uni
W2164095419,inter
W2164098335,inter
W2164101308,inter
W2164149165,inter
W2164149934,inter
W2164151778,inter
W2164152532,inter
W2164153172,inter
W2164159077,inter
W2164173494,inter
W2164177007,inter
W2164187391,inst
W2164210932,inter
W2164214015,inter
W2164214149,inter
W2164215675,inter
W2164222795,inter
W2164224215,inter
W2164228393,inter
W2164232374,inter
W2164240252,inter
W2164244016,inter
W2164256064,inter
W2164261333,inter
W2164261375,inter
W2164262733,inter
W2164271287,inter
W2164278757,inter
W2164284397,inst
W2164288922,inter
W2164321120,inter
W2164322063,inter
W2164326463,inst
W2164330572,inst
W2164336170,inter
W2164337732,inter
W2164340292,inst
W2164346980,inter
W2164352409,inter
W2164354502,inter
W2164362618,inter
W2164363500,inter
W2164400088,inter
W2164400959,uni
W2164408820,inter
W2164417402,inter
W2164419590,inter
W2164438967,inter
W2164452510,inter
W2164462633,inter
W2164478452,inter
W2164493791,inter
W2164507994,inter
W2164516366,inter
W2164522603,inter
W2164522620,inter
W2164529774,inter
W2164531580,inter
W2164539435,inter
W2164540496,uni
W2164545125,inst
W2164545296,inter
W2164547069,inter
W2164551773,inter
W2164554474,inst
W2164556167,inter
W2164556573,inter
W2164566407,inter
W2164568552,inter
W2164577291,inter
W2164585080,inter
W2164586467,inter
W2164587393,inter
W2164595404,inter
W2164598857,top tier
W2164598883,inter
W2164605392,inter
W2164620221,inter
W2164629657,inter
W2164637171,uni
W2164644282,inter
W2164652569,inst
W2164656607,inter
W2164658548,uni
W2164667327,inter
W2164679752,inter
W2164688355,inter
W2164691248,inter
W2164693417,inter
W2164693758,inter
W2164709184,inter
W2164712218,inter
W2164713613,inter
W2164713843,inter
W2164722319,inter
W2164728239,inter
W2164731652,inter
W2164737680,inter
W2164740236,inst
W2164741935,uni
W2164741953,top tier
W2164749787,inter
W2164755290,inst
W2164759297,inter
W2164761308,inter
W2164764235,inst
W2164765430,inter
W2164773579,inter
W2164774194,inst
W2164802078,inst
W2164805844,inter
W2164811415,inter
W2164812008,inst
W2164817605,inter
W2164822588,inter
W2164824749,inter
W2164827396,inter
W2164832081,inter
W2164842737,inter
W2164866344,inter
W2164870091,uni
W2164873076,inter
W2164877274,inter
W2164879989,inter
W2164880134,inter
W2164881538,uni
W2164890169,inter
W2164890272,inter
W2164892924,inter
W2164896116,inter
W2164926371,inter
W2164933242,inst
W2164939754,inst
W2164940748,inter
W2164955529,inter
W2164962034,inst
W2164966423,inter
W2164971516,inter
W2164972933,inter
W2164979729,uni
W2164980264,inter
W2164988317,inter
W2164989743,inter
W2164991421,inter
W2164997203,inter
W2164998096,inter
W2164998236,inter
W2164998482,uni
W2165004589,inst
W2165015530,inst
W2165020108,inter
W2165020812,inter
W2165023916,inter
W2165030634,inter
W2165032725,inter
W2165036919,inter
W2165040934,inter
W2165043427,inter
W2165052637,inter
W2165055337,inter
W2165064705,inter
W2165065544,inter
W2165072892,inter
W2165080816,inter
W2165081065,inter
W2165095705,inter
W2165099691,inst
W2165126727,inter
W2165132934,inter
W2165141499,inter
W2165146474,inst
W2165157471,inst
W2165181841,inter
W2165183780,inter
W2165192967,inter
W2165203788,inter
W2165207672,inst
W2165209203,uni
W2165232329,inter
W2165247825,inter
W2165281381,inter
W2165292791,inter
W2165299997,inter
W2165301864,inter
W2165307236,inter
W2165311547,inter
W2165320163,inter
W2165320400,uni
W2165359432,inter
W2165360836,inter
W2165366735,inter
W2165375569,inter
W2165396372,inst
W2165401139,inter
W2165403938,inter
W2165406488,inter
W2165414070,inter
W2165417370,inter
W2165424133,inter
W2165424757,inter
W2165428266,inter
W2165431734,inter
W2165439624,inter
W2165445420,inter
W2165447343,inter
W2165466912,inter
W2165467455,inter
W2165489013,inter
W2165491783,inst
W2165511051,inst
W2165519361,inter
W2165525206,inter
W2165533187,inter
W2165545792,inter
W2165552652,inter
W2165553585,inter
W2165558283,inst
W2165569569,inter
W2165584048,inter
W2165584973,inter
W2165588055,inter
W2165605600,inter
W2165612210,inter
W2165612380,inter
W2165643853,inter
W2165654401,inter
W2165654898,inter
W2165668746,inter
W2165677640,inter
W2165682245,inter
W2165688098,inter
W2165691071,inter
W2165698076,top tier
W2165700256,inter
W2165702495,inter
W2165707896,uni
W2165710044,inter
W2165715280,inter
W2165717121,inter
W2165729498,inter
W2165731615,inter
W2165733362,inter
W2165735902,inter
W2165736859,inter
W2165741100,inst
W2165744911,inst
W2165745733,inter
W2165752568,inter
W2165758113,inter
W2165763951,inter
W2165766797,inter
W2165781359,inter
W2165785801,inter
W2165791323,inter
W2165797890,inter
W2165811385,inter
W2165812486,inter
W2165820501,inter
W2165828254,inst
W2165829799,inter
W2165831368,inter
W2165831888,inter
W2165846406,inter
W2165854753,inter
W2165856730,inter
W2165865793,inter
W2165871444,inter
W2165874743,top tier
W2165878760,inter
W2165884661,inter
W2165895664,inter
W2165896294,inter
W2165899471,inter
W2165916500,inter
W2165933460,inter
W2165935721,inter
W2165939075,inter
W2165948284,inter
W2165951329,inter
W2165952312,inter
W2165956633,inter
W2165959413,inter
W2165966284,inter
W2165968314,inst
W2165973477,inter
W2165988091,inter
W2165990359,uni
W2165991368,uni
W2165999534,inter
W2166000463,inter
W2166002122,inter
W2166015963,inter
W2166017159,inter
W2166020206,inter
W2166036437,inter
W2166039800,inter
W2166045370,inter
W2166049352,inst
W2166070055,inter
W2166078937,inter
W2166087152,inter
W2166090580,inst
W2166095311,inter
W2166098345,inter
W2166099870,inter
W2166103963,inter
W2166111053,inst
W2166116468,inter
W2166120235,inter
W2166123454,inter
W2166127773,inst
W2166135038,inter
W2166140447,inst
W2166143117,inter
W2166154911,inst
W2166159048,inter
W2166164984,inter
W2166177455,inter
W2166180593,inter
W2166188160,inst
W2166195138,inter
W2166205117,inter
W2166217673,inter
W2166220529,inter
W2166232889,inter
W2166246073,inter
W2166260739,inter
W2166263440,inst
W2166266461,inter
W2166266685,inter
W2166272765,inter
W2166280719,inter
W2166285648,inter
W2166294429,inter
W2166298394,inter
W2166310193,inter
W2166325326,inter
W2166333654,inter
W2166338096,inter
W2166348281,inter
W2166353797,inter
W2166364787,inst
W2166389639,inter
W2166390741,inter
W2166402529,inst
W2166412610,inter
W2166426208,inter
W2166426408,inter
W2166432683,inter
W2166460071,inter
W2166473218,inter
W2166486801,inst
W2166490929,inter
W2166491150,inter
W2166496296,inter
W2166502815,inter
W2166518326,inter
W2166519306,inter
W2166528042,inter
W2166553242,inter
W2166555717,inter
W2166559705,top tier
W2166563909,inst
W2166573642,inter
W2166580595,inter
W2166581609,inter
W2166588729,inter
W2166590729,inter
W2166601547,uni
W2166603077,inst
W2166604943,inter
W2166606682,inter
W2166610875,inter
W2166617151,inter
W2166620913,inter
W2166621107,inter
W2166624032,inter
W2166636227,inter
W2166637398,inter
W2166651347,inter
W2166655588,inter
W2166674455,inter
W2166681504,inter
W2166689316,inter
W2166693890,inter
W2166698530,inter
W2166718165,inter
W2166718815,inter
W2166724762,inter
W2166729182,uni
W2166731089,inter
W2166736740,inter
W2166737459,inter
W2166739600,inst
W2166741129,inter
W2166743230,inst
W2166744034,inter
W2166747457,inst
W2166759603,inter
W2166760871,inter
W2166771065,inter
W2166771209,inter
W2166777045,inter
W2166783360,inter
W2166784771,inter
W2166787204,inter
W2166796177,inter
W2166804592,inter
W2166817284,inter
W2166830041,inter
W2166849080,inter
W2166853440,inter
W2166864245,inst
W2166868786,inter
W2166870713,inter
W2166870904,uni
W2166890675,inter
W2166909000,inter
W2166928235,inter
W2166931255,inter
W2166931257,inter
W2166946851,inst
W2166949156,inter
W2166949990,uni
W2166952973,inter
W2166958329,inter
W2166963105,inter
W2166963499,inter
W2166964954,inter
W2166967543,inter
W2166978156,inst
W2166979776,inter
W2166980237,inter
W2166982406,inter
W2167008044,inter
W2167009774,uni
W2167011208,inter
W2167018375,uni
W2167030613,inter
W2167043222,inst
W2167047493,inter
W2167061728,inter
W2167062204,inter
W2167066111,inter
W2167075285,inter
W2167081989,inter
W2167089275,inst
W2167090712,inter
W2167091361,inter
W2167101736,inter
W2167101788,inter
W2167101903,inter
W2167104897,inst
W2167116703,inter
W2167141450,inter
W2167142165,inter
W2167146493,inter
W2167150271,inst
W2167152213,inter
W2167155499,inter
W2167159238,uni
W2167159533,inter
W2167160399,inter
W2167164378,inter
W2167172988,inter
W2167200186,inter
W2167207203,inter
W2167213403,inter
W2167216307,inst
W2167217202,inter
W2167225252,inter
W2167231370,inter
W2167236442,inter
W2167237442,inter
W2167242085,inter
W2167252678,inter
W2167259173,uni
W2167260591,inter
W2167262149,inter
W2167262293,inter
W2167267197,inter
W2167277498,inter
W2167284058,inter
W2167287136,inter
W2167293545,inter
W2167303512,inter
W2167306162,inter
W2167311402,inter
W2167315686,inter
W2167336172,inter
W2167340297,inter
W2167340365,inter
W2167344126,inter
W2167355684,inter
W2167360858,inter
W2167367649,inter
W2167388678,inter
W2167398706,inter
W2167407098,inter
W2167407752,inst
W2167411378,inter
W2167412,inter
W2167413626,inter
W2167417301,inter
W2167424562,inter
W2167428023,inter
W2167456209,inter
W2167461700,inter
W2167464078,inter
W2167472672,inst
W2167477483,inter
W2167482691,top tier
W2167499506,inst
W2167501464,inst
W2167507984,inter
W2167529572,inter
W2167532069,inter
W2167538128,inter
W2167549547,inter
W2167573769,inter
W2167584676,inter
W2167598841,inter
W2167599600,inter
W2167610701,inst
W2167611713,inter
W2167620212,inter
W2167626157,inter
W2167631487,inter
W2167635580,inter
W2167644159,inter
W2167647609,inter
W2167650540,inter
W2167662333,inter
W2167662727,inter
W2167663443,inter
W2167663652,inter
W2167667767,top tier
W2167667787,inter
W2167669633,inter
W2167669776,inter
W2167680278,inter
W2167681385,inter
W2167690462,inter
W2167694868,inter
W2167698239,inter
W2167706451,inter
W2167706908,inter
W2167709574,inter
W2167709639,inter
W2167717037,inter
W2167737187,inter
W2167741462,inter
W2167746609,inter
W2167776765,inst
W2167786944,inter
W2167797769,inter
W2167803572,inter
W2167813720,inter
W2167827727,inter
W2167842822,inter
W2167844604,inter
W2167852373,inst
W2167864854,inter
W2167870975,inter
W2167876442,uni
W2167887614,inter
W2167892749,inter
W2167912153,uni
W2167917445,inter
W2167917621,inter
W2167918392,inter
W2167922063,inter
W2167926541,inter
W2167959115,inter
W2167959361,inter
W2167965189,inst
W2167969193,inter
W2167977504,inter
W2167978264,inter
W2167993374,inter
W2168007931,inter
W2168012262,inter
W2168017702,inter
W2168018275,inter
W2168025282,inter
W2168037874,inter
W2168045053,inter
W2168078104,top tier
W2168086282,inst
W2168096761,inter
W2168103835,inter
W2168115594,inter
W2168117245,uni
W2168117835,inter
W2168125451,inter
W2168126647,inter
W2168131174,inter
W2168150693,inter
W2168154523,inter
W2168159562,inter
W2168172687,inter
W2168177042,inter
W2168182407,inter
W2168192898,inter
W2168194229,inst
W2168197332,inter
W2168202799,inter
W2168206922,inter
W2168210778,inter
W2168224686,inter
W2168226105,inter
W2168226778,inter
W2168227861,inter
W2168230640,inter
W2168233682,inter
W2168246382,inter
W2168255372,inter
W2168260026,inter
W2168265363,inter
W2168270139,inst
W2168286517,inst
W2168287017,inter
W2168297987,inter
W2168300233,inst
W2168315159,inst
W2168322495,inst
W2168322738,inter
W2168326563,inst
W2168338507,inst
W2168350340,inter
W2168356304,inter
W2168358734,inst
W2168367336,inter
W2168388331,inter
W2168392347,inter
W2168401554,inter
W2168405505,inter
W2168409000,inter
W2168429069,inter
W2168430883,inter
W2168435960,inter
W2168445269,inter
W2168447177,inter
W2168448159,inter
W2168448725,inter
W2168452204,top tier
W2168459716,inter
W2168460514,inter
W2168466186,inst
W2168480239,inter
W2168481818,uni
W2168482307,inter
W2168488683,inter
W2168502142,inter
W2168507359,inter
W2168512023,inter
W2168515105,uni
W2168521677,inter
W2168543113,inter
W2168544607,inter
W2168547291,inter
W2168555635,inst
W2168572315,inter
W2168573734,inter
W2168592818,inter
W2168595508,inter
W2168603260,inter
W2168603625,inter
W2168609675,inter
W2168612748,inter
W2168617441,inter
W2168624466,inter
W2168625136,inter
W2168651795,inter
W2168652241,inter
W2168654016,inter
W2168665295,inter
W2168670253,inter
W2168676717,inter
W2168689650,inter
W2168690621,inst
W2168694323,inter
W2168707264,inter
W2168709739,inter
W2168717169,inst
W2168732003,inter
W2168738351,inter
W2168738535,inter
W2168745359,inter
W2168761028,inter
W2168777768,inter
W2168792661,inter
W2168804568,inst
W2168811573,inst
W2168812739,inter
W2168843528,inter
W2168858784,inter
W2168873314,inter
W2168892181,inst
W2168903090,inst
W2168917894,inter
W2168939893,inst
W2168945554,inst
W2168947801,inter
W2168947999,inter
W2168955296,inter
W2168955513,inter
W2168962043,inter
W2168973490,inter
W2168977926,inter
W2168992100,inter
W2168996118,inter
W2169006540,inst
W2169020795,inter
W2169021240,inter
W2169038408,inter
W2169047568,inter
W2169056019,inter
W2169073093,inter
W2169080765,inter
W2169087593,inter
W2169087758,inter
W2169095149,inter
W2169111714,inter
W2169113748,inter
W2169124164,uni
W2169143508,inter
W2169164179,inter
W2169172011,inter
W2169177311,inst
W2169178923,inter
W2169188538,inter
W2169190801,inter
W2169195255,inter
W2169200946,inter
W2169204907,inter
W2169209784,inst
W2169212403,inter
W2169213855,inter
W2169221349,inter
W2169223373,inter
W2169223859,inter
W2169239645,inst
W2169244200,inst
W2169245194,inter
W2169250070,inter
W2169263924,inter
W2169293203,inter
W2169300055,inter
W2169307138,inter
W2169309008,inter
W2169310078,inter
W2169321888,inst
W2169322818,inst
W2169328641,inter
W2169335806,inst
W2169339924,inter
W2169345425,inter
W2169354478,inter
W2169356265,inter
W2169374550,inter
W2169384781,inter
W2169385299,inter
W2169395742,inter
W2169402717,inter
W2169408065,inter
W2169411004,inter
W2169418517,inter
W2169429772,inter
W2169433397,inter
W2169436773,inter
W2169451412,inter
W2169459959,inter
W2169464261,inter
W2169466806,inter
W2169475202,inst
W2169486379,inter
W2169518088,inter
W2169543563,inter
W2169549452,inter
W2169551590,inter
W2169557449,inter
W2169562071,inter
W2169565248,inter
W2169574584,inter
W2169574628,inter
W2169576712,inter
W2169580966,inter
W2169590209,inter
W2169605160,inter
W2169619811,inst
W2169624851,inst
W2169638223,inter
W2169655138,inter
W2169658215,inter
W2169660454,inter
W2169665207,inter
W2169665448,inter
W2169666835,inter
W2169678694,top tier
W2169709581,uni
W2169711291,uni
W2169723214,inst
W2169725869,inst
W2169727207,inter
W2169732368,inter
W2169733476,inter
W2169741774,inter
W2169746823,inter
W2169749332,inter
W2169750653,inter
W2169755989,inter
W2169761576,inter
W2169762136,inter
W2169764355,inter
W2169770456,inter
W2169781362,inter
W2169793609,inter
W2169796049,inter
W2169812427,inter
W2169814901,inter
W2169818936,inter
W2169820258,inter
W2169821025,inter
W2169837433,inter
W2169844369,inter
W2169846542,inst
W2169848562,inter
W2169850486,inter
W2169853024,inter
W2169855953,inter
W2169860975,inter
W2169866700,inst
W2169868723,inter
W2169871156,inst
W2169875292,inter
W2169877324,inter
W2169878071,inter
W2169880332,inter
W2169885786,inter
W2169886739,inst
W2169899245,inter
W2169905519,inter
W2169906351,inter
W2169924294,inter
W2169934749,inter
W2169937647,inter
W2169948237,inst
W2169956406,inter
W2169964384,inter
W2169965215,inter
W2169970157,inter
W2169976133,uni
W2169989083,inter
W2169990839,inter
W2169997788,inter
W2170005034,inter
W2170018461,inter
W2170023599,inter
W2170036228,inter
W2170037597,inter
W2170040487,inter
W2170057902,inter
W2170075141,inst
W2170097251,inter
W2170104456,inter
W2170108788,inter
W2170108941,inter
W2170113430,inter
W2170116535,inst
W2170124294,inter
W2170126048,inter
W2170126751,inter
W2170130746,inter
W2170141744,inst
W2170147734,inter
W2170147831,inter
W2170151472,inter
W2170165197,inter
W2170165620,inter
W2170173440,inter
W2170174202,inter
W2170175504,inter
W2170180990,inter
W2170185675,inter
W2170188482,inst
W2170192324,inter
W2170194695,inter
W2170196582,inter
W2170215959,inter
W2170233910,inter
W2170237906,inter
W2170240091,inter
W2170245698,inst
W2170253703,inter
W2170253915,inter
W2170258208,inst
W2170280226,inst
W2170286290,inter
W2170296361,inter
W2170302314,inst
W2170303263,inter
W2170308399,inter
W2170313076,inter
W2170314424,inter
W2170317651,inter
W2170322281,uni
W2170325519,uni
W2170325731,inst
W2170337404,inter
W2170338043,inter
W2170339335,inter
W2170345366,inter
W2170345688,inter
W2170345902,inter
W2170353404,inter
W2170358592,inter
W2170365891,inter
W2170366084,inter
W2170366940,uni
W2170382128,inter
W2170387521,inter
W2170419304,inter
W2170422354,inter
W2170431373,inter
W2170437937,inter
W2170460607,inter
W2170470412,inter
W2170481351,inter
W2170487015,inter
W2170505850,inter
W2170509487,inter
W2170516265,inter
W2170523940,inter
W2170526828,inter
W2170537199,inter
W2170538128,inter
W2170540108,inst
W2170563037,inter
W2170578836,inst
W2170579485,inst
W2170588887,inter
W2170592927,inter
W2170600821,inter
W2170607218,inter
W2170607286,inter
W2170609167,inter
W2170616854,inter
W2170633983,inter
W2170651405,inter
W2170656359,inter
W2170658603,inst
W2170660905,inter
W2170686989,uni
W2170690622,inst
W2170705465,inter
W2170706375,inter
W2170707555,inter
W2170715240,inter
W2170726034,inter
W2170729118,inter
W2170751839,inter
W2170761533,inter
W2170768441,inter
W2170792844,inter
W2170796084,inter
W2170796499,inter
W2170803695,inst
W2170814341,inter
W2170818070,inter
W2170832465,inter
W2170833787,inter
W2170833797,inter
W2170840514,inter
W2170854520,inter
W2170860445,inter
W2170866695,inter
W2170882207,inter
W2170895934,inter
W2170901349,inter
W2170901874,inter
W2170905826,inter
W2170909252,inter
W2170913025,inter
W2170915616,inter
W2170918203,inst
W2170942078,inter
W2170945182,inter
W2170948882,inter
W2170949105,inter
W2170973209,inter
W2170974086,inter
W2170979474,inter
W2170981964,inter
W2170983778,inter
W2170991533,inter
W2170993585,inter
W2171000037,inter
W2171002355,inter
W2171003402,uni
W2171016006,inter
W2171017443,inter
W2171033594,top tier
W2171034893,inst
W2171041293,inter
W2171050710,inter
W2171057574,inter
W2171057590,inter
W2171060165,inter
W2171061062,inst
W2171067922,inter
W2171070815,inter
W2171086515,inter
W2171088036,inter
W2171107890,inter
W2171119362,inter
W2171126500,inter
W2171126623,inter
W2171132194,inter
W2171139251,inter
W2171145483,uni
W2171147867,inter
W2171150836,inter
W2171151309,inter
W2171155002,inter
W2171155203,inter
W2171168110,inter
W2171186743,inter
W2171188027,inst
W2171190130,inter
W2171191102,inter
W2171193634,inter
W2171194700,inter
W2171198504,inter
W2171202597,inter
W2171209378,inter
W2171235719,inst
W2171239353,uni
W2171242934,inter
W2171251208,inter
W2171253128,inter
W2171255712,inter
W2171267841,inter
W2171282218,inter
W2171303805,inter
W2171303908,inter
W2171308192,inter
W2171313960,inter
W2171314553,inter
W2171322121,inter
W2171322814,inst
W2171323859,inter
W2171323895,inter
W2171331105,inter
W2171332125,uni
W2171332245,inter
W2171335055,inter
W2171342342,inter
W2171349424,inter
W2171367362,inter
W2171397018,inst
W2171404116,inter
W2171426636,inter
W2171428093,inter
W2171445445,inter
W2171445933,inter
W2171461488,inter
W2171463957,inter
W2171485467,inter
W2171489556,uni
W2171498274,inter
W2171502826,inter
W2171526734,inter
W2171534043,inter
W2171539688,inter
W2171541130,inter
W2171546589,inter
W2171551746,inter
W2171560976,inter
W2171562370,inter
W2171563677,inter
W2171569173,inter
W2171572695,inter
W2171574854,inter
W2171578374,inter
W2171583203,inter
W2171583598,inter
W2171590421,inter
W2171627535,inter
W2171635144,inter
W2171636144,uni
W2171643895,inst
W2171644697,inter
W2171649812,inter
W2171654951,inter
W2171656814,inter
W2171692351,inst
W2171703655,inter
W2171707251,inter
W2171717938,inter
W2171718457,inter
W2171744805,inst
W2171745857,inter
W2171748747,inter
W2171749496,inter
W2171751179,inter
W2171753965,inter
W2171759622,inter
W2171766645,inter
W2171788758,inst
W2171793735,inter
W2171803212,inter
W2171804483,inter
W2171809276,inter
W2171810915,inter
W2171812326,uni
W2171812691,inter
W2171823039,inter
W2171829409,inter
W2171836761,inter
W2171843169,inter
W2171843383,inter
W2171849160,inst
W2171852716,inter
W2171859866,inter
W2171865010,inter
W2171867449,inter
W2171872029,inst
W2171873658,inter
W2171882038,inter
W2171884881,inter
W2171886309,inter
W2171887607,inter
W2171887695,inter
W2171897560,inter
W2171898850,inter
W2171901032,inter
W2171903935,inter
W2171918355,inter
W2171924232,inter
W2171929398,inter
W2171950509,inter
W2171952433,inst
W2171964228,inter
W2171975443,inter
W2171975935,inter
W2171979080,inter
W2172006071,inter
W2172012201,inter
W2172013743,inter
W2172053965,inter
W2172060328,inter
W2172066595,inter
W2172073677,inter
W2172081788,inter
W2172097686,inter
W2172105112,inter
W2172135926,inter
W2172147981,inter
W2172151912,inter
W2172153090,inter
W2172154901,inter
W2172156083,inter
W2172163190,inter
W2172163424,inter
W2172164221,inter
W2172166335,inter
W2172172684,inter
W2172188317,inter
W2172188765,inst
W2172190709,inter
W2172192113,inter
W2172196609,inter
W2172201990,inter
W2172208814,inst
W2172210369,inter
W2172211108,inst
W2172232410,inter
W2172233159,inter
W2172237138,inst
W2172241792,inter
W2172246201,inter
W2172249709,inter
W2172251995,inst
W2172254695,inter
W2172264025,inter
W2172287543,inter
W2172295126,inter
W2172360265,inter
W2172604423,inter
W2172607710,inter
W2172620437,inter
W2172649988,inter
W2172830928,uni
W2172844656,inter
W2172906094,inter
W2173044277,uni
W2173213060,top tier
W2173393203,inter
W2173539876,inter
W2173635771,inter
W2173928607,inter
W2174042591,inter
W2174053585,inter
W2174112393,inter
W2174151054,inter
W2174272011,inter
W2174297298,inter
W2174309130,inter
W2174714397,inter
W2174775786,inter
W2174805484,inter
W2174972060,uni
W2174987007,inter
W2175061019,inter
W2175117792,inter
W2175347203,inter
W2175433035,inter
W2175951243,inter
W2176009755,inter
W2176091991,inst
W2176151768,inter
W2176272331,inter
W2176347071,inter
W2176429381,inter
W2176465323,uni
W2176490758,inst
W2176566884,inst
W2176830056,inter
W2176859706,inter
W2176924101,inter
W2177038588,uni
W2177066871,inter
W2177105478,inter
W2177201091,uni
W2177209050,inter
W2177274602,inst
W2177274842,inst
W2177317049,inter
W2177357765,inter
W2177506591,inst
W2177551934,inter
W2177619202,inter
W2178101284,inst
W2178225550,inter
W2178293323,inter
W2178421650,inter
W2178486833,inter
W2178487000,inst
W2178638082,uni
W2178725445,inst
W2178735577,inter
W217874958,inter
W2178762325,inst
W2178771058,inter
W2179016548,inter
W2179042386,inter
W2179093498,inter
W2179234838,inter
W2179500942,inter
W2179731956,top tier
W2179743200,inter
W2179814212,inter
W2179955349,inter
W2180101149,inter
W2180151937,inst
W2180178176,inter
W2180180647,uni
W2180200426,inter
W2180389172,inter
W2180429879,inter
W2180582902,inter
W2180612164,inter
W2180784125,inter
W2180909826,inter
W2180941696,inter
W2181114408,inter
W2181338308,inter
W2181347294,inter
W2181376558,inter
W2181607856,inter
W2181718862,inter
W2181759474,inter
W2181778134,inter
W2181778884,inter
W2181803318,inter
W2181861548,inter
W2181938598,inter
W2181983165,inter
W2182075928,inter
W2182077928,inter
W2182091252,inter
W2182106514,inter
W2182127981,inter
W2182251831,inter
W2182267394,inter
W2182359391,inter
W2182396527,inter
W2182431228,uni
W2182492066,inter
W2182508880,inter
W2182530334,inter
W2182531927,inter
W2182722412,inter
W2182802232,inter
W2182804019,inter
W2183009162,inter
W2183050958,inter
W2183082717,inter
W2183112036,inter
W2183182206,inst
W2183289549,inter
W2183341477,top tier
W2183386595,inter
W2183421806,inter
W2183706646,inter
W2183729464,inter
W2183863591,inst
W2183926967,inter
W2183974790,inter
W2184016288,inter
W2184052757,inter
W2184151747,inter
W2184227718,inter
W2184231486,inter
W2184298889,inter
W2184384388,inter
W2184393491,inst
W2184435237,inter
W2184540135,inst
W2184584325,inter
W2184680168,inter
W2184683713,inter
W2184775166,inter
W2184823109,inter
W2184831622,inter
W2184881690,inter
W2184961526,inter
W2185172447,inter
W2185199324,inst
W2185252566,inter
W2185252635,inter
W2185283107,inter
W2185430646,inter
W2185454038,inter
W2185531897,inter
W2185540179,inter
W2185542187,inst
W2185570184,inter
W2185622477,inter
W2185693466,inter
W2185720888,inter
W2185752976,inter
W2185824146,inter
W2185907055,inter
W2185928170,inter
W2185952835,inter
W2186022498,inter
W2186054958,inter
W2186094539,inst
W2186135931,uni
W2186287317,inst
W2186428165,inter
W2186501980,inter
W2186512998,inter
W2186518648,inter
W2186585128,inter
W2186630513,inter
W2186632216,inter
W2186773520,inter
W2186839193,inter
W2186839424,inter
W2186881680,inter
W2186889969,inter
W2186961980,inter
W2186998007,inter
W2187016681,inter
W2187031771,inter
W2187061624,inter
W2187086447,inter
W2187088144,inter
W2187089797,top tier
W2187223183,inter
W2187238335,inter
W2187257732,inter
W2187294194,inter
W2187392702,inter
W2187406058,inter
W2187413351,inter
W2187466363,inter
W2187483593,inter
W2187567206,inter
W2187609422,inter
W2187796218,inter
W2187802606,inter
W2187882697,inter
W2187955288,inter
W2188073520,inter
W2188235819,inter
W2188365844,inter
W2188373600,inst
W2188446830,inter
W2188492526,inter
W2188529624,inter
W2188634296,inter
W2188911266,inter
W2188927112,inter
W2189070436,inter
W2189173184,inter
W2189238204,uni
W2189286218,inter
W2189353366,inter
W2189373695,inter
W2189422931,inter
W2189465200,inst
W2189494032,inter
W2189553231,inter
W2189557697,inter
W2189886295,inter
W2189911347,inter
W2190008860,inst
W2190327241,uni
W219040644,inst
W2190890968,inter
W2190954469,inter
W2191006491,inter
W2191054309,inter
W2191187621,uni
W2191468669,inter
W2191606157,inter
W2191616647,inter
W2191663896,uni
W2191706756,inter
W2191783366,uni
W2192031548,inter
W2192040516,inter
W2192101876,inter
W2192374786,inter
W2192598490,inter
W2193045528,inst
W2193085234,inter
W2193226364,inter
W2193341409,inst
W2193384753,inter
W2193487171,inter
W2193646971,inst
W2193819129,inter
W2193838104,inter
W2193871617,inter
W2194775991,top tier
W2195032687,inter
W2195207531,inter
W2195388612,inter
W2195569869,inter
W2195615921,inter
W2195795970,inter
W2195881515,inter
W2195884801,inter
W2195935691,inst
W2196303045,inter
W2196354524,inter
W2196615847,inter
W2196667187,inter
W2196824873,inter
W2196942307,inter
W2197084977,inter
W2197122596,inter
W2197124568,inter
W2197192980,inter
W2197355425,inter
W2197461571,inter
W2197560310,inter
W2197566387,uni
W2197620362,inter
W2197809364,inter
W2197819588,inter
W2197919320,inst
W2197943657,inter
W2198317436,inter
W2198320582,inter
W2198400865,inter
W2198707339,inter
W2198724430,inter
W2198766081,inter
W2199142516,inter
W2199159668,inter
W2199163347,inter
W2199215860,inter
W2199292878,inter
W2199369932,inter
W2199464493,inst
W2199597691,inter
W2199715570,inter
W2199816070,inter
W2199845262,inst
W2199890863,inter
W2199969768,inter
W2200054515,inter
W220005950,inter
W2200092826,inter
W2200125188,inter
W2200528286,inter
W2200566820,inter
W2200566924,inter
W2200587164,inter
W2200631819,inst
W2200866600,inter
W2200984121,uni
W2201004764,inter
W2201054263,inter
W2201122134,inter
W2201294065,inter
W2201305792,inst
W2201593588,inter
W2201706299,inst
W2201717881,inter
W2201752477,inter
W2201769498,inter
W2201958145,inter
W2201996046,inter
W2202155158,inter
W2202226326,inter
W2202499615,inter
W2202527326,inter
W2202570405,inter
W2203165618,inter
W2203224402,inst
W2203271703,inter
W2203317094,inter
W2203542361,inter
W2203574994,inter
W2203580091,inter
W2203584209,inst
W2204148968,inter
W2204165372,inter
W2204257188,inter
W2204278745,inter
W2204324108,inter
W2204400744,inter
W2204591661,inter
W2204609240,inter
W2204695023,inter
W2204696980,inter
W2204750386,inst
W2204857005,inter
W2204904589,inter
W2204975001,inter
W2205114699,inter
W2205224283,inst
W2205290124,inter
W2205839285,inter
W2205897359,inter
W2205912516,uni
W2206102136,inter
W2206437677,inter
W2206453907,inter
W2206629542,inter
W2207044458,inst
W2207449618,inter
W2207849498,inter
W2208011534,inter
W2208130419,inter
W2208203352,inter
W2208211896,inter
W2208374148,inst
W2208400430,inter
W2208553489,inter
W2208783789,inter
W2208834734,inter
W2209159500,inter
W2209382625,inter
W2209711482,inter
W2209872464,inter
W2209882149,inter
W2210072957,inter
W2210405806,inter
W2210549170,inst
W2210601376,uni
W2210622668,inter
W2211192759,inter
W221150331,inter
W2211599322,inter
W2211629196,inter
W2211679188,uni
W2211722331,inst
W2211839304,inter
W2211967836,inter
W2211996548,inter
W2212123867,inst
W2212155158,inst
W2212216676,inst
W2212229731,inter
W221234795,inst
W2212488422,inter
W2212718489,inter
W2212804072,inter
W2213201020,inter
W2213231600,uni
W2213289911,inter
W2213782059,inter
W2213852736,inst
W2213891260,inter
W2214097909,inter
W2214124602,inter
W2214150109,inter
W2214352687,inter
W2214409633,inst
W2214525127,inter
W2214858482,inter
W2214868166,inter
W2215041843,inter
W2215063078,inter
W2215622264,inter
W2215833482,inter
W2215857623,inter
W2215969704,inter
W2215972044,inter
W2216081175,inter
W2216123397,inst
W2216125271,inter
W2216188036,inst
W2216340812,inter
W2216444195,inter
W2216544764,inter
W2216674905,inter
W221670187,inter
W2216783520,inter
W2216946510,inter
W2216985360,inter
W2217125482,inter
W2217367813,uni
W2217433794,inst
W2217436801,inst
W2217462822,inter
W2217527616,inst
W2217836342,inter
W2217869562,inst
W2217895792,inter
W2217901364,inter
W2217984423,inter
W2218038495,inter
W2218139189,inter
W2218142586,inter
W2218377669,inter
W2218519206,inter
W2218707633,inter
W2218773584,inter
W2218781372,inter
W2218937857,uni
W2219114748,inter
W2219124274,inter
W2219227899,uni
W2219294596,inter
W2219387597,inter
W2219388052,inter
W2219495836,inter
W2219739727,inter
W2219747066,inter
W2219771564,inter
W2219874140,inter
W2219879775,uni
W2219965000,inter
W2220086542,inter
W2220231182,inter
W2220384803,inst
W2220625991,inst
W2220638545,inter
W2220707429,inst
W2220712447,inter
W2221115392,inter
W2221330345,inter
W2221456866,inst
W2221507685,inter
W2221625691,inst
W2221809994,inter
W2221837760,inst
W2222274299,inter
W2222312669,uni
W2222411823,inter
W2222758232,inter
W2223334459,inst
W22246969,inter
W2224947818,inter
W2225000375,inter
W2225196063,inter
W2225245499,inter
W2225303823,inter
W2225862971,inter
W2225934353,inter
W2225937484,inter
W2225971252,inter
W2226116214,inter
W2226562530,inter
W2226710168,uni
W2226832764,inter
W2227119174,inter
W2227234579,inter
W2227244893,inter
W2227553894,inst
W2227636330,inter
W2227855362,inter
W2227922876,inter
W2227948929,inter
W2228063643,inter
W2228237920,inter
W2228709515,inter
W2229180976,inst
W2229412420,top tier
W2229453128,uni
W2229542852,inter
W2229631249,inter
W2229709353,inter
W2230042929,inst
W2230121821,inter
W2230159025,inter
W2230453189,inter
W2230788370,inter
W2231285477,inter
W2231486937,inst
W2231748444,inter
W2231796304,inst
W2231942137,uni
W2232035143,inter
W2232278769,inst
W2232420260,inter
W2232971572,inter
W2233081671,inter
W2233361891,inter
W2233629590,inter
W2234017516,inter
W2234037461,inter
W2234183288,inter
W2234236208,inter
W2234281713,inter
W2234427382,inter
W2234470894,inst
W2234529989,inst
W2234587411,inter
W2235034809,inter
W2235036220,inst
W2235039675,inter
W2235456998,inter
W2235735853,inter
W2236116266,inter
W2236206745,inter
W2236252626,inter
W2236368386,inter
W2236779797,inter
W2236970886,uni
W2237109911,inst
W2237250383,inter
W2237276552,inter
W2237301560,inter
W2237503480,inst
W2237633256,inter
W2237666531,inter
W2237765446,inter
W2238327565,inter
W2238533956,inter
W2238788220,inter
W2238890810,inter
W2239239723,inter
W2239603578,inst
W2239853243,uni
W2239901959,inter
W2240048026,inter
W2240066130,inter
W2240067561,inter
W2240377646,inter
W2240778297,uni
W2240965754,inter
W2241288328,inter
W2241794575,inter
W2241798760,inter
W2242061263,inter
W2242161203,inst
W2242293693,inter
W2242315049,inter
W2242335516,inter
W2242459625,inter
W2242691822,inter
W2242749110,inter
W2242773987,inter
W2242818826,inter
W2242826997,inter
W2243193383,inter
W2243256781,inter
W2243257940,inter
W2243397390,inter
W2243451662,inter
W2243542436,inter
W2243738093,inter
W2243883016,inter
W2244253939,inst
W2244486986,inter
W2244684328,inst
W2244785476,inter
W2244798411,inter
W2244956674,inter
W2244993499,inter
W2245105528,inter
W2245189809,inter
W2245350346,inter
W2245436538,inst
W2245739573,inter
W2245759308,inter
W2246162424,inter
W2246204122,inter
W2246267490,inter
W2246353045,inst
W2246658194,inter
W2246695288,inter
W2246811656,inter
W2247209766,inter
W2247287081,inter
W2247780619,uni
W2247805182,inter
W2248200858,inter
W2248269543,uni
W2248291564,inter
W2248478808,inter
W2248596935,inter
W2248610621,inter
W2248625678,inter
W2248676660,inter
W2248723555,inst
W2248800885,inter
W2248871425,inter
W2249200448,inter
W2249264440,inter
W2249344705,inter
W2249488545,inter
W2249773824,inter
W2250079085,inter
W2250104407,inter
W2250246523,inter
W2250539671,top tier
W2250547025,inter
W2250570571,inter
W2250644439,inter
W2250646737,inter
W2250716345,inter
W2250735309,inter
W2250854801,inter
W2250917766,uni
W2251030241,inter
W2251049886,inter
W2251149243,inst
W2251201284,inter
W2251236187,inter
W2251512949,inter
W2251515707,inter
W2251549458,uni
W2251803266,inter
W2251819862,inter
W2251845254,inter
W2251855842,inter
W2251908874,inter
W2251919380,inter
W2251929578,inter
W2252007067,inter
W2252008832,inter
W2252156092,inter
W2252168276,inter
W2252238675,inter
W2252617635,inst
W2252713824,inter
W2252975833,inst
W2253314417,inter
W2253605250,uni
W2253709148,inter
W2253807446,inst
W2253889537,inter
W2253935333,inter
W2254026976,inter
W2254039850,inter
W2254075100,inter
W2254195300,inter
W2254218369,inter
W2254294751,inter
W2254509984,inter
W2254652002,inter
W2254686952,inter
W2255120320,inter
W2255388164,inter
W225560312,inter
W2255986463,inter
W2256042410,inter
W2256067809,inter
W2256362396,inter
W2257664550,inter
W2257923521,inter
W2257937122,inter
W2257971564,inter
W2257979135,top tier
W2258316306,inter
W2258443264,inter
W2258484932,inst
W2258702702,inter
W2258784112,inter
W2258942129,inter
W2259111169,inter
W2259160646,inter
W2259289169,inter
W2259392876,inter
W2259561461,inter
W2259769826,inter
W2259775351,inter
W2259822195,inter
W2260170566,inter
W2260783129,inter
W2260859552,inter
W2260865033,inter
W2260884933,inter
W2261233885,inter
W2261357334,inter
W2261532790,inter
W2261652123,inter
W2261811080,inter
W2262174858,inst
W2262341130,inter
W2262390119,inter
W2262504769,inter
W2262579654,inter
W2263218097,inst
W2263512615,inter
W2263513877,inter
W2264076065,inter
W2264309794,inter
W2264425389,inter
W2264466972,inst
W2264703319,inter
W2264709743,inter
W2264711506,inter
W2264893748,uni
W2265018319,inter
W2265023603,inter
W2265061089,inter
W2265181252,uni
W2265356345,inter
W2265407809,inter
W2265701153,inst
W2265744594,inter
W2265747911,inter
W2265842831,inter
W2265995524,inter
W2266096763,inter
W2266146385,inter
W2266242722,inter
W2266728343,inter
W2266815376,inter
W2266822037,inter
W2267186426,inter
W2267244539,inter
W2267384021,inst
W2267573953,inst
W2267701438,inter
W2267725681,inst
W2267727210,inter
W2267945123,inter
W2268188661,inter
W2268346118,inter
W2268702383,inst
W2269011705,inter
W2269149906,inst
W2269306961,inter
W2269371072,inter
W2269682942,inter
W2269706382,inter
W2269720468,inter
W2269758193,inter
W2269778407,inst
W2269878230,inter
W2270147915,inter
W2270185624,inter
W2270206726,inter
W2270296902,inter
W2270423577,inter
W2270470215,inter
W2270657321,inter
W2270674160,inter
W2270754115,inter
W2271300262,inter
W2271464269,inst
W2271578546,inter
W2271655448,inter
W2271771779,inter
W2272241266,inter
W2272300165,inter
W2272368399,inter
W2272618361,inter
W2273088453,inter
W2273428730,inter
W2273440736,inter
W2273589763,inter
W2273595038,inter
W2273675851,inst
W2273765430,inter
W2273879208,inter
W2273972347,inter
W2273992975,inter
W2274072841,uni
W2274233302,inter
W2274287116,inter
W2274312341,inter
W2274519986,inter
W22745672,top tier
W2274609711,inter
W2274744211,inter
W2274853526,inter
W2275015310,inter
W2275056699,inst
W2275239083,inst
W2275363859,inter
W2275365310,inst
W2275418905,inter
W2275470676,inter
W2275572593,uni
W2275630370,inst
W2275661133,inter
W2275727258,inter
W2275811363,inter
W2276020317,inter
W2276268482,inter
W2276486856,inst
W2276621164,inter
W2276797782,inter
W2276802311,inter
W2276818436,inter
W2276839489,inter
W2276937105,inter
W2276955153,uni
W2277022887,inter
W2277080772,inter
W2277128570,inter
W2277163753,inter
W2277195237,inst
W2277202671,inter
W2277203344,inter
W2277498883,inter
W2277541508,inter
W2277760445,inter
W2277846859,inter
W2277882912,inter
W2277984344,uni
W2278052651,inter
W2278079406,inter
W2278186031,inter
W2278489475,inter
W2278727422,inter
W2278889731,inter
W2279161046,inter
W2279176836,inter
W2279338534,inter
W2279424164,inter
W2279486887,inter
W2279588110,inter
W2279713864,inter
W2279729589,inter
W2279820895,inter
W2279964071,inter
W2280033188,inter
W2280226538,inter
W2280309234,inter
W2280351290,inter
W2280486853,inter
W2280620570,inter
W2280716342,inter
W2280837843,inter
W2281024414,inter
W2281063384,inter
W2281172929,inter
W2281279837,inter
W2281375574,uni
W2281536933,inter
W2281554188,inst
W2281571936,inter
W2281702696,inter
W2281744908,uni
W2281763613,inter
W2281821379,inter
W2281857943,inst
W2282072787,inter
W2282186389,inter
W2282203674,inter
W2282204524,inter
W2282289695,inter
W2282748288,uni
W2282819945,inter
W2282821441,top tier
W2282836142,inter
W2282866165,inst
W2282928421,inst
W2282971418,inter
W22831093,inter
W2283380294,uni
W2283492988,inst
W2283500282,inter
W2283534560,inter
W2283589440,uni
W2283715726,inter
W2283717164,inter
W2283826724,inter
W2283878417,inter
W2283879387,inter
W2283991061,inter
W2284033649,inter
W2284074706,inter
W2284154698,inter
W2284241803,inter
W2284330674,inter
W2284351912,inter
W2284424653,inter
W2284671372,inter
W2284904477,inter
W2285000253,inter
W2285138685,inter
W2285182995,inter
W2285257517,inter
W2285296884,inst
W2285512060,inter
W2285660444,inst
W2285762523,inter
W2286007337,inter
W2286396437,inter
W2286655808,inst
W2286727787,inter
W2286850569,inter
W2287094062,inter
W2287222344,uni
W2287294391,inst
W2287521964,inter
W2287558205,inter
W2287652005,inter
W2287654067,inter
W2287783486,inter
W2287814884,inter
W2287855069,inst
W2287866429,inter
W2287948962,inst
W2287992105,inst
W2288074780,inter
W2288086126,inter
W2288122362,inter
W2288265821,inter
W2288283395,inter
W2288285305,inter
W2288288427,inter
W2288381231,inter
W2288408272,inter
W2288514685,inter
W2288621960,inter
W2288883909,inst
W2288895205,inter
W2288975584,inter
W2289086181,inter
W2289142302,uni
W2289178885,inst
W2289200285,inter
W2289252105,inst
W2289264398,inter
W2289326815,inter
W2289330972,inter
W2289384004,inter
W2289533818,inter
W2289540266,inter
W2289708887,inst
W2289772031,inter
W2289947061,inter
W2289957960,inter
W2290144871,inter
W2290174367,inter
W2290195065,inter
W2290306560,inter
W2290318306,inter
W2290345546,inter
W2290349115,inter
W2290476777,inter
W2290548146,inter
W2290725863,inter
W2290764466,inter
W2290790037,inter
W2290797118,inst
W2290852178,inter
W2290908122,inter
W2290968742,inter
W2291136386,inter
W2291264904,inter
W2291266661,uni
W2291410988,inter
W2291422229,inst
W2291427837,inter
W2291486720,inter
W2291506047,uni
W2291532640,inter
W2291533986,inter
W2291611448,inter
W2291615154,inter
W2291696949,inter
W2291773705,inter
W2291823293,inter
W2292121330,inter
W2292198035,inter
W2292232452,inst
W2292305681,inter
W2292342411,inter
W2292526792,inst
W2292538741,inter
W2292751661,inter
W2292862470,inst
W2292929658,inst
W2292932617,inter
W2293028122,inter
W2293081058,inter
W2293105860,inter
W2293112448,inter
W2293147142,inter
W2293156285,inter
W2293205564,inter
W2293236424,inter
W2293269560,inter
W2293274942,inter
W2293303474,inter
W2293322640,inter
W2293332611,inter
W2293350398,inter
W2293358747,inter
W2293612247,inter
W2293613354,inst
W2293619200,inst
W2293620895,inter
W2293628724,inter
W2293633413,uni
W2293636571,inter
W2293659172,inter
W2293672506,inter
W2293675996,inter
W2293708794,inter
W2293710962,inter
W2293721767,uni
W2293726547,inter
W2293747016,inter
W2293768274,inter
W2293780432,uni
W2293814722,uni
W2293824885,inst
W2293881818,inter
W2293883304,inter
W2293883387,inter
W2293924895,inter
W2293980958,inst
W2293983223,inter
W2294001023,uni
W2294049595,inter
W2294053032,inter
W2294059674,inter
W2294168344,inter
W2294189349,inter
W2294216610,inter
W2294223532,inter
W2294230307,inter
W2294240260,inter
W2294280119,inter
W2294301821,inter
W2294353680,inter
W2294370754,inter
W2294379803,inter
W2294414102,inter
W2294437627,uni
W2294439931,inter
W2294459794,inter
W2294467502,inter
W2294467837,inter
W2294494167,inter
W2294585778,inter
W2294641597,inter
W2294654473,inter
W2294778980,inter
W2294782916,inter
W2294819727,inter
W2294834600,inter
W2294916050,inter
W2294934420,inter
W2295008513,inter
W2295034158,inst
W2295038166,inter
W2295040084,uni
W2295084568,inter
W2295107390,inter
W2295120904,inter
W2295132028,inter
W2295147941,inter
W2295155381,inst
W2295195754,inter
W2295280144,inter
W2295285779,inter
W2295337027,inter
W2295340397,inter
W2295416969,inst
W2295445672,inst
W2295537950,inter
W2295545064,inter
W2295561353,inter
W2295585256,inter
W2295585843,uni
W2295594159,inter
W2295598076,top tier
W2295641746,inter
W2295661697,inter
W2295680811,inter
W2295738639,inter
W2295756080,inter
W2295765669,inter
W2295766016,uni
W2295782423,uni
W2295791983,inter
W2295850614,inter
W2295857107,inter
W2295874103,uni
W2295936755,inter
W2295976020,inter
W2295991281,inter
W2296006986,inter
W2296019723,inter
W2296047566,inter
W2296053817,inter
W2296059279,inter
W2296125569,inter
W2296151615,inter
W2296151933,uni
W2296154301,inst
W2296194829,inst
W2296237247,inter
W2296277371,inter
W2296328808,inter
W2296335794,inter
W2296381359,inter
W2296385829,inter
W2296387283,inter
W2296389196,inter
W2296399167,inter
W2296426583,inter
W2296440556,inter
W2296467253,inter
W2296473472,inter
W2296489817,inter
W2296490796,inter
W2296505866,inter
W2296539003,inst
W2296542999,inter
W2296622533,inter
W2296629652,inter
W2296635505,inter
W2296689450,inter
W2296719434,inst
W2296723134,inter
W2296746030,uni
W2297020927,inter
W2297172695,inter
W2297176710,inter
W2297325673,inter
W2297419069,inter
W2297435753,inter
W2297659249,inter
W2297720648,inst
W2297764176,inter
W2298051189,inter
W2298219903,inter
W2298261874,inst
W2298275666,inter
W2298440307,inter
W2298445842,inter
W2298865080,inter
W2298866303,inter
W2298938615,inter
W2299255835,inter
W2299400169,inst
W2299470528,inter
W2299565249,inter
W2299670543,inter
W2299696796,inter
W230004097,inter
W2300502530,inter
W2300674980,inter
W2300687442,inter
W2300781102,inter
W2300813249,inter
W2300834733,inter
W2301191122,inter
W2301195638,inter
W2301316023,inst
W2301357520,inst
W2301358467,inter
W2301420365,inter
W2301424859,inter
W2301476117,inst
W2301541953,inter
W2301625241,inter
W2301673185,inter
W2301674608,inter
W2301703807,inter
W2301799503,inter
W2301937176,inst
W2301943589,inter
W2301971636,inter
W2302016573,inter
W2302086703,inter
W2302120603,inter
W2302184681,inter
W2302241271,inter
W2302302587,inter
W2302413119,inter
W2302424742,inter
W2302501749,top tier
W2302502886,inter
W2302644763,inter
W2302887886,inst
W2303150383,inter
W2303304142,uni
W2303574966,inter
W2303891871,inter
W2303901840,inter
W2304110101,inter
W2304245051,uni
W2304366700,uni
W2304813646,inter
W2304996025,inst
W2305293558,inter
W2305569075,inter
W2305644822,inter
W2305696339,uni
W2306067489,inter
W2306187954,inter
W2306432270,inter
W2306447822,inter
W2306597976,inter
W230663966,inter
W2306698359,inter
W2306954943,inter
W2307056103,inter
W2307232976,inter
W2307316169,inter
W2307413210,inter
W2307425316,inter
W2307523691,inter
W2307763673,inter
W2308045930,inter
W2308387397,inter
W2308507486,inter
W2308522195,inter
W2308837722,inter
W2309138190,inter
W2309255387,inter
W2309305620,inter
W2309528451,inter
W2309561466,inter
W2309623073,inter
W2309746332,inter
W2309783448,inter
W2309805040,inter
W2310111693,inter
W2310695943,inter
W2310992461,inter
W2311012102,inter
W2311104802,inter
W2311157666,inter
W2311236754,inter
W2311338231,inter
W2311523351,inter
W2311583773,inter
W2311697578,inter
W2311710622,inter
W2311807148,inst
W2312004824,inter
W2312404985,inter
W2312431156,inst
W2312461718,inter
W2312470061,inter
W2312474531,inter
W2313339914,uni
W2313477965,inter
W2313511410,inter
W2313766422,inter
W2313779301,inter
W2313837655,inter
W2313912355,inter
W2313913955,inter
W2313953460,inter
W2314013519,inter
W2314029052,inter
W2314098828,inter
W2314164187,inter
W2314166746,inter
W2314187005,inter
W2314240865,inter
W2314626150,inter
W2314627612,inter
W2314627715,inst
W2314681726,uni
W2314836240,inter
W2314979795,inter
W2315064349,inter
W2315108756,uni
W2315262035,inter
W2315350509,inter
W2315385127,inter
W2315410490,inter
W2315627280,inter
W2315795831,inter
W2315817934,inter
W2315860222,inter
W2315893942,inter
W2315975036,inter
W2316046929,inter
W2316109659,inter
W2316140502,inter
W2316202953,inter
W2316252271,inter
W2316299058,inter
W2316303256,inst
W2316339787,inter
W2316377833,inter
W2316410352,inter
W2316423621,inter
W2316478175,inter
W2316533333,inter
W2316620683,inter
W2316621983,inter
W2316690834,inter
W2316728550,inter
W2316806501,inter
W2316832425,inter
W2316833121,inter
W2317012956,inter
W2317052723,inter
W2317344783,inter
W2317348064,inter
W2317467438,inter
W2317496255,inter
W2317522912,inter
W2317618381,inter
W2317643927,inter
W2317647934,inter
W2317724845,inter
W2317785872,inter
W2317800121,inter
W2317805488,inter
W2317848211,inst
W2317965018,inter
W2318012141,inter
W2318145034,inter
W2318394658,inter
W2318528271,inter
W2318550784,inter
W2318611737,inter
W2318684976,uni
W2318781916,inter
W2318782237,inter
W2318863627,inter
W2318870884,inter
W2318927583,inter
W2318959120,inter
W2319200399,inter
W231930959,inter
W2319396036,inter
W2319396874,inter
W2319452873,inter
W2319453305,inst
W2319524153,inter
W2319561215,inter
W23196306,uni
W2319660501,inter
W2319759828,inter
W2319794630,inter
W2319807021,inter
W2319809716,inst
W2319824271,inter
W2319893690,inter
W23200471,inter
W2320134506,inst
W2320198223,inter
W2320204756,inter
W2320234922,inter
W2320470009,inter
W2320599995,inter
W2320602732,inter
W2320652858,inter
W2320671398,inter
W2320725294,inter
W2320769355,inter
W2320786982,inter
W2320862726,inter
W2320866052,inter
W2320953595,inter
W2320967067,inst
W2321151770,inst
W2321486106,inter
W2321496009,inter
W2321627895,inst
W2321709480,inter
W2321801529,inter
W2321886673,inter
W2322112093,inter
W2322132911,inter
W2322360480,inter
W2322480514,inter
W2322622188,inter
W2322633051,inter
W2322798958,inter
W2322815201,inst
W2322956379,inter
W2322983112,inter
W2323006395,inter
W2323100677,inter
W2323233840,inst
W2323236226,inter
W2323252543,inter
W2323304991,inter
W2323605167,inter
W2323728425,inter
W2323737585,inst
W2323770312,inter
W2323807677,inter
W2323909273,inter
W2323970307,inter
W2324073409,inter
W2324130102,inter
W2324223338,inter
W2324464293,inter
W2324502852,inter
W2324519765,inter
W2324628269,inter
W2324695044,inter
W2325017600,inter
W2325052513,inter
W2325064798,inter
W2325227998,top tier
W2325246106,inter
W2325259434,inst
W2325284320,inst
W2325357042,inter
W2325538041,inst
W2325596965,inter
W2325821398,inter
W2325939864,inst
W2326028551,inter
W2326077701,inter
W2326096805,inst
W2326180695,inst
W2326240252,inter
W2326423856,inter
W2326440292,inter
W2326860917,inter
W2326876468,inter
W2326944767,inter
W2326965785,inter
W2327023503,inter
W2327091000,inter
W2327160079,inst
W2327179482,inter
W2327315803,inter
W2327366333,inter
W2327381789,inter
W2327471624,inter
W2327501763,inst
W2327502233,inter
W2327525319,inter
W2327531525,inst
W2327581403,inter
W2327620174,inter
W2327720696,inter
W2327951994,inter
W2327989455,inter
W2328067583,inst
W2328139895,inter
W2328376470,inter
W2328600319,uni
W2328749379,inst
W2328763474,inter
W232876404,inter
W2328784224,inter
W2328848613,inter
W2328963684,inter
W2329015942,inter
W2329102331,inter
W2329201923,inter
W2329281378,inter
W2329416544,inter
W2329434622,inter
W2329438037,inter
W2329582438,inter
W2329754383,inter
W2329795475,inter
W2329826697,inter
W2329835557,inter
W2329958935,inst
W2330266420,inst
W2330329470,inter
W2330747182,inter
W2330820318,top tier
W2330860722,inter
W2330958039,inter
W2331034599,inter
W2331038011,inter
W2331063519,inter
W2331087366,inter
W2331241144,inter
W2331376423,inter
W2331637764,inter
W2331771151,inter
W2331855851,inter
W2331953275,inter
W2331959320,inter
W2332048260,inst
W2332104953,inter
W2332123269,inter
W2332131368,inter
W2332163135,inter
W2332175535,inter
W2332255534,inter
W2332265223,inter
W2332353648,inter
W2332400373,inter
W2332435986,inter
W2332445018,inter
W2332489861,inter
W2332532555,inter
W2332535989,inter
W2332597775,inst
W2332660196,inter
W2332668568,inst
W2332797094,inter
W2332836685,inter
W2332954388,inter
W2333029654,uni
W2333074534,inter
W2333075008,inter
W2333111583,inter
W2333197503,inter
W2333372664,inter
W2333527567,inter
W2334327389,inter
W2334409269,inter
W2334493732,inter
W233453353,inter
W2334763311,inter
W2334842536,inter
W2335077260,inter
W2335170389,inter
W2335223849,inst
W2335469959,inter
W2335481001,inter
W2335546852,uni
W2335685817,inter
W2335728318,top tier
W2335787378,inter
W2335799536,uni
W2335835108,inst
W2335962742,inter
W2336234623,inter
W2336429628,inter
W2336486726,inter
W2336509789,inter
W2336566325,inter
W2336589871,inter
W2336590198,inter
W233671965,inter
W2336835464,inter
W2336867082,inter
W2336937326,inter
W2337093093,inter
W2337104567,inter
W2337166112,uni
W2337261827,uni
W2337273834,inter
W2337287714,inter
W2337343765,inst
W2337392139,inter
W2337392266,inter
W2337396519,inter
W2337453828,inter
W2337508203,inter
W2337653519,inter
W2337682460,inter
W2337713097,inst
W2337788193,inst
W2337929034,inter
W2338037230,inter
W2338216456,inter
W2338227759,inst
W2338257905,inter
W2338264615,inter
W2338271170,inst
W2338292334,inter
W2338349198,inst
W2338467243,inter
W2338517121,inter
W2338573124,inter
W2338665915,inter
W2338768414,inter
W2338791852,inter
W2338862072,inter
W2338941390,inter
W2339009915,inter
W2339109141,inter
W2339129058,inter
W2339166966,inter
W2339172515,inter
W2339183141,top tier
W2339219596,inter
W2339289593,inter
W2339562433,inter
W2339622417,inter
W2339680107,inter
W2339765813,inst
W2339802588,inter
W2339805410,inter
W2339829457,inter
W2339885376,inst
W2339900197,inter
W2339979696,inter
W2340079414,inter
W2340091034,inter
W2340260419,inter
W2340355507,inter
W2340427832,inter
W2340478949,inter
W2340486515,inter
W2340530615,inst
W2340597070,inter
W2340622231,inter
W2340721861,inter
W2340819438,inter
W2340828185,inter
W2340886424,inter
W2340896621,inst
W2340897893,top tier
W2341058432,inter
W2341232870,inter
W2341318667,inter
W2341443489,inter
W2341528187,inter
W2341535507,inter
W2341588884,inst
W2341629100,inter
W2341655714,inter
W2341670955,inter
W2341677708,inter
W2341744633,inter
W2341787181,inst
W2341787873,inter
W2341808083,inter
W2341857182,inter
W2341864083,inter
W2341871820,inter
W2341914330,inst
W2342028386,inter
W2342045095,inter
W2342071606,inter
W2342084405,inter
W2342167220,inter
W2342229093,inter
W2342242867,inst
W2342249984,top tier
W2342323445,inter
W2342365892,inter
W2342391674,inter
W2342408547,inter
W2342444762,inter
W2342472580,inter
W2342476115,inter
W2342496067,inter
W2342514857,inter
W2342543219,inter
W2342553574,inter
W2342603028,inter
W2342611082,inter
W2342662179,inst
W2342732318,inter
W2342740937,uni
W2342783452,inter
W2342792048,inter
W2342821505,inter
W2342835703,inter
W2342867403,inter
W2342905231,inter
W2342920167,inter
W2342935467,inter
W2342988265,inter
W2343052201,inst
W2343061342,inst
W2343114520,inter
W2343137660,inter
W2343148021,inter
W2343171314,inter
W2343213531,inter
W2343241637,inter
W2343272106,inter
W2343359588,inter
W2343394908,inter
W2343396275,inter
W2343420905,inter
W2343421380,inter
W2343421484,inter
W2343514605,inst
W2343528117,inter
W2343538158,inter
W2343600396,inst
W2343601797,inter
W2343614814,inter
W2343637459,inter
W2343702010,inter
W2343714644,inter
W2343760456,inter
W2343785685,inter
W2343859580,inst
W2343882994,inter
W2344026338,inter
W2344028003,inter
W2344034899,inter
W2344058806,inter
W2344058994,inter
W2344113890,inst
W2344114099,inter
W2344123677,inter
W2344305341,inter
W2344328023,inter
W2344332706,inter
W2344335967,inter
W2344372063,inter
W2344447357,inter
W2344454880,inter
W2344486660,inter
W2344492206,inst
W2344535803,inter
W2344541385,inter
W2344552554,inter
W2344594675,inter
W2344607369,inter
W2344619150,uni
W2344636624,inter
W2344716472,inter
W2344805947,inter
W2344806467,inter
W2344827915,uni
W2344845053,inst
W2344858100,inter
W2344867953,inter
W2344902543,inter
W2344924150,inter
W2344925345,inter
W2345022687,inter
W2345062947,inter
W2345070992,inter
W2345086198,uni
W2345110532,inter
W2345132233,inter
W2345184394,inter
W2345283274,inter
W2345395937,inter
W2345487231,inter
W2345496922,inter
W2345499740,inter
W2345557152,inter
W2345561840,inter
W2345581624,inter
W2345702771,inst
W2345842246,inter
W2345891197,inter
W2345891614,inter
W2345986964,inter
W2346047936,inter
W2346075874,inter
W2346106470,inter
W2346127545,inter
W2346169715,inter
W2346181637,inter
W2346219687,inter
W2346345466,inter
W2346367588,inter
W2346438296,inter
W2346626577,inter
W2346695464,inter
W2346710580,inter
W2346714907,inter
W2346812035,inter
W2346885879,inst
W2346985415,inter
W2346994564,inter
W2347009410,inter
W2347015654,inter
W2347028904,inter
W2347042489,inst
W2347101856,inter
W2347157794,inter
W2347880541,inter
W2348395997,inst
W2349317704,inter
W2349492437,inter
W2350091047,uni
W2350778671,inter
W2350960778,uni
W2350991510,inter
W2353169560,inter
W2353257644,inter
W2355577319,inter
W235732098,inter
W2357815549,inter
W2357927175,inst
W2357955086,inter
W236054775,inter
W2362803220,inter
W2364255476,uni
W2364341877,inter
W2371227879,inter
W2371709957,inter
W237364718,inst
W23742303,inter
W2376327285,inter
W2377647063,inter
W2378185972,inter
W2378619537,inter
W2379870901,inter
W2380215462,inter
W2380581874,inter
W2381296572,inter
W2381353043,inter
W2382313035,inter
W2383308760,inter
W2383777945,inter
W2384622555,inter
W2385227,inter
W2385831248,inter
W2387046089,inter
W2387597703,inter
W2387756251,inter
W2388114291,inst
W2388245502,inst
W2392113277,inter
W2392395307,inter
W239283595,inter
W2393319904,inst
W2393384312,inter
W2393444374,inter
W2393612756,uni
W23937332,inter
W2394115245,inter
W2394226702,uni
W2394614106,inter
W2394788533,inter
W2394843433,inter
W2394918613,inst
W2394923207,inter
W2394933259,inst
W2394957549,inst
W2394970111,inter
W2395070421,inter
W2395123632,inter
W2395274837,inter
W2395435596,inter
W2395611524,inst
W2395619480,inter
W2395654457,inter
W2395707931,inter
W2395709053,inter
W2395731689,inter
W239595814,inter
W2396078029,inter
W2396147409,inter
W2396176587,inter
W2396194837,inter
W2396235019,inter
W2396252981,inst
W2396267877,inter
W2396464621,uni
W2396496669,inter
W2396538707,inter
W2396571135,inter
W2396622801,inst
W2396672726,inter
W2396724005,inter
W2396804793,uni
W2396813504,inter
W2396867696,inter
W2396903734,inter
W2396913505,inst
W2396976214,inter
W2397023066,inter
W2397117500,inter
W2397200767,inter
W2397253692,inst
W2397340457,inter
W2397371488,inter
W2397579066,inter
W2397580507,inter
W2397605577,inter
W2397682354,inter
W2397723600,inter
W2397728357,inter
W2397751796,inter
W2398019595,inter
W2398118205,inter
W2398351730,inter
W2398354233,inter
W2398484989,inter
W2398500126,inter
W2398789413,inter
W2398835431,inter
W2398865593,inter
W2398921440,inter
W2398936633,inter
W2398955029,inter
W2399082837,inter
W2399083740,inter
W2399132517,inter
W2399266824,inst
W2399306297,inter
W2399411671,inter
W2399429427,inter
W2399452755,inter
W2399536524,inter
W2399630835,inst
W2399640952,inter
W239964209,inter
W2399682466,inter
W2399715892,inter
W2399831166,inter
W2399891510,inter
W2399932691,inter
W2399975186,inter
W2400049964,inter
W2400268942,inter
W2400287774,inter
W2400290919,inter
W2400508622,inter
W2400528202,inter
W2400700555,inter
W2400710572,inter
W2400969690,inter
W2401023847,inst
W2401100877,inter
W2401154299,inter
W2401196157,inter
W2401258970,inter
W2401310007,inter
W2401341652,inter
W2401383085,inter
W2401444108,inter
W2401457061,inter
W2401457948,inter
W2401520370,inter
W2401536251,inter
W2401693723,inst
W2401841443,inter
W2401914642,inter
W2401975297,inter
W2401982790,uni
W2401999504,inter
W2402007405,inter
W2402048615,inter
W2402075193,inter
W2402144811,inter
W2402147878,inter
W2402180077,inter
W240219796,inter
W2402258564,inter
W2402296188,inter
W2402323313,inter
W2402391939,inter
W2402531106,inter
W2402548350,inter
W2402652555,inter
W2402659155,inter
W2402661097,inter
W2402702712,uni
W2402837895,inter
W2402841641,inter
W2402857500,inst
W2402901296,inter
W2402929825,inst
W2402930152,inter
W2402958797,inter
W2402964572,inter
W2402980768,inter
W2403062601,inter
W2403087068,inter
W2403089413,inter
W2403117493,inter
W2403249872,inter
W2403325839,inter
W2403368577,inter
W2403532211,inter
W2403548643,inter
W2403662162,inter
W2403711553,inter
W2403909305,inter
W2403945119,inter
W2404019208,inter
W2404019434,inter
W2404126570,inter
W2404283810,inter
W2404437241,inter
W2404458270,inter
W2404459885,inter
W2404475625,inter
W2404696582,inst
W2404720773,inter
W2404791952,inst
W2404963570,inst
W2405003741,inter
W2405073230,inter
W2405223529,inter
W2405274037,inter
W2405324591,inter
W2405578611,inter
W2405763943,inter
W2405794916,inter
W2405883473,inter
W2406102681,inter
W2406196141,inter
W2406212790,uni
W2406222150,inter
W2406388223,inter
W2406415242,inter
W2406565198,inter
W2406638278,inter
W2406721896,inter
W2406876270,inter
W2407024745,inter
W2407362600,inter
W2407451098,inter
W2407461302,inter
W2407561938,inter
W2407616923,inter
W2407639567,inter
W2407669783,inter
W2407701912,inter
W2407753303,inter
W2407804532,inter
W2407845667,inter
W2407879741,inst
W2407929794,inter
W2407964224,inter
W2408008343,inst
W2408090783,inter
W2408119291,inter
W2408224810,inter
W2408384808,inter
W2408467190,inst
W2408565094,inter
W2408592723,inst
W2408706450,inter
W2408965753,inter
W2409050142,inter
W2409065611,inter
W2409098602,inter
W2409298240,inst
W2409389655,inter
W2409437973,inter
W2409470256,inter
W2409546936,inter
W2409549983,inter
W2409658426,inter
W2409697880,inter
W2409805034,inter
W2409822643,inter
W2410041922,inter
W2410111246,inter
W24103633,inter
W2410374670,uni
W2410411432,inter
W2410565284,inter
W2410743230,inter
W2410750382,inter
W2410807300,inst
W2410846838,inter
W2410887582,inst
W2410968923,inter
W2411061461,inter
W2411063280,inter
W2411282835,inter
W2411385775,inter
W2411555461,inst
W2411700280,uni
W2411707397,inter
W2411836747,inter
W2411885377,inter
W2412002662,inter
W2412101011,inter
W2412174338,inter
W2412322763,inter
W2412440871,inst
W2412446857,inter
W2412479940,inter
W2412509443,inter
W2412558220,inst
W2412588985,inter
W2412639483,inter
W2412782625,top tier
W2412815453,inter
W2412846792,inter
W2413186223,inter
W2413202399,inter
W2413210829,inter
W2413347707,inter
W2413484043,inter
W2413641397,inter
W2413721853,inter
W2413794162,inter
W2414061678,inter
W2414114959,inst
W2414703413,inter
W2414876472,inter
W2415078344,inter
W2415243320,inter
W2415469094,inter
W2415553453,inter
W2415637909,inter
W2415825185,inter
W2415856871,inter
W2416075718,inter
W2416138378,inter
W2416140524,inter
W2416267221,inter
W2416292407,inter
W2416514825,inter
W2416529140,inter
W2416610140,inter
W2416707598,inter
W2416799949,inter
W2417173111,inter
W2417429787,inter
W2417716951,inter
W2418033038,inter
W2418213296,inter
W2418218936,inter
W2418233671,inter
W2418499713,inter
W2418519490,inter
W2418633638,inter
W2418674135,inter
W2418706253,inter
W2418753625,inter
W2418757094,inter
W2418776450,inter
W2418958843,inst
W2418982183,inter
W2419034429,inter
W2419507445,inter
W2419529601,inter
W2419609441,inter
W2421250929,inter
W2421253313,inter
W2421469926,inter
W2421475762,inst
W2422023563,inter
W2422063225,inter
W2422305492,inst
W2422865669,inter
W2423030827,inter
W2423784265,inter
W2424100618,inter
W2424629859,inter
W2424693453,inter
W2424766119,inter
W2425029610,inter
W2425051923,inter
W2425121537,inter
W2425754176,uni
W2426209670,inst
W2426417479,inter
W2426479676,inter
W2427312773,inter
W2427881153,inter
W2427984802,inter
W2428169085,inst
W2428180336,inter
W242877468,inter
W2431193117,inter
W2431335693,inter
W2431397400,inter
W2431414725,inter
W2431517476,inter
W2431630167,inter
W2431675780,inter
W2431874326,inter
W2431931973,inter
W2432402544,inst
W2432950072,inter
W2432964524,inter
W2432974947,inter
W2433217581,inst
W2433280216,inter
W2433801021,inter
W2434182820,inter
W2434782124,inter
W2434948764,inter
W2435251607,inter
W2435393834,inter
W2435606122,inst
W2435778079,inter
W2436712907,inter
W2437041077,inter
W2437668457,inter
W2438962998,inter
W2439280908,inter
W2439498752,inter
W2439536119,inter
W2439611181,inter
W2439650069,inst
W2440025422,inter
W2440598369,inst
W2440899416,inst
W2441043183,inter
W2441198140,inter
W2441255125,inst
W2441611156,inter
W2442293398,inst
W2442359302,inter
W2442626797,inter
W2442715079,inter
W2442806290,inter
W2442974303,inter
W2443352794,inter
W2443832241,inter
W2443846596,inter
W2443862921,inst
W2444163375,inst
W2444646639,inter
W2444690946,inter
W2460086402,inter
W2460106254,inst
W2460247104,inter
W2460461231,inter
W2460470859,inter
W2460492485,inter
W2460626978,inter
W2460847700,inter
W2460849547,inter
W2460852148,inst
W2460877495,inter
W2460959228,inter
W2460965380,inter
W2461027160,inter
W2461086877,inst
W2461090383,inter
W2461102141,inter
W2461158874,inter
W2461256234,inter
W2461378669,inter
W2461410579,uni
W2461455396,inter
W2461475181,inter
W2461475918,inter
W2461531175,uni
W2461705298,inter
W2461725797,inter
W2462026904,inter
W2462029449,inter
W2462457117,inter
W2462522213,inter
W2462557479,inter
W2462625002,inter
W2462665076,inter
W2462816224,inter
W2462996230,inst
W2463012949,inst
W2463036497,inter
W2463071499,inter
W2463089998,inter
W2463195734,inter
W2463262261,uni
W2463357960,inter
W2463402750,inst
W2463470988,inter
W2463472390,inter
W2463574464,inter
W2463598282,inter
W2463629024,inter
W2463786126,inter
W2463887153,inter
W2463915071,inst
W2464000876,uni
W2464026376,inter
W2464107291,inter
W2464194404,inter
W2464197990,inter
W2464308330,inter
W2464340264,inter
W2464503653,inter
W2464635803,inter
W2464710561,inter
W2464749307,inter
W2464915613,inter
W2464985573,inter
W2465101451,inter
W2465152470,inter
W2465221689,inter
W2465297109,inter
W2465313502,inter
W2465377231,inter
W2465488276,inter
W2465570449,inter
W2465581670,inter
W2465884369,inter
W2465932600,inter
W2465968278,inter
W2466114631,inter
W2466194434,inst
W2466284997,inter
W2466304579,inter
W2466344985,uni
W2466393651,inter
W2466497313,inter
W2466611277,inter
W2466618734,inter
W2466695848,inter
W2466766312,inter
W2466775434,inter
W2466817430,inter
W2466837237,inter
W2466939964,inter
W2466951670,uni
W2467139031,inter
W2467173223,inter
W2467181293,inter
W2467187082,inter
W2467263662,inst
W2467274861,inter
W2467281799,inter
W2467325716,inter
W2467391961,inter
W2467494105,inter
W2467505372,inter
W2467531333,inter
W2467570466,inst
W2467748160,inter
W2467794422,inter
W2467805177,inst
W2467827533,inter
W2467851685,inter
W2468114283,inter
W2468348601,inst
W2468361502,inter
W2468368736,inst
W2468539463,inter
W2468613048,inter
W2468613895,inter
W2468618434,inter
W246866768,inter
W2468875367,inter
W2468886016,uni
W2468951378,inter
W2469013827,inter
W2469031810,inter
W2469044795,inter
W2469060249,inter
W2469077056,inter
W2469094744,inter
W2469228190,inst
W2469305493,inter
W2469312016,inter
W2469365664,inter
W2469455946,inter
W2469469599,inter
W2469472510,inter
W2469486255,inter
W2469734051,inter
W2469745933,inst
W2469760695,inter
W2469819959,uni
W2469898024,inter
W2469938794,inter
W2470068081,inter
W2470139095,inter
W2470313091,inter
W2470456807,inter
W2470673105,inst
W2470699557,inter
W2470741238,inter
W2470843143,inter
W2470929368,inter
W2471038586,inter
W2471043726,inter
W2471073134,inter
W2471138382,inter
W2471143248,inst
W2471164860,inst
W2471222198,inter
W2471232847,inter
W2471272969,uni
W2471288191,inst
W2471297965,inter
W2471324813,inter
W2471353525,inst
W2471354298,inter
W2471471388,inter
W2471556897,inter
W2471581439,inter
W2471678645,inter
W2471695703,inter
W2471720700,inst
W2471733240,inter
W2471768434,inter
W2471775118,inter
W2471805269,inter
W2471806860,inter
W2471810144,uni
W2471820666,inter
W2471909057,inter
W2472044101,inter
W2472057509,inter
W2472082273,uni
W2472293097,inst
W2472333518,inter
W2472413865,inter
W2472490454,inter
W2472924031,inter
W2472948008,inter
W2472970127,inter
W2472999905,inter
W2473001210,inst
W2473031807,inter
W2473115824,inter
W2473172673,inter
W2473285914,inter
W2473343633,inter
W2473378471,inst
W2473418344,inter
W2473464331,inter
W2473542931,inter
W2473702707,inter
W2473848593,inter
W2473868734,inter
W2473930607,inter
W2474211219,inter
W2474224785,inst
W2474309084,inter
W2474389331,inter
W2474403477,inter
W2474409091,inter
W2474498303,inter
W2474552484,inter
W2474574787,inter
W2474624364,inter
W2474696542,inter
W2474780748,inter
W2475034985,inter
W2475143668,inter
W2475168403,inter
W2475242006,inter
W2475287302,inter
W2475435227,inter
W2475499499,inter
W2475755343,inter
W2475825269,inter
W2475840367,inst
W2476548250,inter
W2476624367,inter
W2476701528,inst
W2476839077,inter
W2477329675,inter
W2477824598,inter
W2478026606,inter
W2478227695,inter
W2478548411,inter
W2478640293,inter
W2478754258,inter
W2479024932,uni
W2479067323,inter
W2479170089,inter
W2479246885,inter
W2479510968,inter
W2479669449,inter
W2479866714,inst
W2480270182,uni
W2480611454,inter
W2480649850,inter
W2480963328,inter
W2481050413,inter
W2481167438,inter
W2481229733,inter
W2481271618,inter
W2481312167,inter
W2481590861,inter
W2481632256,inter
W2481670862,inter
W2481696877,inter
W2481838472,inter
W2481890694,inter
W2482127814,inter
W2482276862,inter
W2482277620,inter
W2482435033,inst
W2482445580,inter
W2482581235,inter
W2482678392,inst
W2483043954,inter
W2483188830,inter
W2483192650,inter
W2483369080,inter
W2483775066,inter
W2484160537,inter
W2484216985,inter
W2484645444,inter
W2484930447,inter
W2485080684,inter
W2485088577,inter
W2485276051,inter
W2485524656,inter
W2485579956,inst
W2485782856,inter
W2485930644,inter
W2485935441,inter
W2486225144,inst
W2486383946,inter
W2486610310,inter
W2486681239,inter
W2486740635,inter
W2486748279,inter
W2486791310,inter
W2486851555,inter
W2486880883,inter
W2487095677,inst
W2487227291,inst
W2487241349,uni
W2487354504,uni
W2487694981,inst
W2487711428,inst
W2487852963,inter
W2488113179,inter
W2488236012,inter
W2488247662,inter
W2488269320,inter
W2488424887,inter
W2488758040,inter
W2488936582,inter
W2489106039,inter
W2489114468,inter
W2489221610,inter
W2489707867,inter
W2489896216,inter
W2489929494,inter
W2490169957,inst
W2490578398,inter
W2491015902,inst
W2491066667,inter
W2491346245,inter
W2491707460,inter
W2491913380,inter
W2491928626,uni
W2492106958,inter
W2492205997,inter
W2492295191,inter
W2492309821,inst
W2492788800,inter
W2492824679,inter
W2493211292,inter
W2493248159,inter
W2493335716,inter
W2493468541,inter
W2493683088,inter
W2493727926,inst
W2493916176,inter
W2494236530,inter
W2494293532,inter
W2494811730,inter
W24948527,inter
W2495013813,inter
W2495138649,inter
W2495214509,inter
W2495944923,uni
W2495947746,inter
W2495949576,inter
W2496016750,inter
W2496221789,inter
W2496508069,inter
W2496525156,inter
W2496540200,uni
W2496860581,inter
W2496909361,inter
W2497173630,inter
W2497229379,inter
W2497337634,inter
W2497704935,inter
W2497738626,inter
W2497776616,inter
W2498128310,inter
W2498149730,inter
W2498163134,inter
W2498276117,inter
W2498418174,inter
W2498468936,inter
W2498789492,inter
W2498889477,inter
W2498962377,inter
W2499187042,inter
W2499431691,inter
W2499468060,inter
W2500009288,inter
W2500114993,inter
W2500120503,inter
W2500177451,inter
W2500429628,inter
W2500607701,uni
W2500630150,inter
W250076511,top tier
W2500787716,inter
W2500898769,inter
W2501188595,inter
W2501244995,inter
W2501608529,inst
W2501770979,inter
W2501889617,inter
W2502507885,inter
W2502587502,inter
W2502970747,uni
W2503204202,inter
W2503288456,inter
W2503564502,inter
W2503621054,inter
W2503697509,inter
W2504150216,inter
W2504226105,inter
W2504264036,inter
W2504389705,inter
W2504945316,inter
W2505030271,inter
W2505083078,inter
W2505199798,inter
W2505527539,inter
W2505598983,inter
W2505940229,inst
W2506658812,inter
W2506787821,inter
W250691366,inter
W2507015941,inter
W2507288794,inter
W2507296351,inst
W2507506703,inter
W2507583834,inter
W2507587187,inst
W2507785970,inter
W2507883628,inter
W2507911155,inter
W2507944307,inter
W2508015754,inter
W2508045367,uni
W2508078831,inter
W2508084359,inter
W2508225662,inter
W2508310662,uni
W2508350645,inter
W2508453802,inter
W2508457823,inter
W2508457857,inter
W2508521001,inst
W2508575958,inst
W2508578164,inter
W2508613954,inter
W2508641173,inter
W2508837377,inst
W2508875522,inter
W2508902623,inter
W2508912447,uni
W2508928295,inter
W2508945032,inter
W2509053658,inter
W2509065397,inter
W2509223312,inter
W2509261273,inter
W2509412998,inter
W2509460041,inter
W2509490957,inter
W2509712787,inst
W2509751523,inst
W2509784253,inter
W2509801725,inter
W2509870064,inter
W2509971128,inter
W2509987864,inter
W2509992319,inter
W2510034651,inst
W2510118038,inter
W2510224130,inter
W2510249351,inst
W2510258722,uni
W2510402644,inter
W2510418053,inter
W2510436000,inst
W2510507909,inter
W2510520237,inter
W2510612055,inter
W2510725918,inter
W2510806995,uni
W2510863276,inter
W2510926985,inter
W2510965617,inter
W2511044583,inter
W2511175644,inter
W2511274580,inter
W2511336704,inter
W2511349873,inter
W2511349875,inter
W2511353375,inter
W2511376347,inter
W2511425482,inter
W2511437241,inter
W2511501910,inst
W2511634481,inter
W2511695033,inter
W2511701350,inter
W2511876377,inter
W2511925527,inter
W2511929605,inter
W2511933885,inst
W2511955955,inter
W2511974940,inter
W2511980134,inter
W2512032049,inst
W2512201415,inst
W2512274390,inter
W2512290548,inter
W2512304460,uni
W2512309946,inter
W2512434173,inter
W2512450221,inter
W2512482484,inter
W2512496029,inter
W2512506745,inter
W2512546533,inter
W2512567073,inter
W2512575065,inter
W2512746579,inter
W2512825584,inter
W2512877821,inter
W2513055681,inter
W2513093253,inter
W2513096262,inter
W2513102468,inter
W2513138273,inter
W2513186208,inter
W2513271672,inter
W2513292652,inter
W2513297126,inter
W2513301369,inter
W2513378248,inst
W2513389159,inter
W2513468194,inter
W2513586865,inter
W2513636825,inter
W2513642240,inter
W2513653929,inter
W2513863019,inter
W2513867367,inter
W2513900365,inst
W2513969877,inter
W2514007069,inter
W2514029627,inter
W2514091133,inter
W2514121275,inter
W2514126643,inter
W2514143532,inter
W2514199088,inter
W2514331801,inter
W2514341538,inter
W2514536448,inter
W2514614919,inter
W2514622527,inter
W2514652111,inter
W2514728809,inter
W2514783951,uni
W2514791705,inter
W2514825801,inter
W2514881518,inter
W2514893051,inst
W2514997455,inter
W2515116636,inst
W2515138235,inter
W2515144511,inter
W2515159304,inter
W2515227998,inter
W2515328442,uni
W2515389788,inter
W2515462165,inst
W2515503816,inter
W2515680143,inter
W2515751428,inst
W2515813583,inter
W2516027932,inter
W2516083692,inter
W2516141709,inter
W2516196286,inter
W2516285306,inter
W2516304395,inter
W2516334389,inter
W2516341111,inter
W2516342150,inter
W2516404569,inter
W2516451551,inter
W2516544662,uni
W2516551528,inter
W2516563544,inter
W2516575313,inter
W2516667856,inter
W2516687723,inst
W2516707548,inter
W2516824273,inst
W251696437,inter
W2517041761,inter
W2517050053,inter
W2517066960,inter
W2517091044,inter
W251717167,inst
W2517193368,inter
W2517194566,inter
W2517268481,inter
W2517388038,inter
W2517400203,inter
W2517416606,inter
W2517500902,inter
W2517537544,inter
W2517540742,inter
W2517600007,inter
W2517647305,inter
W2517762729,inter
W2517796890,inter
W2517880252,inst
W2517933622,inter
W2517991028,inter
W2518001597,inst
W2518060702,inter
W2518152703,inter
W2518260411,inter
W2518267668,inter
W2518269878,inter
W2518287600,inter
W2518308108,inst
W2518425833,inter
W2518599539,inter
W2518638964,inter
W2518658597,inter
W2518674481,inter
W2518726554,inter
W2518772410,inter
W2518836861,inter
W2518927449,inter
W2518999109,inter
W2519055561,inst
W2519351592,inter
W2519383683,inter
W2519414135,inter
W2519420704,inst
W2519428799,inter
W2519490418,inter
W2519614110,inter
W2519761595,inter
W2519766107,inter
W2519796145,inter
W2519876678,inter
W2519900869,inter
W2519938981,inst
W2520022511,inter
W2520037496,inter
W2520043314,inter
W2520106474,inter
W2520142891,inter
W2520230443,uni
W2520335248,inter
W2520343034,inter
W2520348554,inter
W2520402827,inter
W2520468066,inter
W2520470222,inter
W2520527333,inter
W2520707372,inter
W2520754104,inter
W2520755129,inter
W2520759911,inst
W2520775293,inter
W2520819451,inter
W2520859294,inter
W2520917239,inter
W2520938204,inter
W2521048632,inter
W2521114121,inter
W2521131896,inter
W2521144550,inter
W2521202205,inter
W2521259554,inter
W2521344485,inter
W2521365688,inst
W2521373549,uni
W2521391134,inter
W2521425361,inter
W2521429215,inst
W2521501663,inter
W2521644007,inter
W2521718525,inter
W2521727659,inst
W2521757593,inter
W2521812234,inter
W2521886983,inter
W2521898510,uni
W2521984362,inter
W2522148122,inter
W2522194099,inter
W2522254499,inter
W2522274631,uni
W2522347965,inst
W2522485430,inter
W2522551977,inter
W2522585561,inter
W2522608714,inter
W2522684285,inst
W2522879866,inter
W2522949544,inter
W2522957660,inter
W2522977392,inter
W2523094016,inter
W2523182588,inter
W2523207422,inter
W2523398186,inter
W2523435939,inst
W2523477148,inter
W2523546893,inter
W2523605802,inter
W2523614638,inter
W25236341,inter
W2523642628,inter
W2523743885,inter
W2523830260,inter
W2523838129,inter
W2523868951,inst
W2524046048,inter
W2524083015,inter
W2524131175,inter
W2524198841,inter
W2524261893,inst
W2524591840,uni
W2524771588,inter
W2524802307,inter
W2524826419,inter
W2525015215,inst
W2525058782,inter
W2525221147,inter
W2525356667,inter
W2525400794,inter
W2525423664,inter
W2525448956,inter
W2525487020,inter
W2525596608,inter
W2525668722,inter
W2525739395,inst
W2525740295,inter
W2525765173,uni
W2526039009,inter
W2526041356,inter
W2526050071,inter
W2526174145,inter
W2526174222,inst
W2526238503,inter
W2526425061,inst
W2526449353,inter
W2526466080,inter
W2526479943,inter
W2526518998,inst
W2526634475,inter
W2526794381,inter
W2526813432,inter
W2527148314,inter
W2527183363,inter
W2527200148,inter
W2527211725,inter
W2527243185,inter
W2527280178,inst
W2527419008,inst
W2527459892,inter
W2527484278,inter
W2527522902,inter
W2527582055,inter
W2527611302,inter
W2527800741,inter
W2527955318,inter
W2527999453,inter
W2528008179,inter
W2528064017,uni
W2528092473,inter
W2528104939,inter
W2528158016,inter
W2528161559,inter
W2528176169,inst
W2528205054,inter
W2528260261,inter
W2528266046,inter
W2528287124,inter
W2528333963,inter
W2528343603,inter
W2528354791,inter
W2528361532,inter
W2528386363,uni
W2528391144,inter
W2528421823,inter
W2528491735,inter
W2528578439,inter
W2528748975,inter
W2528784626,inter
W2528879890,inter
W2528903881,inter
W2528988494,uni
W2529049317,inter
W2529163075,inst
W2529165750,inter
W2529180659,inter
W2529215317,inter
W2529285936,inter
W2529337537,inst
W2529430290,uni
W2529446457,inter
W2529480183,inter
W2529489420,inter
W2529503213,inter
W2529696250,inter
W2529714286,inter
W2529746786,inter
W2529784951,inter
W2529878036,inter
W2529907009,inter
W2529970009,inter
W2530141497,inter
W2530358758,inter
W2530627729,inter
W2530656232,inter
W2530733036,inst
W2530773136,inter
W2530868552,inter
W2530887700,inter
W2530961896,inter
W2530966705,inter
W2530989596,inter
W2531040761,inter
W2531061282,inter
W2531076841,inter
W2531131013,uni
W2531160404,inter
W2531191966,inter
W2531208599,inter
W2531223195,inter
W2531294432,inter
W2531409750,top tier
W2531427741,inter
W2531448500,inter
W2531641738,inter
W2531748226,inter
W2531897166,inter
W2531915888,inter
W2531964409,uni
W2531997392,inter
W2532209037,uni
W2532324861,inter
W2532423614,inst
W2532434254,inter
W2532589578,inter
W2532594835,inter
W2532677142,inter
W2532733630,inter
W2532782114,inter
W2532919653,inter
W2532981152,inst
W2532990506,inter
W2533043266,inter
W2533105572,inter
W2533248932,inter
W2533311740,inter
W2533387247,uni
W2533488116,inter
W2533494838,inter
W2533503513,inter
W2533672367,inter
W2533696134,inter
W2533739470,inter
W2533759852,inter
W2533787090,inter
W2533977282,inter
W2534014507,inter
W2534085967,inst
W2534093552,inter
W2534118320,inter
W2534120653,inter
W253419106,inter
W2534256717,inter
W2534262995,inter
W2534449155,inter
W2534475604,inter
W2534481600,inter
W2534491645,inter
W2534536589,inst
W2534622136,inst
W2534650910,inter
W2534684341,inter
W2534727771,inter
W2534895912,inter
W2535199873,inst
W2535352129,inter
W2535431417,inter
W2535444905,inter
W2535451999,inter
W2535485187,inter
W2535490652,inter
W2535538881,inter
W2535561795,inter
W2535724050,inter
W2535736277,inter
W2535747081,inter
W2535757428,inter
W2535832630,inter
W2535842235,inter
W2535845123,inter
W2535956553,inter
W2536045881,inter
W2536060784,inter
W2536125594,inst
W2536132736,inter
W2536203890,inter
W2536238986,inter
W2536285017,uni
W2536305071,inter
W2536339198,inter
W2536349189,inter
W2536380892,inter
W2536386130,inter
W2536430694,inter
W2536526944,inter
W2536535850,inst
W2536548552,inter
W2536626143,inter
W2536922895,inter
W2536964484,inter
W2536971076,inter
W2536985167,inter
W2537073295,inter
W2537104680,inst
W2537157158,inter
W2537165602,inter
W2537210233,inter
W2537266736,uni
W2537304608,inter
W2537520019,uni
W2537567031,inter
W2537592453,inter
W2537649431,inst
W2537665647,inter
W2537772753,uni
W2537797101,inter
W2537826750,inst
W2537902178,inter
W2537934446,inter
W2538058733,inter
W2538147401,inter
W2538262060,inter
W2538335023,inter
W2538374209,inter
W2538480108,inter
W2538606988,inter
W2538715078,inter
W2538769922,inter
W2538838915,inter
W2538937655,inter
W2538958577,inter
W2538978059,inter
W2539039118,inter
W2539074066,inter
W2539103803,inter
W2539157762,inter
W2539187648,inter
W2539233575,inter
W2539398153,inter
W2539406680,inter
W2539468248,inter
W2539473254,inter
W2539504333,inter
W2539607883,inter
W2539703635,inter
W2539705156,inter
W2539761790,inter
W2539888294,inter
W2539922977,inter
W2540029594,inst
W2540091081,inter
W2540165763,inter
W2540224028,inter
W2540296490,inter
W2540421039,inter
W2540438180,inter
W2540609487,inter
W2540653185,inst
W2540761311,inter
W2540792384,inter
W2540912464,inter
W2541012620,inter
W2541111513,inter
W2541326295,inter
W2541346569,inter
W2541367100,inter
W2541387276,inter
W2541440312,inst
W2541692627,inter
W2541695503,inter
W2541756480,inter
W2541758494,inter
W2541762924,inter
W2541769913,inter
W2541814997,inter
W2541834330,inter
W2541895721,inter
W2541922885,inter
W2541983574,inter
W2542010919,inter
W2542201432,inter
W2542315253,inter
W2542329196,inter
W2542434540,inter
W2542451952,inter
W2542499966,inter
W2542544036,inter
W2542595939,inter
W2542693654,inter
W2542696074,inter
W2542727321,inst
W2542728251,inter
W2542764750,inter
W2542768043,inter
W2542911966,inter
W2542912824,inst
W2542991588,inter
W2543028772,uni
W2543071820,inter
W2543147921,inter
W2543157463,inter
W2543453346,inter
W2543539599,inter
W2543580944,top tier
W2543743110,inter
W2543893460,inter
W2543974424,inter
W2544109070,inter
W2544160339,inter
W2544393762,inter
W2544405876,inter
W2544417510,inter
W2544587078,inter
W2544658702,uni
W2544692165,inter
W2544732773,inter
W2544889037,inter
W2544965371,inter
W2544992706,inter
W2545028577,inter
W2545029413,inter
W2545098179,inter
W2545130291,inst
W2545482755,uni
W2545530742,inter
W2545548007,inst
W2545708073,inter
W2545965848,inter
W2545985378,inst
W2545995595,inter
W2546055497,inter
W2546055631,uni
W2546085552,inter
W2546099111,inter
W2546150872,inter
W2546190447,inst
W2546216730,inter
W2546253415,inter
W2546302380,inter
W2546347687,inter
W2546411219,inter
W2546457897,inst
W2546487983,inter
W2546490901,inter
W2546495709,inter
W2546499139,inter
W2546546394,inter
W2546571074,inst
W2546603560,inter
W2546613669,inter
W2546677102,inter
W2546696630,inter
W2546703895,inst
W2546764864,inter
W2546841151,inter
W2546851962,inter
W2546858058,inter
W2546872429,inter
W2546948708,inter
W2546950885,inter
W2547107546,inter
W2547204915,inter
W2547222610,inter
W2547231910,inter
W2547260926,inter
W2547288200,inter
W2547403985,inter
W2547446130,inter
W2547534661,inter
W2547589364,inter
W2547624186,inter
W2547654579,inter
W2547684973,inst
W2547701739,inter
W2547713311,inter
W2547727199,inter
W2547778486,inter
W2547788783,inter
W2547817064,inter
W2547985295,inter
W2548037070,inter
W2548067625,inter
W2548072927,inst
W2548161634,inter
W2548164565,inter
W2548184953,inter
W2548197316,inst
W2548283408,inter
W2548471071,inter
W2548555170,inter
W2548570154,inter
W2548601994,inter
W2548743627,inter
W2548765505,inter
W2548780814,inter
W2549021419,inter
W2549026774,inst
W2549125172,inst
W2549139847,inter
W2549145187,inter
W2549200707,inter
W2549266255,inter
W2549327495,inter
W2549365021,inter
W2549401308,inter
W2549630556,inter
W2549635012,inter
W2549694484,inter
W2549708664,inter
W2550252820,inter
W2550278865,inter
W2550303287,inter
W2550330488,inter
W2550348766,inter
W2550357155,inst
W2550374370,inter
W2550380503,inter
W2550409828,inter
W2550436552,inter
W2550441299,inter
W2550457626,inter
W2550462002,inst
W2550520028,inst
W2550553598,inst
W2550567537,inter
W2550568647,uni
W2550668432,inter
W2550687635,inter
W2550693847,inter
W2550731432,uni
W2550850944,inter
W2550936021,inter
W2550999023,inter
W2551024384,inter
W2551072204,inter
W2551094162,inter
W2551161082,inter
W2551185112,inter
W2551234118,inter
W2551249768,inter
W2551255781,inter
W2551300340,inter
W2551476395,inter
W2551555843,uni
W2551573654,inter
W2551596518,inter
W2551602864,inter
W2551680577,inter
W2551814622,inter
W2551829638,inst
W2551859560,inter
W2551875526,inter
W2551895583,inter
W2551972760,inter
W2552002300,inter
W2552036375,inter
W2552066052,inter
W2552117402,inter
W2552149093,inter
W2552157761,inter
W2552192644,inter
W2552199290,inter
W2552267233,inter
W2552269658,uni
W2552440121,inter
W2552458968,inst
W2552520915,inst
W2552532414,inter
W2552534289,inter
W2552542682,inter
W2552552821,inter
W2552650167,uni
W2552770041,inst
W2552783812,inter
W2552806728,inter
W2552900565,inter
W2553066529,inter
W2553112758,inter
W2553151007,inter
W2553156561,inter
W2553156677,inst
W2553191309,inter
W2553211434,inter
W2553403975,inst
W2553417306,inter
W2553422056,inter
W2553427643,inter
W2553459006,inter
W2553542684,inst
W2553567329,inter
W2553626825,inter
W2553641403,inter
W2553702661,inter
W2553758040,inter
W2553790935,inter
W2553793522,inter
W2553918877,inst
W2554020789,inter
W2554137461,inter
W2554158934,inter
W2554247908,inter
W2554344019,inter
W2554354039,inter
W2554391432,inter
W2554408731,inter
W2554490261,inter
W2554497123,inter
W2554541689,inter
W2554619781,inter
W2554652566,inter
W2554694615,inter
W2554891861,inter
W2554892747,inter
W2554893510,inter
W2554903706,inter
W2554906389,inter
W2554915555,inst
W2554957650,inter
W2554968034,inter
W2554972483,inter
W2555003309,inter
W2555026809,inter
W2555096873,inter
W2555153046,inter
W2555231795,inter
W2555248751,inter
W2555373976,inter
W2555441839,inst
W2555505236,inter
W2555597023,inter
W2555609587,inter
W2555676925,inter
W2555897561,inter
W2555961948,inst
W2555980337,inter
W2556024076,inter
W2556108308,inter
W2556210505,inter
W2556306584,inter
W2556358661,inter
W2556372986,inter
W2556413364,inter
W2556460356,inter
W2556535120,inter
W2556634673,inst
W2556724661,inter
W2556802233,inter
W2556806401,inter
W2556837505,inter
W2556872594,inter
W2556983386,inter
W2556989977,uni
W2557023145,inter
W2557209683,inter
W2557264465,inter
W2557266513,inter
W2557355796,inst
W2557385690,inter
W2557414982,inter
W2557430144,inst
W2557438992,inter
W2557449848,inter
W2557519264,inst
W2557536990,inter
W2557626841,inter
W2557641257,inter
W2557656250,inter
W2557698284,inter
W2557700421,inter
W2557702138,inter
W2557772052,inter
W2557890845,inter
W2557978323,inter
W2558027347,inter
W2558055713,inter
W2558089109,inter
W2558203968,inter
W2558235440,uni
W2558318611,inter
W2558340819,inter
W2558385255,inter
W2558393669,inter
W2558409025,inter
W2558471714,inter
W2558531213,inter
W2558580397,inter
W2558598529,inter
W2558619741,inter
W2558630670,inst
W2558661413,inst
W2558799462,inst
W2558889343,inter
W2558906385,inter
W2559008206,inter
W2559013665,inter
W2559094423,inter
W2559341072,inter
W2559348937,inter
W2559365732,inter
W2559423697,inter
W2559425920,inter
W2559553341,inter
W2559568760,inter
W2559574334,inter
W2559655401,top tier
W2559719101,inter
W2559785631,inter
W2559793371,inter
W2559833261,inst
W2559839425,inter
W2559862044,inter
W2559868061,inter
W2559870825,inter
W2559878281,inter
W2559909572,inter
W2559917342,inter
W2559944106,uni
W2559950387,inter
W2559951304,inter
W2559956994,inter
W2559959185,inter
W2559960928,inter
W2559975580,inter
W2559997609,inter
W2560023338,top tier
W2560026874,inter
W2560031687,inter
W2560031743,inter
W2560036562,inter
W2560100475,inter
W2560153568,inter
W2560177933,inter
W2560178266,inter
W2560185016,inter
W2560211560,inter
W2560263676,inst
W2560275761,inter
W2560290304,inter
W2560319753,inst
W2560428084,inter
W2560450376,inst
W2560533237,inter
W2560552919,inter
W2560622558,inter
W2560624365,inter
W2560645261,inter
W2560647685,inter
W2560653690,inter
W2560666832,inter
W2560684249,inter
W2560697026,inter
W2560748954,inter
W2560784633,inter
W2560838595,uni
W2560889430,inter
W2560920277,inter
W2560920409,inter
W2560971156,inter
W2561004319,inter
W2561080469,inter
W2561271453,inter
W2561330338,inter
W2561389184,inst
W2561450502,inter
W2561585794,inter
W2561644314,inst
W2561675875,top tier
W2561715741,inter
W2561747256,inter
W2561827791,inter
W2561844903,inter
W2561849210,inter
W2561853974,inter
W2561862220,uni
W2561923863,inter
W2561953343,inter
W2561978175,inter
W2562036180,inter
W2562137921,inter
W2562185116,inter
W2562236831,inter
W2562271202,inter
W2562276894,inter
W2562280877,inter
W2562302344,inter
W2562322388,inst
W2562380363,inter
W2562478205,inter
W2562543773,inter
W2562607067,inst
W2562657755,inter
W2562662997,inst
W2562731582,inst
W2562801653,inter
W2562805420,inter
W2562852216,inter
W2562854264,inst
W2562897265,inter
W2562897659,inter
W2562902932,inter
W2562922788,inter
W2563010554,inst
W2563031223,inter
W2563061818,inter
W2563100698,inter
W2563133041,inter
W2563243562,uni
W2563253294,inter
W2563399268,inter
W2563442528,inst
W2563482620,inter
W2563512512,inter
W2563575047,inter
W2563596292,inter
W2563670399,inter
W2563692119,inter
W2563713510,inter
W2563871604,inst
W2563890894,inter
W2563893817,inter
W2563897677,inter
W2563903039,inst
W2563912444,inst
W2563952234,inter
W2564056972,inter
W2564100351,inter
W2564161262,inter
W2564173477,inter
W2564243131,inter
W2564288820,inter
W2564325886,inst
W2564384074,uni
W2564444618,inter
W2564478194,inter
W2564544134,inter
W2564549723,inter
W2564698430,inter
W2564802806,inter
W2564805461,uni
W2564808460,inter
W2564810971,inter
W2564828573,inter
W2564898401,inst
W2564917628,inter
W2564941776,inter
W2564974494,inter
W2564998703,inter
W2565049684,inst
W2565064768,inter
W2565097121,inter
W2565116532,inter
W2565125300,inter
W2565125333,inter
W2565126482,inter
W2565253444,inter
W2565304260,inter
W2565313368,inter
W256534578,inter
W2565432423,uni
W2565434523,inst
W2565516711,inter
W2565589313,inter
W2565649476,inter
W2565804443,inter
W2565867885,inter
W2565892404,inter
W2565960208,inter
W2566111429,inter
W2566185378,inter
W2566202426,inter
W2566318714,inst
W2566365295,inter
W2566468258,uni
W2566470886,inter
W2566520574,inter
W2566595997,inter
W2566653418,inter
W2566686267,uni
W2566686591,inter
W2566691385,inter
W2566708220,inst
W2566765582,inter
W2566769621,inter
W2566781703,inter
W2566812041,inter
W2566831443,inter
W2566901515,inter
W2566936944,inst
W2566974263,uni
W2567001798,inter
W2567002406,inter
W2567058191,inter
W2567136697,inst
W2567277298,inter
W2567333176,inter
W2567496709,inter
W2567557994,inter
W2567584657,inter
W2567615407,inter
W2567642374,inter
W2567736915,inst
W2568036717,inter
W2568072496,inter
W2568115099,inter
W2568182039,inter
W2568262903,inter
W2568279454,inter
W2568288430,inter
W2568342123,inter
W2568355616,inter
W2568378598,inter
W2568389463,inter
W2568549573,uni
W2568598316,inter
W2568654983,inter
W2568808500,inter
W2568817620,inter
W2569007994,inter
W2569164271,inter
W2569174917,inst
W2569272946,inst
W2569295565,inter
W2569301949,inter
W2569318312,inter
W2569726726,inter
W2569741146,inter
W2569859441,inter
W2569943059,inter
W2570149718,inst
W2570343428,top tier
W2570437639,inter
W2570475642,inter
W2570560494,inter
W2570571418,inter
W2570628162,inst
W2570663628,inter
W2570702650,inter
W2570714606,uni
W2570727278,inter
W2570829146,inter
W2570897481,inter
W2570903723,inter
W2570970768,inter
W2571029112,inter
W2571055766,inter
W2571322993,uni
W2571327869,inter
W2571342956,inst
W2571425027,inst
W2571529550,inter
W2571605458,inter
W2572109842,inter
W2572147858,inter
W2572219278,inter
W2572374566,inter
W2572504397,inter
W2572559801,inter
W2572561073,inter
W2572570520,inst
W2572697301,inter
W2572730214,inst
W2572788778,inst
W2572852038,inst
W2572900683,inter
W2573191521,inter
W2573242108,uni
W2573271562,inter
W2573431649,inter
W2573463397,inter
W2573563983,inst
W2573601984,inter
W2573721906,inst
W2573779815,inter
W2573786697,inter
W2573834517,inter
W2573859478,inter
W2573860929,inter
W2573866803,inter
W2573896236,inst
W2573908344,inter
W2573916904,inst
W2574129108,inter
W2574179923,uni
W2574253917,inter
W2574346611,inter
W2574360557,inter
W2574415905,inter
W2574473771,inter
W2574587826,inter
W2574707829,inter
W2574717559,inter
W2574774005,inter
W2574797063,inter
W2574852830,inter
W2574867284,inter
W2574952845,inter
W2574978968,inter
W2574981201,inter
W2575029217,inter
W2575032143,inter
W2575051170,inter
W2575100999,inter
W2575121810,inter
W2575192927,inter
W2575335907,inter
W2575434942,inter
W2575485938,uni
W2575486826,inter
W2575641950,inter
W2575660141,inter
W2575671312,inst
W2575781893,inter
W2575822853,inter
W2575842049,inter
W2575904983,inst
W2575969892,inter
W2576019974,inter
W2576057118,inter
W2576165910,inter
W2576245600,inter
W2576442780,inter
W2576473303,inter
W2576489887,inter
W2576546729,inter
W2576571375,inter
W2576625991,inter
W2576670572,inter
W2576672982,inter
W2576689759,inter
W2576747312,inter
W2576782855,inter
W2576815293,inter
W2576915720,inter
W2576960802,inter
W2577053083,inter
W2577073855,inter
W2577224147,inter
W2577251103,inter
W2577325523,inter
W2577354142,inter
W2577366047,inter
W2577413333,inter
W2577476110,inter
W2577537809,inst
W2577741565,inter
W2577762507,inter
W2577805126,inter
W2578027111,inter
W2578080479,inter
W2578151565,inter
W2578156433,inter
W2578178601,inter
W2578442344,inter
W2578456536,inter
W2578496721,inter
W2578555672,inter
W2578674430,inter
W2578766111,inter
W2578878238,inter
W2578922287,inter
W2578970950,inter
W2579021424,inter
W2579136866,inter
W2579213716,inst
W2579238278,inter
W2579252549,inter
W2579318141,inst
W2579405208,inter
W2579451340,inter
W2579511246,inter
W2579624238,inst
W2579628637,inter
W2579719476,inter
W2579747565,inst
W2579799105,inter
W2579818174,inter
W2579880247,inter
W2579916179,inter
W2580301344,inter
W2580334929,inter
W2580480204,inter
W2580538010,inter
W2580551237,inter
W2580566736,inter
W2580645713,inst
W2580674088,uni
W2580688187,inter
W2580770877,inter
W2580837015,inst
W2580925984,inter
W2581052556,inter
W2581069224,inter
W2581170377,inter
W2581200390,inter
W2581446065,inter
W2581511846,inter
W2581631698,inter
W2581833939,inter
W2581851997,inter
W2581890214,inter
W2581964774,inter
W2582090130,inst
W258213556,uni
W2582275410,inter
W2582335504,uni
W2582341846,inter
W2582379727,inter
W2582402548,inter
W2582406409,inter
W2582425110,inter
W2582443164,inter
W2582467130,inter
W2582497938,inter
W2582558662,inter
W2582743722,top tier
W2582760923,inter
W2582830023,inst
W2582851122,inter
W2582992256,inter
W2583147637,inter
W2583387051,inter
W2583500347,uni
W2583543049,inter
W2583602944,inter
W2583643061,inter
W2583739394,inter
W2583797781,inter
W2583815496,inst
W2583955973,inter
W2583993537,inter
W2583998542,inter
W2584050167,inter
W2584077101,inter
W2584217814,inter
W2584343393,inter
W2584378849,inter
W2584400042,inter
W2584459069,inter
W2584462456,inter
W2584535601,inst
W2584548894,inter
W2584616277,inter
W2584637367,inter
W2584641794,inter
W2584654322,inter
W2584665002,inter
W2584750462,inter
W2584855580,inter
W2584985623,inter
W2585006962,inst
W2585123518,inter
W2585140699,inter
W2585183681,inter
W2585223655,inst
W2585251091,inter
W2585293115,inter
W2585303249,inter
W2585384041,inter
W2585401309,inter
W2585418300,inter
W2585512500,inter
W2585528949,inter
W2585560244,inter
W2585625956,inter
W2585627514,inter
W2585631449,inter
W2585639331,inter
W2585774018,inter
W2585818648,inter
W2585879562,inter
W2585890928,inter
W2586025740,inst
W2586050494,inst
W2586118222,inter
W2586120503,inter
W2586140182,inter
W2586195663,inter
W2586218630,inter
W2586242296,inter
W2586251408,inter
W2586273631,inter
W2586312221,inter
W2586351470,inter
W2586435900,inter
W2586440426,inter
W2586470208,inter
W2586472645,inter
W2586480386,inter
W2586497377,uni
W2586499670,inter
W2586524097,uni
W2586580530,inter
W2586602577,inter
W2586654419,inter
W2586677434,inter
W2586753050,inter
W2586761003,uni
W2586822200,inter
W2586823173,inter
W2586871115,inter
W2586899202,inter
W2586902996,inter
W2586937979,inter
W2587040322,inter
W2587078433,inter
W2587087058,inter
W2587261346,inter
W2587282545,inter
W2587290447,inter
W2587299461,inst
W2587436400,inst
W2587455697,inst
W2587508615,inter
W2587543299,inter
W2587563010,inter
W2587578666,inst
W2587594232,inst
W2587634413,inter
W2587640549,inter
W2587752214,inst
W2587789887,inter
W2587816047,inter
W2587828787,inst
W2587931976,inter
W2587947127,inter
W2587952261,inter
W2588001850,inter
W2588062372,inter
W2588078445,inter
W2588193413,inter
W2588224427,inter
W2588275674,inter
W2588296599,inter
W2588344882,inter
W2588444166,inter
W2588445447,inter
W2588464298,inter
W2588486815,inter
W2588523947,inter
W2588534625,inst
W2588547626,inter
W2588587267,inter
W2588591072,inter
W2588603526,inter
W2588621656,inter
W2588624686,inter
W2588644249,inter
W2588699939,inter
W2588702815,inter
W2588737662,inter
W2588793124,inter
W2588852409,inter
W2588974224,inter
W2588993312,inter
W2589000798,inter
W2589085733,inter
W2589148360,inter
W2589193082,uni
W2589253474,uni
W2589275886,inter
W2589289266,inter
W2589310369,inter
W2589409328,inter
W2589571058,inter
W2589647984,inst
W2589648202,inter
W2589652136,inter
W2589752409,inter
W2589924185,inter
W2589937360,inter
W2589952946,inter
W2590001609,inter
W2590019597,inter
W259005164,inter
W2590314480,inter
W2590487735,inter
W2590661609,inter
W2590664148,uni
W2590737959,inst
W2590748686,inter
W2590762055,inter
W2590766922,inter
W2590854432,inter
W2590904539,inter
W2590981499,inter
W2591013610,inter
W2591049338,inter
W2591051531,inter
W2591102410,inter
W2591133720,inter
W2591262746,inter
W2591389137,inter
W2591391565,inter
W2591448602,inter
W2591488409,inter
W2591505158,inst
W2591512809,inter
W2591559825,inter
W2591637099,inst
W2591638990,inter
W2591653665,uni
W2591835658,inter
W2591922920,inter
W2592002261,inter
W2592023122,inter
W2592075105,inter
W2592088493,inter
W2592109325,inter
W2592112728,inter
W2592135470,inter
W2592139916,uni
W2592168896,inter
W2592184324,inter
W2592230399,inter
W2592269005,inter
W2592284297,inter
W2592295811,inter
W2592329255,inter
W2592335154,inter
W2592340788,inst
W2592418684,inter
W2592463526,inter
W2592476227,inter
W2592515839,inter
W2592549397,inter
W2592565810,inter
W2592574264,inter
W2592591519,inter
W2592661776,uni
W2592677135,inter
W2592755052,inst
W2592799474,inter
W2592852541,inter
W2592905743,inter
W2592936145,inter
W2592939477,inst
W2592944988,inter
W2592951833,inter
W2593093587,inter
W2593116425,inter
W2593118993,inst
W2593127787,inter
W2593146028,inst
W2593193033,inter
W2593194839,inter
W2593196750,inter
W2593214130,inter
W2593229476,inter
W2593237273,inter
W2593329034,inter
W2593340313,inter
W2593350267,inter
W2593414960,inter
W2593449945,inter
W2593451766,inst
W2593493017,inter
W2593576175,inter
W2593649365,inst
W2593721734,inter
W2593725579,inter
W2593743960,inter
W2593768305,inst
W2593786516,inter
W2593829325,inter
W2593841121,inter
W2593854658,inter
W2593866279,inter
W2593881468,inter
W2593887026,inst
W2593906124,inter
W2593928906,inter
W2593948489,inter
W2593962681,inter
W2593968316,inter
W2593969464,inter
W2593972252,inter
W2593991500,inst
W2594023913,inter
W2594028680,inter
W2594035444,inter
W2594048902,inter
W2594083602,inter
W2594091530,inter
W2594105920,inst
W2594174595,inter
W2594225603,inter
W2594250762,inter
W2594265094,inter
W2594265554,inter
W2594432108,inter
W2594507094,inter
W2594542444,inter
W2594546371,inst
W2594560857,inter
W2594571411,inter
W2594575977,inter
W2594613658,inter
W2594639291,inter
W2594640529,inter
W2594648402,inter
W2594656819,inter
W2594668508,inst
W2594701699,inter
W2594728687,inter
W2594815350,inst
W2594836184,inter
W2594857809,inter
W2594877617,inter
W2594894582,inter
W2594924813,inter
W2594978121,uni
W2594990736,uni
W2595040344,inst
W2595142274,inter
W2595285209,inter
W2595305805,inter
W2595327353,inter
W2595328592,inter
W2595390676,inter
W2595397349,inst
W2595521492,inter
W2595653137,inter
W2595812716,inter
W2595822140,inter
W2595928270,inter
W2596068489,inst
W2596317820,inter
W2596352504,inter
W2596432422,uni
W2596544951,inter
W2596585349,inst
W2596636257,inter
W2596706004,inter
W2596944053,inter
W2596997254,inter
W2597003067,inter
W2597019469,inst
W2597254873,inter
W2597257102,inter
W2597361201,inter
W2597390191,inst
W2597395360,inter
W2597406363,inter
W2597417053,inst
W2597434518,inter
W2597472572,inter
W2597472767,inter
W2597507805,inter
W2597576988,inter
W2597583775,inter
W2597657223,inter
W2597701578,inter
W2597739964,inter
W2597855421,inter
W2597947766,inter
W2597991262,inter
W2598092189,uni
W259819924,inter
W2598207902,inter
W2598292713,inter
W2598606761,inter
W2598771954,inter
W2598783175,inter
W2598842133,inst
W2598890134,inter
W2598907935,inter
W2598912124,inter
W2598915960,inst
W2599027683,inter
W2599028360,inter
W2599047111,inter
W2599052620,inst
W2599171486,inter
W2599189014,uni
W2599197737,inter
W2599259019,inter
W2599342815,inter
W2599359567,inter
W2599413125,inter
W2599515429,inter
W2599542682,inter
W2599547527,inst
W2599557761,inter
W2599571402,inter
W2599632008,inst
W2599746129,inter
W2599796701,inter
W2599805910,inter
W2599822722,inter
W2600031682,inter
W2600311853,inter
W2600353712,inter
W2600360414,inst
W2600447016,inst
W2600473424,inter
W2600695917,inter
W2600778551,inter
W2600900833,inter
W2600971009,inter
W2601010787,inter
W2601109766,inter
W2601113512,inter
W2601243251,inter
W2601306580,inst
W2601354821,inter
W2601436813,inter
W2601564443,inter
W2601707599,inter
W2601789736,inter
W2601791283,inter
W2601846890,inst
W2601939319,inter
W2602034649,inter
W2602143720,inter
W2602476501,inter
W2602608313,inter
W2602645338,inter
W2602646780,inter
W2602809673,inst
W2602814102,inter
W2602837914,inter
W2602871341,inter
W2602880546,inter
W2603025843,inter
W2603123944,inter
W2603192686,inst
W2603255528,inst
W2603445054,inter
W2603566245,inter
W2603591188,inter
W2603646780,inter
W2603705233,inst
W2603861860,inter
W2603921131,inter
W2603986758,inter
W2603990048,inter
W2604085423,inter
W2604094317,inter
W2604110412,inter
W2604113307,inter
W2604122668,inst
W2604174486,inst
W2604176178,inter
W2604184171,inter
W2604205681,inter
W2604219531,inter
W2604231069,inter
W2604254608,inst
W2604260814,inter
W2604275585,inter
W2604292070,inter
W2604319603,inst
W2604321895,inter
W2604329646,inter
W2604338858,inter
W2604352222,inst
W2604363154,uni
W2604370760,inter
W2604392022,inter
W2604394529,inst
W2604420083,inter
W2604436559,inter
W2604438604,inter
W2604464672,inter
W2604468458,inter
W2604481294,inter
W2604497682,inter
W2604502036,inter
W2604504584,inter
W2604545298,inter
W2604552141,inter
W2604558437,inter
W2604589052,inter
W2604601943,inter
W2604604360,inter
W2604609042,inst
W2604610161,inter
W2604647163,inst
W2604669887,inter
W2604672468,inter
W2604675517,inter
W2604679602,inter
W2604690669,inst
W2604700561,inter
W2604700975,inter
W2604724652,inter
W2604737966,inter
W2604762485,inter
W2604776691,inter
W2604785265,inst
W2604790786,inter
W2604799547,inter
W2604863233,inter
W2604868599,inter
W2604881841,inter
W2604920239,inter
W2604987001,inter
W2604993867,inter
W2604998962,inst
W2605023669,inter
W2605045867,inst
W2605076822,inter
W2605100053,inter
W2605102252,inter
W2605102758,inst
W2605107851,inter
W2605117308,inter
W2605117450,inter
W2605121294,inter
W2605123798,inter
W2605124728,inter
W2605135468,inter
W2605170010,inter
W2605173812,inst
W2605203448,inter
W2605243465,inter
W2605258629,inter
W2605259187,inter
W2605289356,inter
W2605293275,uni
W2605300166,inter
W2605307741,inter
W2605333306,inter
W2605347906,inst
W2605348883,inter
W2605371509,inter
W2605402299,inst
W2605422054,inter
W2605442065,inter
W2605487586,inst
W2605488490,inter
W2605604158,inter
W2605620767,inter
W2605639220,inter
W2605643718,inst
W2605644966,inter
W2605666023,inst
W2605680138,inter
W2605736949,inter
W2605739168,inter
W2605741723,inter
W2605757803,uni
W2605772523,inst
W2605777496,inter
W2605778016,inter
W2605800201,inter
W2605805765,inter
W2605823630,inter
W2605850958,inter
W2605868208,inter
W2605938684,inter
W2605961225,inst
W2606033410,uni
W2606037820,inter
W2606062705,inter
W2606084320,inter
W2606105099,inter
W2606210793,inter
W2606221507,inter
W2606231239,inter
W2606268356,inter
W2606286704,inter
W2606317001,inter
W2606355498,inter
W2606358632,inst
W2606389791,inter
W2606404574,inter
W2606412288,inter
W2606416966,inter
W2606425361,inter
W2606442203,uni
W2606454394,inter
W2606473278,inter
W2606554352,inter
W2606561016,uni
W2606618422,inter
W2606661584,uni
W2606687101,inter
W2606723168,inter
W2606734689,inter
W2606767684,inter
W2606775018,inter
W2606788270,inter
W2606799758,inter
W2606830649,inter
W2606832948,inter
W2606842801,inter
W2606909710,inter
W2606969936,uni
W2606974598,inst
W2606982626,uni
W2607037079,inst
W2607059968,inter
W2607075141,inter
W2607099977,inter
W2607101357,inter
W2607126301,inter
W2607169934,inter
W2607212181,inst
W2607223307,inter
W2607247012,inter
W2607257341,inter
W2607283282,inter
W2607288499,inter
W2607306668,inst
W2607311634,inst
W2607343077,uni
W2607362715,inter
W2607397476,inter
W2607459592,inter
W2607579284,inter
W2607586284,inter
W2607603241,inter
W2607707631,inter
W2607783486,inter
W2607799870,inter
W2607845680,inter
W2607893715,inter
W2607909683,inter
W2607927535,inter
W2607969141,inter
W2608051802,inter
W2608054909,inter
W2608058963,inter
W2608059542,uni
W2608151934,inter
W2608222992,inter
W2608239929,inter
W2608346273,inst
W2608347258,inter
W2608354815,inst
W2608425473,inter
W2608456260,inter
W2608530812,inter
W2608668193,inter
W2608724236,inter
W2608770662,inter
W2608808233,inter
W2608875480,inter
W2608905837,inter
W2608934870,inter
W2608936383,inter
W2608992565,inter
W2608997542,inter
W2609004588,inter
W2609009256,inst
W2609014685,inter
W2609043475,inter
W2609100750,inter
W2609102463,inter
W2609134287,inter
W2609210027,inter
W2609220535,inter
W2609286783,inter
W2609373935,inst
W2609501756,inter
W2609584387,inter
W2609658199,inst
W2609724507,inter
W2609731728,inter
W2609739009,inter
W2609748943,inter
W2609813487,inter
W2609824095,uni
W2609825896,inter
W2609890581,inter
W2609894447,uni
W2609910506,inter
W2610012734,inst
W2610034660,inter
W2610159894,inter
W2610165754,inter
W2610232899,inter
W2610250845,inter
W2610325777,inter
W2610345193,inter
W2610377240,inter
W2610419677,inter
W2610487593,inter
W2610494282,inter
W2610510511,inter
W2610528085,inter
W2610575141,inter
W2610575559,inst
W2610577227,inter
W2610607207,inter
W2610614780,inter
W2610617435,inter
W2610635404,inter
W2610639222,inst
W2610646689,inst
W2610691757,inter
W2610727779,inter
W2610760451,inter
W2610782234,inst
W2610794974,inter
W2610861349,inter
W2610871254,inter
W2610893174,inter
W2610919992,inter
W2611027513,inter
W2611102567,inter
W2611147814,top tier
W2611152333,inter
W2611179066,inter
W2611220308,inter
W2611258316,inter
W2611308815,inter
W2611358267,inter
W2611366098,inter
W2611369100,inter
W2611386646,inter
W2611398146,inter
W2611426089,inter
W2611445505,inter
W2611474773,inter
W2611538257,inter
W2611559752,inter
W2611561008,uni
W2611572520,inter
W2611573998,inter
W2611605760,inter
W2611619642,inter
W2611657369,inter
W2611665579,inter
W2611746572,inter
W2611814695,inter
W2611817064,inter
W2611932403,inter
W2611934247,inter
W2611966310,inter
W2611990442,inter
W2612032753,inter
W2612037847,inter
W2612049492,inter
W2612053292,inst
W2612063021,inter
W261206932,inter
W2612074600,inter
W2612076670,inter
W2612104483,inter
W2612114597,inter
W2612179101,inst
W2612195446,inst
W2612212426,inter
W2612228035,inter
W2612281133,inter
W2612281806,inter
W2612313518,inter
W2612329522,inter
W2612332160,inter
W2612335793,inter
W2612473079,inter
W2612492960,inter
W2612526924,inter
W2612622960,inst
W2612647132,inter
W2612676526,inter
W2612685246,inter
W2612690371,top tier
W2612693684,uni
W2612706635,inter
W2612731403,inst
W2612759037,inter
W2612773933,inter
W2612803454,inter
W2612805205,inter
W2612824601,inter
W2612836460,inter
W2612838847,inter
W2612853140,inter
W2612870373,inter
W2612907783,inter
W2612933602,inter
W2612956469,inter
W2612972698,inter
W2612985545,inter
W2612997776,inter
W2613010233,inter
W2613041730,inter
W2613057690,inter
W2613066110,inter
W2613070411,inter
W2613133334,inter
W2613150457,inter
W2613153074,inter
W2613155248,inter
W2613168994,inter
W2613172490,inter
W2613181504,inter
W2613207354,inter
W2613282520,inter
W2613296094,inter
W2613307342,inter
W2613392105,inter
W2613427450,inter
W2613438764,inter
W2613468763,inter
W2613503760,inst
W2613509467,inter
W2613548699,inter
W2613564058,inter
W2613565282,inter
W2613570903,inter
W2613572474,inter
W2613618894,inst
W2613685575,inst
W2613718673,top tier
W2613740561,inter
W2613800022,inter
W2613833839,inter
W2613884615,inter
W2613886079,inter
W2613890412,inter
W2613902731,inter
W2613933396,inter
W2613967729,inter
W2613977835,inter
W2613997951,inter
W2614021444,inter
W2614041301,inter
W2614094595,inter
W2614216395,inter
W2614239970,inter
W2614259051,inter
W2614264617,inter
W2614376571,inter
W2614424296,inter
W2614482912,inter
W2614559849,inter
W2614561085,inter
W2614562328,inter
W261461018,inst
W2614616909,inter
W2614831864,inter
W2614846041,inter
W2615009103,inter
W2615032951,inter
W2615068864,inter
W2615071493,inter
W2615076667,inter
W2615082125,inter
W2615186871,inter
W2615187451,inter
W2615195201,inter
W2615302554,inter
W2615310743,inter
W2615384791,inter
W2615416810,inter
W2615439138,inter
W2615459164,inter
W2615507202,uni
W2615668591,inter
W2615695282,inter
W2615705357,inter
W2615758719,inter
W2615777654,inter
W2615799874,inter
W2615859958,inst
W2615906297,inter
W2615973733,inter
W2615977073,uni
W2616014673,inst
W2616108305,inter
W2616179093,inter
W2616206252,inter
W2616233103,inter
W2616247523,inter
W2616288224,inter
W2616354903,inst
W2616455011,inter
W2616539859,inter
W2616630373,inter
W2616839112,inter
W2616870332,inter
W2616932734,inter
W2617122763,inter
W2617126609,inter
W2617260917,inter
W2617314355,inter
W2617377769,inst
W2617446769,inter
W2617470899,inter
W2617505534,inter
W2617558994,inter
W2617561348,inter
W2617659182,inter
W2617685429,inter
W2617687473,inter
W2617739269,inter
W2617748895,inst
W2617855130,inter
W2617878871,inst
W2617902647,inter
W2617931713,inter
W2617971783,inter
W2617996533,inter
W2618012156,inter
W2618059366,uni
W2618224831,inter
W2618231873,inter
W2618313495,inter
W2618317993,inter
W2618353736,inter
W2618375037,inter
W2618403832,inter
W2618448645,inst
W2618467698,inter
W2618492571,inter
W2618564128,inter
W2618637117,inter
W2618668396,inter
W2618685348,inter
W2618784638,inter
W2618872230,inter
W2618898480,inter
W2618942709,inter
W2618943282,inter
W2618997156,inter
W2618999197,inst
W2619047220,inter
W2619107246,inter
W2619159161,inter
W2619383789,inst
W2619386616,inter
W2619462156,inter
W2619470474,inter
W2619532043,inter
W2619541586,inter
W2619568410,inter
W2619651298,inter
W2619697695,inst
W2619806930,inter
W2619850093,inter
W2619875428,inst
W2619914165,inter
W2619945149,uni
W2619948933,inter
W2620014403,uni
W2620198059,inst
W2620204521,inter
W2620239873,inst
W2620303912,inter
W2620405083,inter
W2620434370,uni
W2620469717,inter
W2620475325,uni
W2620578070,inter
W2620580412,inter
W2620592392,inter
W2620629206,inter
W2620636316,inter
W2620661538,inter
W2620670159,inter
W2620694480,inst
W2620707255,inter
W2620760558,inter
W2620774025,uni
W2620788719,inter
W2620828027,inter
W2620871317,inter
W2620904645,inter
W2620915497,inter
W2620945779,inter
W2620998106,inter
W2621048556,inter
W2621049441,inter
W2621061298,inter
W2621072763,inter
W2621121458,inter
W2621197517,inter
W2621212586,inter
W2621235041,inter
W2621250964,inter
W2621365674,inter
W2621367454,inter
W2621394166,inter
W2621395033,inter
W2621526417,inter
W2621528651,inter
W2621888004,uni
W2621980167,uni
W2622188125,inter
W2622611262,inter
W2622741406,inter
W2622743330,inter
W2622788983,inst
W2622829582,inter
W2622869769,inter
W2623254152,inter
W2623293810,top tier
W2623351424,inter
W2623412144,inter
W2623415691,inter
W2623464795,inter
W2623546809,inter
W2623550831,inter
W2623591943,inter
W2623629680,inter
W2623646697,inter
W2623742494,inter
W2623745753,inter
W2623766746,inter
W2623860192,inter
W2623885517,inter
W2624074119,inter
W2624075665,inter
W2624112727,inter
W2624181600,inter
W2624277607,inter
W2624299682,inst
W2624304035,inter
W2624406895,inter
W2624457417,inter
W2624504306,inter
W2624592324,inter
W2624695942,inter
W2624699030,inter
W2624753323,inter
W2624755614,inter
W2624775096,inter
W2624912704,inter
W2624952755,inter
W2624964470,inter
W2624989916,inter
W2625013748,inter
W2625136576,inter
W2625192200,inter
W2625302789,inter
W2625366777,inter
W2625401791,inter
W2625478334,inter
W2625724326,inst
W2625734062,inter
W2625737531,inter
W2625739732,inter
W2625750350,inter
W2625765519,uni
W2625774291,inter
W2625817666,inter
W2625829240,inter
W2625850712,inter
W2625940279,inst
W2625954420,inst
W2625961748,inter
W2625973504,inter
W2625989170,inter
W2626019822,inter
W2626037244,inter
W2626052287,inter
W2626074815,inter
W2626097643,inter
W2626107033,inst
W2626129225,inter
W2626188202,inter
W2626190859,inter
W2626294781,inter
W2626353086,inter
W2626368339,inter
W2626468835,inter
W2626578807,inter
W2626624520,inter
W2626749561,inter
W2626764419,inter
W2626868012,inter
W26269123,inter
W2626974702,inter
W2627006445,inst
W2627036743,inter
W2627044814,inter
W2627092829,inst
W2627129130,inter
W2630750947,inter
W2630805023,inst
W2631399126,inter
W2633139931,inter
W2636249423,inst
W2637598222,inter
W2638101844,inter
W2639323283,inter
W2640408555,inter
W2640461821,inter
W2640502922,inter
W2642364513,inter
W264280621,inter
W264357520,inter
W264482033,inter
W2645070780,inter
W2645357447,inter
W264743668,inter
W2648194195,inter
W2651397102,inter
W2652751060,inter
W26530055,inter
W2653504903,inst
W2655474746,inter
W2657631929,inter
W2658637533,inter
W2659181844,inst
W2662240413,inter
W2662765459,inter
W26628022,inter
W2663068671,inter
W266430444,inter
W2665124875,inter
W2671159796,inter
W267269276,inter
W2675961628,uni
W2676890506,inter
W26772505,inter
W2678182471,inst
W2679426462,inst
W2679482918,inst
W2681138350,inter
W2681991495,inter
W2683103220,inter
W268381507,inst
W2684962896,inter
W2685669664,inst
W2687503617,inter
W2689968489,inter
W2692165502,inter
W2692525015,inter
W26935962,inter
W2693668331,inter
W2694935213,inst
W2696026817,inter
W2698079713,inter
W2698406033,inter
W2698953747,inter
W2701059868,inter
W2701380475,inter
W2701472162,inter
W2703293445,inter
W2703616258,inter
W2703895418,inst
W2705431144,inter
W2706591630,inter
W2708846726,inter
W2709402577,inter
W2709951493,inter
W2710180624,inter
W2710481597,inter
W2715180370,uni
W2716368418,inter
W2716665989,inter
W271704805,inter
W2717184009,inst
W2717964723,inter
W2723957454,inter
W2724157890,inter
W2724213014,inst
W2724374034,inter
W2724806710,inter
W2725138281,inst
W2725161044,inter
W2725179571,inter
W2725210289,inter
W2725236716,inst
W2725447594,inter
W2725469652,inter
W2725541299,inter
W2725595381,uni
W2725606191,inter
W2725673198,uni
W2725687032,inter
W2725751619,inter
W2725765016,inter
W2725818073,inter
W2726198058,inst
W2726240585,inter
W2726300831,inter
W2726408216,inter
W2726482532,inter
W2726672824,inter
W2726994734,inter
W2727037355,inter
W2727186326,inter
W2727220479,inter
W2727270775,inter
W2727391902,inter
W2727617507,inter
W2727625781,inter
W2727656886,inter
W2727699974,inter
W2727717795,inter
W2727721695,inter
W2727901370,inter
W2728059831,inter
W2728075319,inter
W2728096264,inter
W2728100876,inter
W2728139098,inter
W2728420778,inter
W2728842346,inter
W2728977829,inter
W2729018917,inter
W2729166723,inter
W2729202940,inter
W2729430719,inter
W2729742878,inter
W2729792188,inter
W2729851701,inst
W2729956805,inter
W2730003553,inter
W2730411900,inter
W2730583849,uni
W2730608559,inter
W2730646239,inter
W2730857131,inter
W2730876232,inter
W2730947821,inter
W2731034225,inter
W2731090586,inter
W2731090626,inter
W2731118119,inter
W2731177689,inter
W2731197078,inter
W2731263778,inter
W2731355048,inter
W2731412463,inter
W2731605675,inter
W2731636953,inter
W2731762594,inter
W2731793484,inter
W2731821979,inter
W2731846968,inter
W2731865786,inter
W2731882144,inter
W2732016147,inter
W2732016772,inter
W2732026016,inst
W2732036031,uni
W2732097898,inter
W2732123495,inter
W2732130497,inter
W2732400596,inter
W2732567092,inter
W2732785394,inter
W2732892496,inter
W2732937366,inter
W2732947513,uni
W2733079562,inter
W2733287843,inter
W2733332047,inter
W2733548594,inter
W2733636222,inter
W2733638363,inter
W2733670919,inter
W2734391996,inst
W2734395796,inter
W2734402721,inter
W2734424493,inter
W2734443755,inter
W2734490269,uni
W2734496894,uni
W2734500456,inter
W2734501611,inter
W2734506410,inter
W2734517401,inter
W2734517898,inst
W2734534051,inter
W2734541540,inter
W2734556049,inter
W2734572653,inter
W2734592244,inter
W2734623178,inter
W2734633251,inter
W2734703823,inter
W2734713605,inst
W2734714453,inter
W2734719707,inter
W2734726005,inter
W2734739919,inter
W2734753265,inter
W2734758221,inter
W2734768853,inter
W2734777238,inter
W2734779510,inter
W2734798129,uni
W2734805903,inter
W2734841333,inter
W2734905344,inter
W2734960757,inst
W2734982589,inst
W2735001949,inst
W2735029465,inter
W2735043505,inter
W2735056258,inter
W2735080382,inst
W2735126766,inter
W2735159761,inst
W2735173535,inter
W2735218636,inter
W2735270199,inter
W2735297657,inter
W2735323847,inter
W2735348126,inter
W2735354390,inter
W2735361817,inter
W2735365211,inter
W2735449823,inter
W2735451741,inter
W2735512415,inst
W2735540554,inter
W2735558707,inter
W2735610391,inter
W2735622194,inter
W2735639773,inst
W2735666957,inter
W2735676114,inter
W2735676894,inter
W2735680049,inter
W2735680660,inter
W2735711969,inst
W2735766064,inter
W2735848269,inter
W2735899529,uni
W2735951687,inter
W2735966647,inter
W2735974062,inter
W2736040673,inter
W2736053388,inst
W2736056409,inter
W2736101782,inter
W2736197395,inter
W2736213614,inst
W2736219894,inst
W2736222148,inter
W2736230459,inter
W2736330448,inter
W2736334449,inst
W2736384915,inter
W2736402963,inter
W2736433402,inter
W2736442062,inter
W2736466573,inter
W2736503945,inter
W2736535843,inter
W2736551782,inter
W2736576486,inter
W2736590139,inter
W2736596806,inst
W2736614725,inter
W2736678550,inter
W2736688973,inst
W2736731300,inter
W2736740032,inter
W2736741670,inter
W2736741942,inter
W2736761179,inter
W2736768677,inter
W2736773773,inter
W2736802450,inter
W2736823879,inter
W2736904962,inter
W2736953746,inst
W2736960357,inter
W2736967564,inter
W2737024909,inst
W2737041163,inst
W2737059442,inter
W2737075200,inter
W2737094507,inter
W2737097631,inst
W2737134362,inter
W2737146145,inter
W2737184189,inter
W2737195730,inter
W2737202447,inter
W2737214009,inter
W2737238810,inter
W2737258237,inst
W2737260104,inter
W2737368828,inter
W2737392365,inter
W2737529999,inter
W2737577280,inter
W2737641195,inst
W2737652487,inst
W2737682710,inst
W2737725206,inter
W2737726467,inst
W2737762472,inter
W2737853910,inter
W2737854368,inter
W2737889100,inst
W2737931494,inter
W2737969950,inter
W2738042021,inter
W2738051834,inter
W2738089147,inter
W2738091747,inter
W2738176089,inter
W2738226240,inter
W2738235900,inst
W2738245923,inter
W2738362612,inter
W2738406145,inter
W2738441955,inter
W2738449735,inter
W2738450183,inter
W2738486593,inter
W2738514392,inter
W2738558695,inter
W2738594406,inter
W2738614788,inter
W2738647319,inter
W2738649458,inst
W2738701483,inter
W2738729948,inst
W2738753737,inter
W2738760914,inter
W2738874969,inter
W2738882920,inter
W2739058634,inter
W2739060149,inter
W2739068909,inter
W2739080336,inter
W2739107216,inter
W2739128850,inter
W2739132638,inter
W2739156281,inter
W2739179646,inst
W2739213867,inter
W2739273633,inter
W2739326870,inter
W2739337234,inter
W2739466008,inter
W273955616,top tier
W2739565366,inst
W2739643621,inter
W2739716023,inter
W2739716219,inst
W2739722733,inter
W2739782822,inst
W2739789140,inter
W2739832963,uni
W2739879705,inter
W2739890004,inter
W2739917809,inter
W2739937239,inter
W2739951477,inter
W2739974641,inst
W2739992143,inter
W2740016902,inter
W2740058547,inter
W2740063619,inst
W2740070748,inst
W2740103755,inst
W2740125792,inter
W2740139074,inter
W2740147847,inter
W2740172877,inter
W2740186459,inter
W2740234477,inter
W2740311783,inter
W2740336064,inter
W2740356721,inter
W2740384745,inter
W2740388348,inter
W2740400853,inter
W2740447372,inter
W2740468505,inst
W2740520864,inter
W2740567223,inter
W2740569051,inter
W2740620254,inter
W2740656851,inst
W2740667773,inter
W2740721704,inter
W2740755807,inter
W2740797520,inter
W2740819638,inter
W2740924709,inter
W2740982616,inter
W2741014559,inter
W2741041479,inter
W2741077351,inter
W2741141082,inter
W2741245217,inter
W2741249238,inst
W2741261073,inter
W2741292700,inter
W2741295496,inter
W2741385360,inter
W2741398047,uni
W2741483740,inter
W2741530248,inst
W2741550485,inter
W2741561025,inst
W2741630455,inter
W2741634395,inst
W2741685884,inter
W2741707093,inter
W2741724111,inter
W2741770674,inter
W2741785456,inter
W2741827384,inter
W2741927843,inter
W2741957260,inter
W2741994257,inst
W2741997154,inst
W2742049614,inter
W2742066584,inter
W2742102025,uni
W2742143754,inter
W2742152118,inter
W2742157926,inter
W2742252859,inter
W2742256643,inter
W2742294405,inter
W2742306840,inter
W2742329683,inter
W2742348833,inter
W2742350709,inter
W2742394249,inter
W2742400085,inter
W2742405391,inter
W2742443763,inter
W2742516792,inter
W2742606627,inter
W2742737904,inter
W2742902929,inst
W2742956305,inter
W2743020103,inter
W2743089062,inter
W2743215626,inter
W2743223415,inter
W2743289088,inst
W2743372195,inter
W2743395569,inter
W2743470490,inter
W2743597111,inter
W2743635406,inter
W2743702376,inter
W2743816849,inter
W2743862328,inter
W2743904806,inter
W2743905801,inter
W2743980524,inter
W2744079410,inter
W2744091666,inter
W2744105774,inter
W2744111766,inst
W2744129621,inter
W2744184417,inter
W2744190170,inter
W2744242754,inter
W2744273759,inter
W2744308034,inter
W2744349780,inter
W2744356217,inter
W2744422425,inter
W2744431661,inter
W2744433475,uni
W2744453747,inter
W2744462161,inter
W2744490888,inter
W2744520801,inter
W2744570290,inter
W2744570394,inst
W2744613561,inter
W2744628735,inter
W2744636976,inter
W2744673721,inter
W2744690378,inter
W2744692634,inter
W2744693751,inst
W2744804236,inter
W2744859341,inter
W2744915377,inter
W2744954493,inst
W2745034467,inter
W2745157079,inter
W2745332102,inter
W2745362263,inter
W2745368269,inter
W2745429170,inter
W2745461083,top tier
W2745597836,inter
W2745606257,inst
W2745664816,inter
W2745755793,inter
W2745838499,inter
W2745940724,inter
W2745993090,inter
W2746031786,inter
W2746063368,inter
W2746153069,inter
W2746215826,inter
W2746235620,inter
W2746241639,inst
W2746270051,inter
W2746343748,uni
W2746367002,uni
W2746400563,uni
W2746419079,inst
W2746495981,inter
W2746505796,inter
W2746690474,inter
W2746698054,inter
W2746726611,inter
W2746759963,inter
W2746776228,inter
W2746779550,uni
W2746791757,inst
W2746802549,inter
W2746802773,uni
W2746834070,inter
W2746903053,inter
W2746909688,inter
W2746923101,inter
W2747134193,inter
W2747268660,inter
W2747359207,inst
W2747456275,inter
W2747472841,inst
W2747474452,inst
W2747551208,inter
W2747590145,inter
W2747623286,inter
W2747722233,inter
W2747742240,inter
W2747772966,inter
W2747853580,inter
W2747969544,inter
W2747971139,inter
W2747974859,inter
W2748045168,inter
W2748084770,inst
W2748099705,inter
W2748140016,inter
W2748152240,inter
W2748179705,inter
W2748391565,inter
W2748409529,inter
W2748409741,inter
W2748436845,inter
W2748572443,inter
W2748618181,inter
W2748640476,inter
W2748740989,inst
W2748787960,inst
W2748806792,inst
W2748818695,inter
W2748912953,inter
W2748954813,inter
W2749203358,inter
W2749224737,inter
W2749439257,inter
W2749507674,inter
W2749631379,inst
W2749651311,inter
W2749720643,inter
W2749942705,inter
W2750090781,inst
W2750193626,inst
W2750247885,inter
W2750288773,inter
W2750291125,inter
W2750400961,inter
W2750406316,inter
W2750432752,inter
W2750444717,inter
W2750448671,uni
W2750485376,inter
W2750515003,inter
W2750549109,inter
W2750575765,inter
W2750670530,inter
W2750714283,inst
W2750743999,inter
W2750744623,inst
W2750747353,inter
W2750760652,inter
W2750784772,inter
W2750917225,inter
W2750934719,inter
W2750944369,inter
W2751023760,top tier
W2751079198,inter
W2751094281,inter
W2751152274,uni
W2751202750,inter
W2751298778,inter
W2751317553,inter
W2751323813,inter
W2751348143,inter
W2751352153,inter
W2751366252,inter
W2751399725,inter
W2751417409,inter
W2751489612,inter
W2751512711,inter
W2751519133,inter
W2751527418,inst
W2751572766,inst
W2751574673,inter
W2751596245,inter
W2751607618,inst
W2751625010,inst
W2751647243,inter
W2751676893,inter
W2751722336,inst
W2751729588,inter
W2751746637,inter
W2751760690,inter
W2751779490,inst
W2751791540,uni
W2751793149,inter
W2751841560,inter
W2751850814,inter
W2751868227,inter
W2751904527,inter
W2751947065,inst
W2752015292,inter
W2752052041,inter
W2752061190,inter
W2752108452,inter
W2752117717,inter
W2752154940,inter
W2752158604,inter
W2752166613,inter
W2752194699,inter
W2752251638,inter
W2752257752,inter
W2752332392,inst
W2752333343,inter
W2752397115,inter
W2752401453,inter
W2752441946,uni
W2752444216,inter
W2752455195,inter
W2752478354,inter
W2752495101,inter
W2752508182,inter
W2752560646,inter
W2752564268,inter
W2752581772,inter
W2752623698,inter
W2752849906,inst
W2752885492,top tier
W2752903123,inter
W2752965000,inter
W2753079413,inst
W2753160569,inter
W2753352458,inter
W2753412869,inst
W2753419519,inter
W2753424941,inter
W2753479239,inst
W2753526808,inter
W2753545800,inter
W2753576349,inter
W2753580776,inter
W2753584194,inter
W2753585338,inter
W2753607224,inter
W2753645335,inter
W2753669113,inst
W2753672155,inter
W2753683282,inter
W2753688946,inter
W2753713840,inter
W2753745694,inter
W2753753332,inter
W2753840835,inter
W2753871665,inter
W2753896574,inst
W2753919623,inter
W2753953057,inst
W2753968620,inter
W2753969964,inter
W2754081411,inter
W2754084392,inter
W2754096695,inst
W2754131115,inter
W2754362182,inter
W2754368137,inst
W2754369112,inter
W2754376709,inter
W2754447548,inter
W2754480022,inter
W2754537581,inst
W2754544178,inter
W2754625712,inter
W2754660023,inter
W2754661637,uni
W2754707804,inter
W2754733581,inter
W2754759618,uni
W2754763734,inst
W2754831170,inter
W2754836122,inst
W2754840697,inter
W2754916687,inst
W2754949079,inter
W2755021152,inter
W2755046055,inter
W2755092455,inter
W2755246756,inter
W2755255259,inter
W2755261367,inter
W2755495564,inter
W2755577605,inter
W2755601914,inter
W2755605905,inter
W2755613158,inter
W2755624598,inter
W2755685710,inter
W2755753771,inst
W2755770860,inter
W2755775376,inter
W2755802490,inter
W2755830913,inst
W2755855890,inter
W2755950973,top tier
W2756038645,inter
W2756063557,inter
W2756090272,inter
W2756108498,inter
W2756154119,inst
W2756235183,inter
W2756276247,inter
W2756276360,inter
W2756294556,inter
W2756347388,inter
W2756388459,inter
W2756389538,inter
W2756408070,inter
W2756426839,inter
W2756444473,inter
W2756483258,inter
W2756489849,inter
W2756505297,inter
W2756610685,inter
W2756621907,inter
W2756672502,inter
W2756749945,inter
W2756829667,inter
W2756871040,inter
W2756940441,inter
W2757028014,inter
W2757141329,inter
W2757143511,inter
W2757312963,inter
W2757349810,inter
W2757389364,inter
W2757389665,inst
W2757528734,inter
W2757541972,inter
W2757640857,inter
W2757657459,inter
W2757727956,inter
W2757817063,inter
W2757828535,inter
W2758039286,inter
W2758108284,inter
W2758176147,inter
W2758509082,inter
W2758567122,inter
W2758584002,inter
W2758592353,inst
W2758611262,uni
W2758626922,inter
W2758658821,inter
W2758695710,inter
W2758696762,inter
W2758698281,inst
W2758737370,inter
W2758741657,inter
W2758801564,inter
W2758913579,inter
W2758953455,inter
W2759125929,inter
W2759194679,inst
W2759211898,inst
W2759270896,inst
W2759302818,inter
W2759348285,inter
W2759377581,inter
W2759422161,inter
W2759474451,inter
W2759518055,inter
W2759733328,inter
W2759764766,inst
W2759783782,inter
W2759815337,inter
W2759831175,inter
W2759856289,inter
W2759976962,inter
W2760243299,inter
W2760284407,inter
W2760287881,inter
W2760327656,inter
W2760411272,inter
W2760443630,inter
W2760494456,inst
W2760669341,inter
W2760712352,inter
W2760741440,inter
W2760815570,inter
W2760859903,inter
W2760998155,inst
W2761013222,inter
W2761085955,inter
W2761121566,inter
W2761125797,inter
W2761129490,inter
W2761148392,inter
W2761192738,inter
W2761218489,inter
W2761220752,inter
W2761236734,inter
W2761262947,inter
W2761270199,inter
W2761273232,inter
W2761299716,inter
W2761323971,inst
W2761338514,inst
W2761346009,inter
W2761386781,inter
W2761470005,inter
W2761557154,inter
W2761578098,inter
W2761620348,inst
W2761623801,inter
W2761669656,inter
W2761675321,inter
W2761676406,inter
W2761757071,inter
W2761782810,inter
W2761785940,inst
W2761862361,inter
W2761979295,inter
W2761989652,inter
W2761999006,inter
W2762015443,inter
W2762085884,inter
W2762120808,inter
W2762129566,inter
W2762155252,inter
W2762176006,inter
W2762180135,inst
W2762297287,inter
W2762330804,inter
W2762383441,inst
W2762410434,inst
W2762414772,inter
W2762439315,inter
W2762479434,inter
W2762483990,inter
W2762552068,inter
W2762588455,inter
W2762607974,inter
W2762609640,uni
W2762625979,inst
W2762628409,inter
W2762631622,inst
W2762650665,inter
W2762658472,inst
W2762733685,inter
W2762794304,inter
W2762801414,inter
W2762853287,inter
W2762860557,inter
W2762867765,inter
W2762906873,inter
W2762910930,inst
W2762995172,inter
W2763020195,inter
W2763024145,inter
W2763109602,inter
W2763152536,inter
W2763243425,inter
W2763261950,inter
W2763268728,inter
W2763522707,inter
W2763530403,inter
W2763543363,inter
W2763549657,inter
W2763592376,inter
W2763778849,inst
W2763822693,inst
W2763827256,inter
W2763859270,inter
W2763866216,inter
W2763902962,inter
W2763937804,inter
W2763971303,inter
W2763988183,inter
W2764015261,inter
W2764023592,inter
W2764065518,inst
W2764139274,inter
W2764142939,uni
W2764212456,inter
W2764221523,inst
W2764289073,inter
W2764329469,inst
W2765101833,inter
W2765130284,inter
W2765131766,inter
W2765132896,inter
W2765147099,inst
W2765164841,inter
W2765167783,inter
W2765170773,inter
W2765188185,inter
W2765200655,inter
W2765227388,inst
W2765235648,inst
W2765239305,inst
W2765255210,inst
W2765268259,inst
W2765276137,inst
W2765300765,inst
W2765332150,inter
W2765352990,inter
W2765393545,inter
W2765417404,inter
W2765444682,inter
W2765471166,uni
W2765548724,inter
W2765602176,inter
W2765616963,inst
W2765658200,inter
W2765685479,inter
W2765754172,inter
W2765772287,inter
W2765790800,inter
W2765804761,inter
W2765810025,inter
W2765813195,inst
W2765815475,inter
W2765816777,inst
W2765838470,inter
W2765864789,inter
W2765875984,inter
W2765876398,inter
W2765883747,inter
W2765934242,inter
W2765934933,inter
W2765937510,inter
W2765948825,inst
W2765962194,inst
W2765970199,inter
W2766000330,inst
W2766012644,inter
W2766019126,inst
W2766023540,inter
W2766025597,inter
W2766052299,inst
W2766053035,inter
W2766079582,inter
W2766090788,inter
W2766106797,inter
W2766129584,inter
W2766131910,inter
W2766143712,inter
W2766165671,inter
W2766191760,inter
W2766194656,inter
W2766201984,inter
W2766219058,inst
W2766220735,inter
W2766267484,inter
W2766282223,inter
W2766294908,inst
W2766308504,inter
W2766328038,inter
W2766362889,inter
W2766363310,inter
W2766373199,inter
W2766389674,inter
W2766392850,inter
W2766393794,inter
W2766406131,inter
W2766425260,inter
W2766447205,inter
W2766455234,inst
W2766458758,inst
W2766476556,inter
W2766488262,inter
W2766496082,inter
W2766522683,inter
W2766534375,inter
W2766540679,inter
W2766546268,inter
W2766555673,inter
W2766595478,inter
W2766596763,inst
W2766624681,inter
W2766629694,inter
W2766657463,inter
W2766708151,inter
W2766712919,inst
W2766738988,inter
W2766750593,inter
W2766765151,inter
W2766800499,inter
W2766831133,inst
W2766836212,inst
W2766849226,inter
W2766853874,inter
W2766856689,inter
W2766867145,inter
W2766882809,inter
W2766908198,inter
W2766921194,inter
W2766944557,inter
W2766985280,inter
W2766997636,inter
W2767005589,inter
W2767013869,inter
W2767016695,inter
W2767035042,inter
W2767037466,inter
W2767042498,inter
W2767064706,inter
W2767068794,inter
W2767072221,inter
W2767092997,inter
W2767101596,inter
W2767103072,inter
W2767106145,inst
W2767142767,inter
W2767153625,inter
W2767155774,inter
W2767200727,inter
W2767222410,inter
W2767288174,inter
W2767288454,inter
W2767289262,inter
W2767290858,inter
W2767302379,inter
W2767344535,inst
W2767362598,inter
W2767406404,uni
W2767419159,inter
W2767420072,inter
W2767426931,inter
W2767434288,inter
W2767445435,inter
W2767495451,uni
W2767500585,inter
W2767547957,inter
W2767549420,inst
W2767605087,inter
W2767615785,inst
W2767630313,inst
W2767653264,inter
W2767666764,uni
W2767761371,inter
W2767781337,inter
W2767793031,inter
W2767795225,inter
W2767825479,inter
W2767850900,inst
W2767852858,inter
W2767898996,inter
W2767911917,inter
W2767937594,inst
W2767952447,inter
W2767961055,inter
W2767961350,inter
W2767963221,inter
W2767969791,inter
W2767975492,inter
W2767979165,uni
W2768010949,inst
W2768027152,inter
W2768062431,inter
W2768086131,inter
W2768163028,inst
W2768215901,inter
W2768228114,inter
W2768233943,inter
W2768253500,inter
W2768254111,inst
W2768257650,inter
W2768290498,inter
W2768340063,inter
W2768348081,inter
W2768357551,inter
W2768423623,inter
W2768473193,inter
W2768477045,inst
W2768489488,inter
W2768525488,uni
W2768531189,inst
W2768539325,inter
W2768591600,inter
W2768597617,inter
W2768610172,inter
W2768683308,inter
W2768701284,inter
W2768716227,inter
W2768718880,inter
W2768744233,inter
W2768763952,inter
W2768818485,inter
W2768822919,inter
W2768853466,inter
W2768896610,inter
W2768919152,inter
W2768956845,inter
W2768971065,inter
W2768986114,inter
W2768993447,inst
W2769032251,inst
W2769039400,inter
W2769043187,inter
W2769121776,inter
W2769165247,inter
W2769196221,inter
W2769200500,inter
W2769239713,inter
W2769243964,inter
W2769281828,inter
W2769317996,inter
W2769327812,inter
W2769332461,inter
W2769360815,inter
W2769427361,inter
W2769443623,inter
W2769506033,inst
W2769575562,inter
W2769581371,inter
W2769604969,inter
W2769622415,inter
W2769632073,inter
W2769656678,inter
W2769666294,inter
W2769677573,inter
W2769726074,inter
W2769823506,inter
W2769828869,inter
W2769833683,inter
W2769870200,inter
W2769893975,inter
W2769908547,inter
W2769986458,inter
W2770018998,inter
W2770040993,inter
W2770073503,inst
W2770107369,uni
W2770114745,inter
W2770119645,inter
W2770133867,inter
W2770146469,inter
W2770156338,inter
W2770179224,inter
W2770240892,inter
W2770337414,uni
W2770347677,uni
W2770353058,inter
W2770361477,inter
W2770445302,inter
W2770446278,inter
W2770446450,inter
W2770456481,inter
W2770465907,inter
W2770501762,inter
W2770534877,inter
W2770548384,inter
W2770549330,inter
W2770574439,inter
W2770602608,inter
W2770613891,inst
W2770623724,uni
W2770671463,inter
W2770679962,inter
W2770765408,inter
W2770865754,inter
W2770878548,inter
W2770878706,inter
W2770885069,inter
W2770887258,inter
W2770929246,inter
W2770930158,inter
W2770937153,inter
W2770937285,inter
W2770980425,inter
W2771039340,inter
W2771079624,inter
W2771116199,inter
W2771193034,inter
W2771248105,inter
W2771252144,inst
W2771286954,inter
W2771292748,inter
W2771305881,inst
W2771328060,inst
W2771361008,inter
W277143145,inter
W2771446329,inter
W2771479634,inter
W2771482031,inter
W2771492155,uni
W2771556079,inter
W2771803504,inter
W2771875038,inter
W2771905959,inter
W2771918349,inter
W2771949901,inst
W2771967496,inter
W2772032254,inter
W2772038619,inter
W2772043392,inst
W2772066451,inter
W2772069613,inter
W2772283936,inter
W2772298324,inter
W2772321112,inst
W2772330423,inst
W2772422095,inst
W2772434162,inter
W2772455713,inter
W2772550893,inter
W2772565092,inter
W2772572641,inter
W2772601103,inter
W2772617084,inter
W2772635292,inter
W2772720275,inter
W2772723798,inst
W2772726293,inter
W2772738902,inter
W2772793334,inter
W2772807769,inter
W2772846498,inter
W2772926238,inter
W2772941098,inter
W2772968879,inter
W2772973030,inter
W2773003563,inter
W2773031116,uni
W2773100222,inter
W2773153974,inter
W2773154457,inter
W2773170971,inter
W2773198688,inter
W2773258545,uni
W2773306503,inter
W2773325192,inter
W2773339846,inst
W2773353867,inter
W2773367493,inter
W2773403557,inter
W2773418006,inter
W2773448137,inter
W2773454392,inter
W2773493604,inter
W2773588894,inter
W2773601124,inter
W2773662615,inter
W2773694050,inter
W2773701578,inst
W2773706593,inter
W2773837621,inter
W2773860592,inter
W2773864413,inter
W2773987374,inter
W2774013310,uni
W2774034381,inter
W2774064151,inter
W2774092941,inst
W2774100094,inter
W2774176625,inter
W2774208773,inter
W2774244034,inter
W2774317241,inter
W2774335449,inter
W2774451424,inter
W2774498188,uni
W2774514250,inter
W2774532408,inter
W2774541916,inter
W2774581827,inter
W2774607536,inter
W2774665406,inter
W2774677654,inter
W2774686253,inter
W2774705049,inter
W2774738748,inter
W2774778035,inter
W2774816030,inter
W2774833929,inter
W2774839435,inst
W2774872969,inter
W2775025071,inter
W2775081293,inter
W2775104899,inter
W2775132284,inter
W2775134884,inter
W2775198528,inter
W2775283542,inter
W2775383661,inter
W2775501751,inter
W2775515080,inter
W2775524044,inter
W2775571794,inter
W2775609985,inter
W2775700414,inter
W2775776326,inter
W2775794021,inter
W2775805906,inter
W2775811337,inter
W2775821823,inst
W2775906317,inter
W2775907600,inter
W2775914404,inter
W2775977530,inter
W2776033207,inter
W2776039100,inter
W2776074204,inter
W2776207810,inter
W2776277180,inter
W2776312359,inst
W2776356849,inter
W2776454016,inter
W2776460497,inter
W2776483782,inter
W2776500869,inter
W2776507577,inst
W2776530412,inter
W2776601846,inter
W2776621604,inter
W2776622059,inter
W2776766448,inter
W2776778982,uni
W2776975642,inter
W2777086937,inter
W2777157629,inter
W2777186991,inter
W2777194773,inter
W2777292639,inter
W2777342313,inter
W2777460464,inst
W2777476837,inter
W2777479635,inter
W2777515761,inter
W2777517149,inter
W2777534232,inter
W2777551880,inter
W2777664235,inter
W2777670270,uni
W2777686015,inter
W2777769595,inter
W2777876529,inter
W2778100917,inter
W2778124553,inter
W2778138942,inter
W2778143478,inter
W2778268008,inst
W2778355115,inter
W2778430197,inter
W2778476852,inter
W2778539913,inter
W2778540638,inter
W2778611688,inter
W2778641202,inter
W2778720069,inter
W2778800374,inter
W2778850657,inter
W2778859842,inst
W2778955544,inter
W2779060144,inter
W2779066530,inter
W2779110215,inter
W2779209348,inter
W2779238497,inst
W2779252670,inter
W2779380177,inter
W2779491909,inter
W2779495751,inter
W2779533045,inter
W2779533463,inter
W2779552134,inter
W2779610669,inter
W2779757316,inter
W2779762454,inter
W2779804704,inter
W2779833827,inter
W2779893448,inter
W2779945518,inter
W2779991293,inter
W2780035115,inst
W2780040825,inst
W2780100774,inter
W2780124552,inst
W2780314033,inter
W2780351918,inter
W2780476542,inter
W2780564062,inter
W2780607146,inter
W2780624730,inst
W2780643544,inter
W2780661351,inter
W2780664485,inter
W2780743836,inst
W2780762329,inst
W2780828922,inter
W2780906878,inter
W2780918913,inter
W2780954022,inter
W2781085299,inter
W2781146511,inter
W2781287151,inter
W2781292787,inst
W2781335552,inter
W2781410758,inter
W2781433017,uni
W2781490486,uni
W2781491433,inter
W2781542913,inter
W2781589682,inter
W2781593575,inter
W2781625113,uni
W2781677913,inter
W2781731889,inter
W2781738013,top tier
W2781801258,inter
W2781821509,inter
W2781871595,inter
W2781891981,inter
W2781902417,inst
W2781917523,inter
W2781947165,inter
W2782105028,inter
W2782169620,inter
W2782213427,inter
W2782227862,uni
W2782245701,inter
W2782256660,inter
W2782290149,inter
W2782299476,inter
W2782305792,inter
W2782317669,inst
W2782322490,inter
W2782396879,inter
W2782417188,inter
W2782436336,inter
W2782454659,inter
W2782492233,inst
W2782564691,inter
W2782574535,inst
W2782598579,inter
W2782638200,inter
W2782654009,inter
W2782673532,inter
W2782683847,inter
W2782686575,inter
W2782693826,inter
W2782751828,inter
W2782776028,inter
W2782786660,inter
W2782801008,inter
W2782861800,inter
W2782865993,inter
W2782910903,inter
W2782932746,inter
W2782949024,inter
W2782954279,inst
W2782974417,inst
W2782983618,inter
W2783034914,inter
W2783037699,inter
W2783038397,inter
W2783073469,inter
W2783084597,inter
W2783085497,inter
W2783121640,inter
W2783140604,inter
W2783159008,inter
W2783231089,inst
W2783257340,inter
W2783272959,inter
W2783337179,inter
W2783348159,inter
W2783373164,inter
W2783390501,inter
W2783398758,inter
W2783399029,inter
W2783399051,inter
W2783408164,inter
W2783428913,inter
W2783444794,inter
W2783508736,inter
W2783508759,inter
W2783509896,inter
W2783515059,uni
W2783522756,inter
W2783534159,inter
W2783538964,inst
W2783547952,inter
W2783560802,inter
W2783562033,inter
W2783597708,inter
W2783662053,inter
W2783662649,inter
W2783684775,inter
W2783741611,inter
W2783755104,inter
W2783789239,inter
W2783844893,inst
W2783857850,inter
W2783893953,inter
W2783910400,inter
W2783946051,inter
W2783978965,inter
W2783983867,inter
W2783987282,inter
W2784010056,inter
W2784017215,inter
W2784025535,inter
W2784030825,inter
W2784050770,inter
W2784059657,inter
W2784062288,inst
W2784094261,inter
W2784115825,inter
W2784122596,inter
W2784158897,inter
W2784158898,inter
W2784169908,inter
W2784189535,inter
W2784199143,inter
W2784202254,inter
W2784226479,inst
W2784257876,inter
W2784285978,inter
W2784305176,inter
W2784344583,inter
W2784436087,inter
W2784450659,inter
W2784454238,inter
W2784527880,inter
W2784682078,inter
W2784733489,inter
W2784849271,inter
W2784972383,inter
W2785047046,inter
W2785142512,inter
W2785208313,inter
W2785271870,inter
W2785313737,inst
W2785331812,inter
W2785346526,inter
W2785360262,inter
W2785362611,inst
W2785442480,inter
W2785451509,inter
W2785456784,inter
W2785457004,inter
W2785490962,inter
W2785496677,inst
W2785585629,inter
W2785599252,inter
W2785696180,inst
W2785703666,inter
W2785736788,inter
W2785741560,inter
W2785756526,inter
W2785794719,inst
W2785822065,inter
W2785849025,inter
W2785875737,inter
W2785888911,inter
W2785935484,inst
W2785945350,inter
W2785998733,inst
W2786010338,inter
W2786036168,inter
W2786070938,inter
W2786106080,inter
W2786273134,inter
W2786278116,inter
W2786343517,inter
W2786361094,inter
W2786404910,inter
W2786407934,inter
W2786410436,inter
W2786437580,inter
W2786471113,inter
W2786499672,inter
W2786559812,inter
W2786585376,inter
W2786590692,inst
W2786622712,inter
W2786686192,inter
W2786716705,inter
W2786722666,inter
W2786753095,inter
W2786754195,inter
W2786808285,inter
W2786878059,inter
W2786929642,inter
W2786954219,inter
W2787027516,inter
W278703347,inter
W2787074033,inter
W2787178450,inst
W2787191439,inter
W2787229753,inst
W2787272945,inter
W2787293095,inter
W2787296320,inter
W2787320474,uni
W2787331725,uni
W2787444476,inter
W2787456091,inter
W2787531469,inter
W2787581402,inst
W2787587691,inter
W2787595978,inter
W2787613668,inter
W2787652318,inter
W2787714893,inter
W2787752732,inter
W2787884921,inter
W2787983338,inter
W2788038755,inter
W2788069964,inter
W2788141970,uni
W2788154928,inter
W2788159735,inter
W2788163338,inter
W2788202095,inter
W2788213358,inter
W2788240893,inter
W2788241093,inter
W2788268651,inst
W2788278286,inter
W2788305286,inst
W2788350892,inter
W2788456638,inter
W2788482690,inter
W2788574423,inter
W2788715907,inst
W2788738262,inter
W2788740710,inter
W2788756579,inst
W2788768841,inst
W2788810909,inter
W2788822833,inter
W2788825088,inter
W2788840914,inter
W2788843501,inter
W2788846526,inter
W2788853462,inter
W2788896426,inter
W2788919350,inter
W2788945373,uni
W2789089586,inter
W2789096168,inter
W2789097940,inter
W2789119599,inter
W2789142637,inter
W2789177864,inter
W2789221017,inst
W2789221157,inst
W2789244308,inst
W2789246071,inter
W2789287668,inter
W2789302726,inter
W2789310914,inter
W2789334222,inter
W2789347699,inter
W2789377834,inter
W2789383786,inst
W2789388342,inter
W2789388800,inter
W2789394729,uni
W2789409690,inter
W2789410087,inter
W2789415711,inter
W2789431741,inter
W2789436332,inst
W2789441909,inter
W2789468576,inter
W2789472277,inter
W2789478045,inter
W2789500342,inter
W2789514090,inter
W2789524952,inter
W2789530606,inst
W2789537740,inter
W2789546350,inst
W2789552536,inter
W2789555918,inter
W2789576979,inter
W2789599444,inter
W2789602252,inter
W2789609830,inter
W2789613281,inter
W2789641460,inter
W2789659149,inter
W2789682189,inst
W2789683996,inter
W2789699116,inst
W2789706618,inter
W2789713147,inter
W2789717563,inter
W2789744026,inter
W2789745890,inter
W2789755511,inter
W2789758093,inter
W2789766369,inter
W2789767547,inter
W2789853347,inter
W2789860971,inter
W2789863076,inter
W2789868604,inter
W2789874849,inter
W2789876780,inter
W2789878394,inter
W2789921101,inter
W2789922966,uni
W2789942135,inter
W2789969611,inter
W2789977517,inst
W2790016105,inter
W2790027353,inter
W2790045047,inter
W2790071765,inter
W2790079983,inter
W2790100928,inter
W2790100948,inter
W2790117856,inter
W2790166781,inter
W2790168106,inter
W2790169689,inter
W2790172562,inter
W2790191430,inter
W2790214998,inter
W2790239854,inter
W2790246244,inter
W2790266980,inter
W2790294621,inter
W2790322107,inter
W2790332992,inter
W2790342539,inter
W2790359375,inter
W2790385680,inter
W2790392345,inter
W2790400253,inter
W2790414609,inter
W2790421859,inst
W2790452209,inter
W2790478351,inter
W2790485448,inter
W2790510723,inter
W2790511123,inter
W2790515622,inter
W2790533863,inst
W2790588927,inst
W2790598392,inter
W2790600716,inter
W2790603024,inter
W2790620025,uni
W2790629101,inter
W2790701221,inter
W2790702621,inter
W2790737253,inst
W2790748542,inter
W2790757012,inst
W2790763247,inst
W2790775293,inter
W2790783612,inter
W2790854599,inter
W2790858115,inter
W2790860712,inst
W2790933894,inter
W2790955120,inst
W2790969304,inst
W2790991284,inter
W2791000998,inst
W2791005105,uni
W2791009892,inst
W2791043114,inter
W2791052411,inter
W2791067545,inter
W2791078011,inter
W2791083848,inter
W2791099390,inter
W2791144565,inst
W2791155853,inter
W2791160805,inter
W2791169496,inter
W2791170183,inter
W2791181753,inter
W2791220642,inter
W2791256362,inter
W2791268924,inter
W2791274792,inter
W2791307013,inst
W2791308775,inter
W2791350833,uni
W2791366451,inter
W2791370475,inter
W2791370836,inter
W2791384094,inter
W2791403216,inter
W2791432311,inter
W2791437400,inter
W2791445945,inter
W2791448967,inter
W2791483268,uni
W2791486843,inter
W2791492153,inter
W2791494189,inter
W2791496413,inst
W2791521493,inter
W2791565922,inter
W2791645661,inter
W2791672210,inter
W2791692086,inter
W2791697245,inst
W2791697444,inter
W2791716806,inter
W2791717940,inst
W2791722231,inter
W2791771578,inter
W2791779647,inter
W2791791681,inter
W2791797404,inter
W2791810490,inter
W2791827244,inter
W2791836213,inter
W2791869868,inter
W2791873344,inst
W2791933231,inter
W2791940667,inter
W2791942584,inter
W2791970996,inter
W2792005838,inter
W2792027052,inter
W2792030365,inter
W2792059843,uni
W2792063935,inter
W2792099215,inst
W2792112039,inst
W2792176226,inter
W2792178466,uni
W2792183839,inter
W2792196801,inter
W2792204436,inter
W2792211467,inter
W2792216949,inter
W2792220137,inter
W2792220701,inter
W2792230951,inter
W2792273912,inter
W2792275277,inst
W2792281126,inter
W2792288784,uni
W2792292164,inter
W2792311129,inter
W2792319557,inter
W2792324968,inter
W2792334037,inter
W2792373886,inter
W2792378859,inter
W2792393148,inter
W2792400747,inter
W2792447253,inter
W2792459140,inter
W2792463385,inter
W2792476061,inter
W2792481370,inter
W2792483093,inter
W2792520731,inter
W2792535852,uni
W2792542990,inter
W2792557137,inter
W2792566240,inst
W2792595326,inter
W2792598912,inter
W2792608393,inter
W2792630391,uni
W2792672492,inter
W2792677924,inter
W2792689221,inter
W2792716682,inter
W2792724803,inter
W2792730533,inter
W2792756593,inter
W2792760318,inter
W2792760875,inter
W2792770187,inter
W2792806930,inter
W2792810743,inst
W2792811133,inter
W2792816440,inter
W2792819830,inter
W2792824754,inter
W2792824988,inter
W2792896688,inter
W2792902314,inter
W2792921542,inter
W2792925809,inter
W2792959840,uni
W2792970963,inter
W2792994819,inter
W2793002108,inter
W2793070678,inter
W2793084696,uni
W2793150943,inter
W2793151264,inter
W2793165218,inter
W2793268137,inter
W2793307102,inter
W2793320545,inter
W2793333522,inter
W2793354569,inter
W2793386554,inter
W2793389311,inter
W2793389773,inter
W2793408333,inst
W2793410607,inter
W2793412634,inter
W2793422535,inter
W2793438365,inst
W2793456900,inter
W2793463287,inter
W2793493229,inst
W2793500577,inter
W2793506100,inter
W2793512307,inter
W2793519446,inter
W2793542457,inter
W2793544966,inter
W2793547936,inter
W2793548751,inter
W2793557908,inter
W2793566517,uni
W2793582322,inter
W2793599434,inst
W2793622148,inter
W2793652052,inter
W2793683406,inst
W2793700576,inter
W2793701237,inst
W2793701907,inter
W2793753886,inter
W2793761491,inter
W2793789514,inter
W2793798239,inst
W2793800929,inter
W2793826792,inter
W2793857571,inter
W2793857798,inter
W2793872863,inter
W2793888044,inst
W2793895859,inter
W2793903334,inter
W2793914140,inter
W2793930095,inter
W2793934629,inter
W2793950911,inter
W2793962651,inter
W2793968330,inter
W2793983779,inter
W2794006097,inter
W2794006634,inter
W2794012290,inter
W2794022343,inter
W2794026873,inter
W2794078445,inst
W2794104577,inter
W2794117424,inter
W2794136136,inst
W2794136663,uni
W2794150026,inter
W2794152071,inter
W2794161035,inter
W2794189791,inter
W2794205555,inter
W2794209590,inter
W2794252800,inter
W2794280825,uni
W2794285707,inter
W2794295488,inter
W2794295502,inter
W2794313391,inter
W2794340419,inter
W2794348114,inter
W2794354121,inter
W2794358724,inter
W2794360330,inter
W2794372970,inter
W2794415434,inter
W2794478957,inter
W2794558093,inter
W2794559801,uni
W2794572859,inter
W2794583459,inter
W2794585691,inter
W2794609696,inter
W2794625152,inter
W2794632300,inter
W2794770466,inter
W2794801050,inter
W2794832362,inter
W2794857660,uni
W2794875394,inter
W2794909904,inst
W2794940806,inter
W2794956947,inter
W2794977498,inst
W2795001073,inter
W2795033129,inter
W2795038031,inst
W2795078408,inter
W2795087793,inter
W2795133662,inter
W2795142517,inter
W2795170223,inter
W2795170942,inter
W2795276939,inter
W2795281634,inter
W2795296309,inter
W2795336962,inter
W2795342689,inter
W2795358868,inter
W2795383419,inter
W2795483971,inter
W2795494011,uni
W2795498254,inst
W2795527331,inter
W2795615756,inst
W2795658001,inter
W2795684330,inst
W2795701130,inter
W2795709097,inter
W2795713228,inter
W2795728764,inter
W2795735740,inst
W2795750471,inter
W2795802646,inter
W2795832645,inter
W2795836036,inter
W2795841196,inter
W2795889831,inter
W2795915628,inter
W2795926922,inter
W2795964901,inter
W2795967418,inter
W2795983680,inter
W2796013264,inter
W279603281,inter
W2796101164,inst
W2796130257,inter
W2796146433,inst
W2796183327,inter
W2796214461,inter
W2796273411,inter
W2796288304,inter
W2796304651,inter
W2796345789,inter
W2796445306,inter
W2796528486,inter
W2796541946,inter
W2796571515,inter
W2796625795,inter
W2796630897,inst
W2796645376,inter
W2796649821,inter
W2796698500,inter
W2796764199,inter
W2796791899,inter
W2796802522,inter
W2796838491,inter
W2796976040,inter
W2797026760,inst
W2797079651,inter
W2797137144,inter
W2797182028,inter
W2797200251,inter
W2797226653,inter
W2797235424,inter
W2797250380,inter
W2797251243,inter
W2797278886,uni
W2797298759,inter
W2797382244,inter
W2797435390,inter
W2797441984,inter
W2797453759,inter
W2797532987,top tier
W2797558164,inter
W2797569672,inter
W2797618370,inst
W2797628820,inter
W2797642901,inter
W2797664359,inter
W2797746357,inter
W2797779168,inter
W2797826601,inter
W2797846059,inter
W2797955680,inter
W2797956396,inter
W2797984302,inter
W2798033509,uni
W2798058877,inter
W2798097728,uni
W2798101467,inter
W2798110564,inter
W2798110670,inter
W2798117183,inter
W2798178756,inter
W2798199013,inst
W2798220969,inter
W2798271879,inst
W2798275680,inter
W2798302089,inst
W2798317693,inter
W2798329462,inter
W2798341074,inter
W2798348125,inst
W2798355657,inter
W2798371872,inter
W2798372101,inter
W2798373498,inter
W2798380924,inter
W2798381792,inter
W2798391154,inst
W2798441115,inter
W2798441769,inst
W2798453135,inter
W2798456655,inter
W2798489385,inter
W2798503473,inter
W2798505380,inter
W2798506093,inter
W2798526793,inter
W2798534672,inst
W2798537172,inter
W2798542950,inter
W2798544842,inst
W2798548676,inter
W2798553619,inter
W2798556392,inter
W2798586382,inter
W2798590501,inter
W2798595546,inter
W2798617837,inst
W2798626461,inst
W2798636921,inter
W2798658180,inter
W2798664922,inter
W2798680770,inter
W2798683932,inter
W2798685991,inter
W2798699216,inter
W2798727000,inter
W2798729263,inst
W2798734012,inter
W2798742790,inter
W2798769484,inter
W2798775284,inter
W2798785803,inter
W2798786641,inst
W2798791651,inter
W2798794112,inst
W2798813326,inter
W2798820905,inter
W2798828763,inter
W2798834175,inter
W2798836702,inter
W2798838583,inter
W2798842862,inter
W2798868324,inter
W2798869704,inter
W2798870428,inter
W2798915702,inst
W2798919674,inter
W2798951647,inst
W2798956329,inter
W2798958103,inter
W2798961812,inter
W2798970487,inter
W2798991696,inst
W2799012717,inter
W2799020610,inter
W2799029629,inter
W2799058067,inst
W2799059904,inter
W2799062631,inter
W2799062770,inter
W2799087793,inst
W2799166040,inst
W2799177530,inter
W2799185441,inter
W2799197246,inter
W2799214875,inter
W2799238091,inst
W2799244712,inst
W2799251491,inter
W2799263800,inter
W2799291955,inter
W2799305303,inter
W2799306936,inter
W2799310732,inst
W2799343632,inter
W2799404234,inter
W2799407270,inter
W2799421446,inter
W2799450791,inter
W2799567627,inter
W2799593053,inter
W2799627099,inter
W2799630470,inter
W2799646862,inter
W2799653638,inter
W2799669731,inter
W2799692242,uni
W2799709780,inter
W2799712919,inter
W2799785652,inter
W2799787995,inter
W2799797152,inter
W2799802109,inter
W2799813871,inter
W2799843691,inter
W2799848056,inter
W2799891027,inter
W2799896552,inter
W2799900533,inst
W2799900537,inter
W2799926361,inter
W2799945672,inter
W2800017313,inter
W2800044535,inst
W2800051653,inter
W2800120164,inter
W2800150765,inter
W2800188602,inter
W2800210950,inter
W2800222246,inter
W2800244499,inter
W2800287564,inst
W2800304887,inter
W2800327877,inter
W2800329638,inter
W2800388963,inter
W2800394774,inter
W2800424369,inter
W2800441203,inter
W2800452261,inst
W2800457246,inter
W2800472070,inter
W2800479804,inter
W2800481425,inter
W2800481460,inter
W2800520079,inter
W2800531694,inter
W2800554784,inter
W2800585695,inter
W2800712111,inter
W2800718419,inter
W2800773710,inter
W2800788706,inter
W2800816754,inter
W2800822458,inter
W2800828017,inter
W2800873232,inter
W2800879654,uni
W2800971375,inter
W2800990595,inter
W2801012453,inter
W2801036749,inter
W2801072715,inter
W2801086478,inter
W2801106405,inter
W2801109407,inter
W2801122074,inter
W2801144650,inst
W2801148351,inter
W2801164385,inter
W2801208592,inter
W2801241673,inter
W2801270700,uni
W2801296252,inter
W2801299695,inter
W2801301435,inter
W2801323926,inter
W2801326158,inter
W2801332331,inter
W2801348310,inter
W2801370692,inter
W2801375052,inter
W2801424262,inter
W2801475069,inter
W2801516600,inter
W2801540580,inter
W2801560546,inter
W2801561477,inter
W2801576564,inter
W2801596954,inter
W2801605877,inst
W2801650642,inter
W2801654242,inter
W2801730886,inter
W2801765193,inter
W2801779586,inter
W2801858249,inter
W2801874531,inter
W2801911344,inter
W2801961186,inter
W2801973365,inter
W2801973746,inter
W2802043746,inter
W2802044483,inst
W2802074788,inter
W2802186587,inter
W2802187397,inst
W2802236334,inter
W2802257046,inter
W2802261252,inter
W2802292638,inter
W2802304306,inter
W2802335815,inter
W2802385907,inter
W2802476978,inst
W2802503116,inter
W2802503582,inter
W2802556061,inter
W2802579689,inter
W2802607294,inst
W2802634334,inter
W2802650881,inst
W2802778559,inter
W2802787326,inter
W2802810579,inter
W2802854212,inter
W2802894744,inter
W2802905931,inst
W2802958018,inter
W2803002296,inter
W2803053578,inst
W2803088313,inter
W2803143071,inter
W2803163798,inter
W2803199352,inter
W2803259101,inter
W2803261297,inst
W2803263450,inter
W2803272491,inter
W2803357009,inter
W2803390551,inter
W2803405718,inter
W2803416021,inter
W2803432986,inter
W2803440869,inter
W2803447634,inter
W2803548243,inter
W2803591282,inter
W2803606414,inter
W2803620531,inter
W2803633747,inter
W2803633812,inter
W2803696107,inst
W2803697594,inst
W2803740064,inter
W2803750062,inter
W2803807674,inter
W2803856670,inter
W2803857835,inter
W2803863013,inst
W2803881474,inter
W2803949725,inter
W2803953588,inter
W2804008190,inter
W2804074543,inter
W2804077795,inter
W2804095026,uni
W2804129183,inter
W2804141501,inter
W2804276772,inter
W2804316532,inter
W2804338221,inst
W2804352043,inter
W2804375589,uni
W2804383999,inter
W2804414979,inter
W2804459543,inter
W2804524866,inter
W2804525729,inter
W2804546913,inter
W2804604520,inter
W2804690737,inter
W2804727826,inter
W2804779683,inter
W2804809828,inter
W2804815240,inter
W2804815803,inter
W2804824422,inter
W2804835653,inter
W2804836751,inter
W2804846320,inter
W2804860735,inter
W2804860796,inter
W2804881811,inter
W2804883358,inst
W2804900363,inst
W2804935296,inter
W2804956791,inter
W2804991163,inter
W2805077076,inter
W2805091420,inter
W2805093186,uni
W2805121932,inter
W2805174820,inter
W2805309272,inter
W2805419089,inter
W2805454942,inter
W2805489503,inter
W2805494479,inter
W2805666699,inter
W2805667734,inter
W2805674924,inter
W2805744755,inter
W2805833065,inter
W2805876437,inter
W2805876623,inter
W2805888251,inter
W2805907244,inter
W2805908886,inter
W2805913664,inter
W2805944447,uni
W2806066510,inter
W2806070179,inter
W2806117056,inter
W2806121507,inter
W2806197565,inter
W2806222646,inter
W2806224701,inter
W2806240182,inter
W2806250232,inter
W2806252395,inter
W2806282362,inter
W2806290811,inter
W2806334956,inter
W2806458248,inter
W2806644692,inter
W2806664897,inter
W2806665540,inter
W2806690467,inter
W2806717845,inter
W2806725828,inter
W2806752126,inter
W2806758205,inter
W2806816458,inter
W2806842871,inter
W2806875861,inter
W2806944479,uni
W2807044619,inter
W2807091536,inter
W2807091765,inter
W2807126412,inst
W2807149475,inter
W2807150647,inter
W2807218714,inst
W2807245610,inter
W2807249129,inter
W2807300661,inter
W2807306374,inst
W2807323414,inter
W2807333821,inter
W2807342049,inst
W2807348664,inter
W2807349988,inter
W2807377826,inter
W2807433688,inter
W2807477063,inter
W2807548733,inter
W2807566102,inter
W2807567209,inter
W2807663718,inter
W2807687330,inter
W2807715806,inter
W2807719585,inter
W2807729128,inter
W2807731816,inter
W2807742872,inter
W2807754472,inter
W2807761966,inter
W2807777951,inter
W2807795618,inst
W2807813195,inter
W2807869484,inter
W2807873315,inst
W2807880869,inter
W2807912089,inter
W2807961551,inter
W2807968599,inter
W2807972111,inter
W2807998075,inter
W2808011675,inter
W2808033085,inter
W2808068568,inter
W2808075006,inter
W2808076194,inter
W2808100383,uni
W2808134123,inter
W2808136141,inter
W2808139377,inst
W2808243243,inst
W2808280170,inter
W2808320071,inter
W2808340879,inter
W2808341674,inter
W2808348679,inter
W2808376087,inst
W2808412789,inter
W2808420356,inter
W2808442315,inter
W2808445014,inter
W2808467956,inter
W2808488685,inter
W2808492412,inter
W2808519136,inter
W2808527051,inst
W2808535700,inter
W2808536438,inter
W2808549504,inter
W2808583259,inst
W2808659436,inter
W2808663279,inst
W2808699053,inter
W2808710355,inter
W2808717788,inter
W2808724796,inter
W2808726247,inst
W2808739938,inter
W2808767927,inter
W2808779743,inter
W2808944558,inter
W2808969411,inter
W2808993793,inter
W2809015827,inter
W2809052118,inter
W2809052344,inter
W2809100664,inter
W2809176286,inter
W2809189458,uni
W2809196459,inter
W2809225772,inter
W2809226111,inter
W2809245559,inter
W2809251854,inter
W2809307135,inter
W2809307149,inter
W2809343047,inter
W2809363719,inter
W2809376319,inter
W2809400905,inter
W2809421645,inst
W2809422655,inter
W2809434818,inter
W2809437382,inter
W2809504579,inter
W2809541058,inter
W2809586770,inter
W2809610228,inter
W2809650078,inter
W2809684781,inter
W2809688135,uni
W2809740109,inter
W2809749530,inter
W2809849753,inter
W2809852002,inter
W2809912305,inter
W2809916104,inter
W2809925683,inter
W2809963016,inter
W2810011736,inter
W2810034754,inter
W2810034806,inter
W2810055948,inter
W2810068724,inter
W2810102847,inter
W2810168873,inter
W2810201868,inter
W2810277999,inter
W2810316864,inter
W2810319121,inter
W2810323699,inter
W2810440851,inter
W2810513453,inter
W2810550035,uni
W2810598854,inter
W2810602713,inter
W2810685774,inter
W2810701146,inter
W2810721533,inst
W2810743613,inter
W2810776797,inter
W2810820269,inter
W2810827031,inter
W2810838438,inter
W2810840768,inter
W2810857565,inter
W2810919633,inter
W2810934215,inter
W2810936097,inter
W2810940725,inter
W2810943498,inter
W2810967842,inter
W2810983211,inter
W2811014381,inter
W2811026747,inter
W2811123232,inter
W2811147113,inter
W2811153910,inter
W2811155510,inter
W2811164776,inter
W2811165696,inter
W2811288179,uni
W2811325011,inter
W2811332705,inter
W2811338992,inter
W2811367404,inst
W2811381280,inter
W2811415544,inter
W2811444512,inter
W2811466930,inter
W2811486295,uni
W2811511039,inter
W2811511976,inter
W281229717,uni
W2813911573,inst
W2815307792,inst
W2815606391,inter
W2820289762,inter
W2821751932,inst
W2821776145,inter
W2823072336,inter
W282374565,inter
W2823927197,inter
W2824138733,inter
W2824314963,inter
W2825664337,inter
W2827234179,inter
W2827307751,inter
W2827334269,inter
W2828189383,inter
W2831901288,inter
W2832876791,inter
W2833324965,inter
W28336932,inter
W2833865287,inter
W2834288129,inst
W2835515562,inter
W28362505,inter
W2837806110,uni
W2839780276,inter
W2839878558,inst
W28412257,top tier
W2841457574,uni
W284239745,inter
W2843081361,inter
W2843669218,inter
W2845394999,inter
W2845869614,inter
W2846519445,inter
W2846676623,inter
W2848909124,inter
W2849781392,inter
W285122196,inter
W2853934102,inter
W2856782974,inter
W2856812323,inter
W2858627132,inter
W2859444450,inst
W2860343088,inter
W2861440650,inter
W2861608825,inter
W2862064961,inter
W2862472526,inter
W2864080527,inter
W2864564965,inter
W2866924202,inst
W2867345499,inter
W2868189283,inter
W2868292291,inter
W2868330877,inter
W2868346444,inter
W2869789310,inter
W2870670057,inter
W2872013922,inter
W2872613152,inter
W2872963515,inter
W2873872,inter
W2874982326,inst
W2876187414,inter
W2876459260,inter
W288065512,inter
W28816368,inter
W2882976371,inter
W2882988564,inter
W2883007304,inter
W2883046008,inst
W2883059862,inter
W2883088976,inter
W2883111419,inst
W2883119052,inter
W2883173231,uni
W2883188546,inter
W2883244996,inter
W2883248204,inter
W2883269759,inter
W2883283076,inter
W2883324171,inst
W2883329556,inter
W2883359381,inter
W2883370042,inter
W2883424428,inter
W2883445328,inter
W2883457276,inter
W2883461750,inter
W2883463107,inter
W2883470347,inter
W2883471703,inter
W2883486236,inter
W2883514760,inter
W2883518475,inst
W2883524035,inter
W2883628578,inter
W2883631892,inter
W2883643505,inter
W2883653807,inter
W2883660486,inter
W2883668652,inter
W2883723049,inter
W2883727539,inter
W2883730770,inter
W2883746869,inter
W2883750974,inter
W2883751423,inst
W2883786510,inter
W2883842872,inter
W2883863832,inter
W2883864007,inter
W2883872876,inter
W2883882491,inst
W2883915203,inter
W2883927138,inter
W2883929540,inter
W2883932701,inter
W2883982921,inter
W2883988720,inst
W2884001105,inst
W2884006160,inst
W2884009065,inter
W2884022415,inst
W2884025810,inter
W2884038320,uni
W2884065693,inter
W2884071170,inter
W2884089434,inter
W2884114979,inter
W2884123467,inst
W2884264465,inter
W2884267664,inst
W2884286326,inter
W2884301707,inst
W2884337787,inter
W2884367066,inter
W2884373000,inter
W2884376935,inter
W2884397018,inter
W2884403556,inter
W2884409695,inter
W2884414694,inter
W2884419823,inst
W2884535015,inter
W2884545005,inter
W2884561390,top tier
W2884586244,inter
W2884590322,inter
W2884596343,inter
W2884600692,inter
W2884601548,inter
W2884618751,inter
W2884654498,inter
W2884675507,inter
W2884702580,inter
W2884709376,inter
W2884750245,inter
W2884762127,inter
W2884775670,inter
W2884822476,inter
W2884833628,inter
W2884851420,inter
W2884905900,inter
W2884931516,inter
W2884944276,inter
W2884974918,inter
W2884988214,inst
W2885007481,inter
W2885018852,inst
W2885034824,inter
W2885047156,inst
W2885052892,inter
W2885063047,inter
W2885068926,uni
W2885073348,inter
W288512320,inter
W2885125942,inst
W2885189449,inter
W2885219692,inter
W2885224978,inter
W2885259763,inter
W2885343725,inter
W2885363965,inter
W2885417979,inter
W2885419454,inter
W2885420314,inter
W2885497896,inter
W2885514323,inst
W2885521329,inter
W2885557368,inter
W2885565273,inter
W2885579974,inter
W2885613075,inter
W2885657717,inst
W2885667534,inst
W2885669402,inter
W2885762637,inter
W2885799156,inter
W2885824038,inter
W2885877220,inter
W2885919737,inter
W2885923823,uni
W2885943512,uni
W2886020981,inter
W2886036738,inter
W2886056934,inter
W2886060554,uni
W2886150761,inter
W2886179562,inter
W2886182585,inter
W2886213248,inter
W2886278358,inter
W2886302677,inter
W2886335102,inter
W2886362482,inter
W2886364871,inter
W2886381447,inter
W2886455199,inter
W2886494773,inst
W2886531859,inter
W2886554762,uni
W2886581236,inter
W2886603769,inter
W2886605681,inter
W2886614482,inter
W2886631751,inter
W2886639917,inter
W2886641317,inter
W2886647656,inter
W2886649975,inter
W2886667086,inter
W2886692902,inter
W2886702754,inter
W2886721845,inter
W2886723870,inst
W2886732090,inter
W2886739333,inter
W2886791556,inter
W2886807638,inter
W2886810500,inter
W2886858332,inter
W2886899600,inter
W2886914441,inter
W2886940188,inter
W2886945201,inter
W2886960264,inter
W2886968501,uni
W2886980148,inter
W2887025476,inter
W2887041669,inter
W2887063112,inter
W2887067836,inter
W2887128594,inter
W2887134341,inter
W2887147825,inter
W2887191582,inter
W2887198060,inter
W2887206675,inter
W2887207293,inter
W2887255581,inter
W2887278761,inst
W2887286714,inter
W2887311884,inter
W2887346809,inter
W2887374115,inter
W2887374312,inter
W2887413094,inst
W2887479174,uni
W2887480853,uni
W2887500871,inter
W2887514299,inter
W2887522866,inter
W2887566712,inst
W2887595438,inter
W2887601485,uni
W2887606852,inter
W2887636656,inter
W2887645772,inter
W2887647019,inter
W2887660732,inter
W2887759323,inter
W2887818698,inter
W2887882740,inter
W2887923418,inter
W2887976372,inst
W2888011686,inter
W2888026659,inter
W2888032845,inter
W2888041490,inter
W2888101838,inst
W2888103968,inter
W2888108815,inter
W2888152797,inter
W2888157438,inst
W2888177567,inter
W2888209207,inst
W2888219913,inter
W2888222694,inter
W2888246944,inter
W2888253957,inst
W2888278675,inter
W2888286956,inter
W2888320512,inst
W2888337026,inter
W2888338418,inter
W2888345373,inter
W2888348201,inter
W2888358068,inter
W2888427712,inst
W2888438851,inter
W2888468607,inter
W2888483524,inst
W2888493720,inst
W2888505697,inter
W2888519496,inst
W2888520991,inter
W2888525309,inter
W2888527098,inter
W2888543740,inter
W2888557943,inter
W2888560279,inter
W2888602283,inter
W2888624049,inter
W2888643222,inst
W2888680923,inter
W2888685797,inter
W2888693242,inter
W2888704015,inter
W2888727064,inter
W2888737138,inter
W2888791752,inter
W2888806483,inter
W2888813891,inst
W2888822137,inter
W2888846049,inter
W2888848736,inter
W2888852652,inter
W2888865644,inter
W2888865719,inter
W2888872201,inter
W2888902882,inter
W2888912552,inter
W2888928533,inter
W2888968277,inter
W2888982171,inter
W2889016530,inter
W2889058905,inter
W2889067863,inter
W2889077617,inter
W2889081631,inter
W2889100747,inter
W2889100879,inter
W2889109290,inter
W2889122658,inter
W2889138239,inter
W2889138358,inter
W2889140186,inter
W2889143422,inter
W2889184597,inter
W2889187474,uni
W2889192493,inter
W2889215874,inter
W2889227506,inst
W2889227713,inter
W2889231755,inter
W2889265812,inter
W2889273017,inter
W2889275470,inter
W2889286744,inter
W2889290561,inter
W2889322176,inter
W2889323618,inter
W2889334143,inter
W2889341738,inter
W2889346359,inter
W2889384212,inter
W2889401457,inst
W2889450186,inter
W2889479452,inter
W2889485094,inter
W2889519245,inter
W2889523572,inter
W2889547293,inter
W2889558604,inter
W2889575976,inter
W2889587173,inst
W2889592383,inst
W2889608699,inter
W2889624280,inter
W2889629344,inter
W2889635482,inter
W2889669222,inter
W2889677260,inter
W2889717770,inter
W2889727604,inter
W2889741439,inter
W2889808960,inter
W2889872358,inter
W2889924266,inter
W2889941759,inst
W2889945482,inst
W2889952976,inter
W2889985731,inter
W2889997676,inter
W2890017719,inter
W2890049006,inter
W2890060464,inter
W2890080227,inter
W2890084680,inter
W2890090275,inter
W2890096158,inter
W2890129614,inter
W2890137466,inter
W2890176466,inter
W2890190663,inter
W2890222016,inst
W2890223501,inst
W2890267473,inter
W2890274053,inter
W2890319410,inter
W2890342091,inter
W2890364944,inter
W2890365040,inter
W2890367965,inter
W2890368053,inter
W2890378589,inter
W2890471546,inter
W2890498246,inst
W2890507837,inter
W2890521506,inter
W2890525468,inter
W2890588722,inter
W2890603826,inter
W2890654010,uni
W2890664869,inter
W2890670192,uni
W2890673081,inter
W2890716423,inter
W2890719226,inst
W2890733421,inter
W2890765670,inter
W2890782911,inter
W2890799637,inst
W2890811126,uni
W2890841063,inter
W2890847761,inter
W2890855364,inter
W2890872363,inter
W2890878011,inter
W2890908069,inter
W2890952074,inst
W2890966240,inter
W2890982637,inter
W2890991187,inter
W2891020504,inter
W2891021639,inter
W2891033072,inter
W2891053631,inter
W2891071241,inter
W2891110007,inter
W2891117443,inter
W2891120063,inter
W2891137434,uni
W2891140334,inter
W2891150346,inter
W2891171233,inter
W2891175865,inst
W2891193211,inter
W2891204710,uni
W2891221537,inter
W2891237889,inst
W2891249101,inter
W2891258839,inter
W2891267967,inter
W2891281094,inter
W2891299419,inter
W2891316582,inst
W2891326617,inter
W2891343924,inter
W2891353362,inter
W2891355224,inter
W2891387232,inter
W2891392570,inst
W2891395156,inst
W2891395587,inter
W2891399311,inter
W2891419589,inter
W2891477368,inter
W2891486768,inst
W2891505418,inter
W2891505635,inter
W2891530879,inter
W2891579496,inter
W2891582949,inter
W2891593097,inter
W2891681643,inter
W2891689298,inter
W2891691179,inst
W2891705554,inst
W2891718907,inter
W2891741995,inter
W2891787464,inter
W2891810238,inst
W2891813281,inter
W2891828758,inter
W2891830784,inst
W2891835177,inter
W2891839658,inter
W2891850907,inter
W2891859757,inter
W2891875040,inter
W2891894830,inter
W2891925502,inter
W2891931318,inter
W2891969803,inst
W2891983328,inter
W2892004916,inter
W2892012605,inter
W2892025901,inter
W2892035816,inter
W2892037928,inter
W2892046320,inter
W2892131163,inst
W2892184971,inter
W2892186387,inter
W2892187710,inter
W2892199036,inter
W2892214318,inter
W2892223081,inter
W2892232242,inter
W2892235178,inter
W2892235821,inter
W2892258624,inst
W2892275535,inst
W2892280852,inter
W2892311384,inter
W2892356933,inter
W2892360407,inst
W2892375914,inter
W2892460540,inter
W2892573122,inter
W2892583370,inter
W2892592945,inter
W2892684000,inter
W2892702467,inter
W2892719431,inter
W2892748737,inter
W2892758955,inter
W2892816095,inter
W2892876587,inst
W2892884209,inter
W2892938835,inst
W2892940874,inter
W2892946488,inter
W2892952080,inter
W2892952518,inter
W2892961888,inter
W2892978152,inter
W2893085659,inter
W2893159103,inter
W2893263387,inter
W2893370872,inter
W2893407141,inter
W2893410225,inter
W2893492454,uni
W2893538180,inter
W2893633911,inter
W2893640118,inter
W2893698725,inst
W2893762521,inter
W2893813411,inter
W2893841917,inter
W2893862515,inter
W2893903145,inter
W2893933380,uni
W2893979195,inter
W2894027118,inter
W2894032217,inter
W2894084084,inter
W2894110362,inter
W2894159475,inter
W2894160784,inter
W2894202404,inter
W2894270933,inst
W2894299524,inter
W2894366138,inter
W2894413690,inter
W2894495189,inter
W2894548787,inter
W2894582337,inter
W2894619071,inter
W2894652650,inter
W2894657089,inter
W2894693699,inter
W2894735207,inter
W2894778426,inst
W2894786170,inter
W2894797670,inter
W2894812750,inter
W2894843516,inter
W2894861682,inter
W2894865050,inter
W2894866730,inter
W2894879246,inter
W2894897107,inter
W2894899844,inter
W2894917609,inter
W2894994475,inter
W2895100147,inter
W2895144199,inter
W2895150432,inter
W2895155020,inter
W2895205756,inter
W2895213538,uni
W2895213765,inst
W2895216609,inter
W2895238724,inter
W2895247648,inst
W2895265026,inter
W2895291380,inter
W2895420967,inter
W2895421393,inter
W2895440075,inter
W2895476614,inter
W2895526696,inter
W2895543640,inter
W2895545382,inter
W2895553128,inter
W2895554091,inter
W2895586591,inter
W2895618798,inter
W2895638065,inter
W2895642771,inst
W2895658904,inter
W2895698828,inter
W2895708902,inter
W2895717831,inter
W2895782613,inter
W2895792207,inst
W2895833031,inter
W2895856548,inter
W2895858916,inter
W2895859872,inter
W2895868297,inter
W2895871047,inter
W2895906665,inter
W2895932734,inter
W2895942203,inter
W2895942613,inter
W2895943233,inter
W2895966359,inter
W2895973886,inter
W2895979306,inter
W2896003727,inter
W2896005837,inst
W2896017657,inter
W2896018630,inter
W2896030746,inter
W2896037892,inter
W2896065249,inter
W2896074600,inter
W2896112445,inter
W2896136518,inter
W2896137667,inter
W2896140141,inter
W2896154921,inter
W2896156397,inter
W2896180420,inter
W2896208287,inter
W2896232711,inter
W2896236534,inter
W2896241044,inter
W2896249043,inter
W2896270848,inter
W2896271387,inter
W2896304540,inter
W2896319274,inter
W2896325685,inter
W2896335697,inter
W2896336465,inter
W2896351521,inst
W2896371764,inst
W2896384017,inter
W2896394395,inter
W2896402450,inter
W2896453666,inter
W2896457186,inter
W2896485798,inter
W2896487916,inter
W2896511079,inst
W2896562650,inter
W2896604743,inter
W2896632102,inst
W2896659642,inter
W2896663560,inst
W2896682529,inter
W2896708704,inst
W2896715136,inter
W2896742319,inter
W2896751036,inst
W2896759019,inter
W2896774728,inst
W2896783053,inter
W2896783937,inter
W2896842408,inter
W2896850978,inter
W2896889180,inter
W2896911561,inst
W2896915209,inter
W2896929913,inter
W2896934923,inst
W2896937008,inter
W2896939458,inter
W2896952648,inter
W2896983500,inst
W2896985569,inst
W2896986080,uni
W2896992138,inter
W2897048230,inst
W2897051679,uni
W2897054934,inter
W2897058782,inter
W2897076095,inst
W2897104207,inst
W2897113013,inter
W2897125182,uni
W2897146119,inter
W2897158020,inter
W2897180259,inter
W2897180663,inst
W2897195437,inst
W2897221330,inter
W2897248693,inter
W2897259931,inter
W2897293973,inter
W2897295818,inter
W2897299615,inter
W2897325612,inter
W2897353073,inter
W2897371887,inter
W2897386869,inter
W2897434820,inter
W2897468175,inter
W2897477705,inter
W2897494047,inter
W2897501237,inter
W2897510122,inst
W2897558606,inter
W2897606877,inst
W2897614747,inter
W2897615540,inst
W2897656415,inst
W2897710659,inter
W2897714903,inter
W2897792205,inter
W2897795150,inter
W2897811261,inter
W2897824881,inter
W2897841402,inst
W2897844661,inter
W2897851160,uni
W2897922777,inter
W2897927086,inter
W2897943478,inter
W2897968834,inst
W2897981956,inter
W2897997157,inter
W2898019018,inter
W2898020899,inter
W2898025791,inter
W2898035736,inter
W2898046366,inter
W2898047322,inter
W2898050070,inter
W2898060486,inter
W2898073106,inter
W2898100591,inter
W2898136110,inter
W2898194671,inter
W2898200825,inter
W2898210097,inter
W2898213372,inter
W2898216773,inter
W2898231005,inter
W2898233200,inter
W2898285721,inter
W2898292712,inter
W2898294387,inst
W2898307578,inter
W2898323530,uni
W2898324519,inter
W2898325432,inter
W2898339904,inter
W2898408788,inter
W2898417779,inter
W2898435572,inter
W2898477488,inst
W2898488946,inst
W2898491665,inter
W2898491875,inter
W2898496704,inter
W2898497052,inter
W2898500345,inter
W2898514187,inter
W2898529048,inst
W2898531511,inter
W2898571185,inter
W2898584349,uni
W2898588856,inter
W2898593092,inter
W2898599972,inter
W2898616624,inter
W2898671151,inst
W2898693457,inter
W2898736742,inter
W2898779300,inter
W2898784076,inter
W2898843852,inter
W2898868990,inter
W2898885647,uni
W2898896200,inter
W2898903238,inter
W2898906678,uni
W2898952209,inter
W2898965665,inter
W2898975991,inter
W2898980849,inter
W2898983409,inter
W2898998129,inter
W2899026840,inter
W2899044488,inter
W2899070097,inter
W2899090608,inter
W2899123765,inter
W2899130597,inter
W2899160126,inter
W2899200644,inter
W2899205272,inter
W2899232271,inter
W2899243711,inter
W2899250176,inter
W2899291427,inter
W2899310174,inter
W2899341487,inter
W2899366542,inter
W2899406871,inter
W2899410383,inter
W2899423461,inter
W2899429952,inter
W2899431625,uni
W2899438351,inter
W2899462209,inter
W2899488343,inter
W2899505139,inter
W2899516827,inter
W2899534962,inter
W2899543713,inter
W2899555336,inter
W2899586161,inter
W2899601494,inter
W2899634152,inter
W2899634734,inter
W2899653275,inter
W2899654439,inter
W2899662195,inter
W2899683012,inter
W2899750879,inter
W2899751989,inst
W2899768692,inter
W2899770267,inter
W2899776773,inter
W2899788782,inter
W2899849645,inter
W2899880612,inst
W2899901712,inter
W2899912039,inter
W2899913299,inter
W2899936784,inter
W2899970174,inter
W2900000561,inter
W2900064520,inter
W2900118953,inter
W2900144270,inter
W2900150361,inter
W2900165695,inst
W2900167333,inter
W2900275727,inter
W2900318991,inter
W2900327400,inst
W2900355873,inter
W2900386262,inter
W2900428761,inter
W2900457624,inter
W2900460291,inter
W2900466149,inter
W2900477301,inter
W2900489878,inter
W2900503583,uni
W2900525069,inter
W2900547346,inter
W2900548188,inter
W2900594532,inter
W2900595477,inter
W2900618044,inter
W2900621713,inter
W2900629482,inter
W2900631806,uni
W2900637357,inter
W2900661267,inter
W2900664874,inter
W2900665190,inter
W2900679012,inter
W2900702342,inter
W2900710223,inter
W2900718382,inter
W2900725446,inter
W2900737918,inter
W2900760630,inter
W2900790473,inst
W2900804979,inter
W2900815461,inter
W2900817343,inter
W2900822843,inter
W2900834637,inter
W2900861556,inter
W2900869419,inter
W2900875696,inter
W2900886777,inter
W2900919017,inter
W2900928715,inter
W2900933340,inter
W2900953995,inter
W2900962383,inter
W2900975904,inter
W2901013424,inter
W2901026228,inst
W2901054819,inst
W2901060116,inter
W2901062485,inter
W2901071903,inter
W2901081703,inter
W2901114541,inter
W2901140285,inter
W2901214301,inst
W2901259746,inter
W2901308856,inter
W2901314581,inter
W2901339965,inter
W2901367544,inter
W2901369892,inter
W2901388186,inter
W2901389242,inter
W2901422898,inter
W2901437542,inter
W2901442269,inter
W2901446497,uni
W2901492398,inter
W2901492543,inter
W2901505625,inter
W2901507407,inter
W2901525727,inter
W2901534369,inter
W2901556337,inter
W2901598045,inter
W2901607986,inter
W2901629142,inter
W2901657916,inter
W2901674953,inter
W2901716561,inter
W2901729562,inter
W2901738535,inter
W2901745686,inter
W2901759398,inter
W2901770415,inter
W2901803142,inst
W2901815326,inter
W2901867041,inter
W2901888116,inter
W2901939789,inter
W2901961959,inter
W2901988662,inter
W2901997867,inter
W2902069995,uni
W2902101981,inter
W2902127656,inter
W2902137359,inter
W2902141549,inter
W2902214225,inter
W2902229237,inter
W2902240274,inter
W2902257883,inter
W2902264310,inst
W2902321404,inter
W2902329228,inst
W2902337241,inter
W2902339585,inter
W2902346218,inter
W2902357508,inter
W2902364122,uni
W2902418641,inst
W2902431761,inter
W2902435351,inter
W2902453469,inter
W2902455138,inter
W2902494497,inter
W2902543210,inter
W2902576802,inter
W2902581743,inst
W2902608779,inter
W2902632554,inter
W2902656632,inter
W2902674081,inter
W2902683316,inter
W2902684310,inter
W2902713094,inter
W2902713587,inter
W2902748120,inst
W2902762175,inst
W2902767594,inter
W2902846450,inter
W2902860349,inter
W2902872540,inter
W2902893615,inter
W2902929788,inter
W2902960926,inter
W2902962850,inter
W2902972629,inter
W2902976851,inter
W2902978123,inter
W2902997364,inter
W2903007080,inter
W2903015958,inter
W2903034622,inter
W2903038868,inter
W2903046887,inter
W2903065032,inter
W2903103875,inter
W2903105043,inter
W2903107268,inter
W2903119292,inter
W2903139904,inter
W2903158431,inter
W2903162282,inst
W2903171153,inter
W2903193781,inter
W2903213484,inter
W2903222894,inter
W2903230256,uni
W2903241093,inter
W2903243474,inter
W2903252781,inter
W2903292657,inter
W2903298537,inter
W2903306729,inst
W2903411863,inter
W2903429622,inter
W2903434459,inst
W2903453184,inter
W2903460623,inter
W2903475938,inter
W2903479401,inter
W2903500163,inter
W2903505684,inter
W2903514798,inter
W2903557836,inter
W2903561054,inter
W2903570292,inter
W2903581626,inter
W2903601737,inter
W2903628895,inter
W2903638941,inst
W2903642350,inter
W2903655137,inst
W2903659538,inter
W2903678310,inst
W2903681613,inter
W2903690450,inter
W2903707108,inter
W2903711666,inter
W2903711903,inter
W2903739847,inter
W2903751280,inter
W2903773117,inter
W2903773968,inter
W2903775786,inter
W2903777166,inter
W2903778222,inter
W2903798738,inter
W2903851622,inter
W2903867357,inter
W2903890850,inter
W2903907439,inter
W2903912319,inst
W2903945215,inter
W2903975231,inter
W2904012927,inter
W2904013130,inter
W2904017099,inter
W2904063322,inter
W2904065681,inter
W2904068590,inter
W2904117297,inter
W2904170036,inter
W2904216795,inter
W2904250115,inter
W2904251840,inter
W2904263947,inter
W2904295992,inter
W2904310887,inter
W2904338933,inter
W2904351506,inter
W2904354048,inter
W2904395518,inter
W2904414061,inter
W2904419556,inter
W2904419612,inter
W2904422658,inter
W2904427185,inter
W2904439053,inst
W2904458925,inter
W2904473961,inter
W2904483377,inter
W2904491423,uni
W2904500940,inter
W2904509905,inst
W2904519778,uni
W2904559502,inter
W2904563233,inter
W2904572228,inter
W2904649910,inter
W2904676646,inter
W2904694042,inter
W2904714269,inter
W2904719493,inter
W2904724310,inter
W2904732371,inter
W2904737310,inter
W2904741265,inter
W2904763337,uni
W2904775818,inter
W2904779773,inter
W2904795343,inter
W2904829482,inter
W2904844946,inter
W2904847472,inter
W2904851103,inter
W2904902077,inter
W2904903133,inter
W2904933432,inter
W2904935352,inter
W2904945062,inter
W2904949947,inter
W2904959160,inter
W2904982178,inst
W2905000767,inter
W2905016238,inter
W2905017683,inter
W2905027156,inter
W29050389,inter
W2905040928,inter
W2905043318,inter
W2905081161,inter
W2905087279,inter
W2905104204,inst
W2905225536,inter
W2905292982,inst
W2905339563,inter
W2905356589,inter
W2905368847,inter
W2905373637,inst
W2905396542,inter
W2905423756,inter
W2905459020,inter
W2905483499,inter
W2905517584,inter
W2905538952,inter
W2905562398,inter
W2905577851,inter
W2905619122,inter
W2905720806,inst
W2905807898,inter
W2905828188,inst
W2905838702,inter
W2905852111,inter
W2905913346,inter
W2905915339,inter
W2905925728,inter
W2906003682,inter
W2906043559,inter
W2906074946,inter
W2906083215,inter
W2906105753,inter
W2906217954,inter
W2906364736,inst
W2906443298,inter
W2906446416,inter
W2906473494,inter
W2906498146,inter
W2906500221,inst
W2906502833,inter
W2906546219,inst
W2906625272,uni
W2906680874,inter
W2906687478,inter
W2906697496,inter
W2906728959,uni
W2906729185,inter
W2906764419,inter
W2906774465,inter
W2906797549,inter
W2906843346,inter
W2906876500,inter
W2906942583,inter
W2906943923,inter
W2906986429,inter
W2907098432,inter
W2907126380,inst
W2907171927,inst
W2907181618,inter
W2907214745,inst
W2907215288,inter
W2907260207,inter
W2907271072,inter
W2907283631,inter
W2907351452,inter
W2907382309,inter
W2907492528,top tier
W2907496919,inter
W2907522931,inter
W2907537017,inter
W2907551576,inter
W2907553835,inst
W2907560926,inter
W2907617649,inter
W2907685836,inter
W2907708421,inter
W2907778281,inter
W2907877674,uni
W2907932505,inter
W2907942927,inter
W2907944627,inter
W29079494,inter
W2907957223,inst
W2908015160,inter
W2908056713,inst
W2908080566,inst
W2908083143,inter
W2908106554,inter
W2908178293,inter
W2908218113,inter
W2908276277,inter
W2908282224,inter
W2908284720,inter
W2908293320,inter
W2908308058,inter
W2908317939,inter
W2908347420,inter
W2908349532,inter
W2908358343,inter
W2908401002,inter
W2908414126,inst
W2908416047,inter
W2908436867,inter
W2908450496,inter
W2908467323,inter
W2908495014,inter
W2908497602,inst
W2908520091,inter
W2908539050,inter
W2908558875,inst
W2908623803,inter
W2908641552,uni
W2908677676,inter
W2908694412,inter
W2908701561,inter
W2908723734,inter
W2908729395,inter
W2908752590,inter
W2908761381,inter
W2908780234,inter
W2908789458,inter
W2908804401,inter
W2908804976,uni
W2908941882,inter
W2908993293,inter
W2909188264,inter
W2909193741,inter
W2909239562,inter
W2909274029,inter
W2909293488,inter
W2909316455,inter
W2909355311,uni
W2909381593,inter
W2909383239,inst
W2909383315,inter
W2909383513,uni
W2909383866,inst
W2909389680,inter
W2909392392,inter
W2909398625,inter
W2909415445,inter
W2909422428,inter
W2909431601,inter
W2909481502,inst
W2909595952,inter
W2909609357,inter
W2909634022,inter
W2909645133,inter
W2909650725,inter
W2909692429,inter
W2909704630,inter
W2909707898,inter
W2909727939,inter
W2909729792,inter
W2909778238,inter
W2909778353,inter
W2909808587,inst
W2909825029,inter
W2909838385,inter
W2909866320,inst
W2909879866,inter
W2909896785,inter
W2909899137,inter
W2909966572,inter
W2909991551,inter
W2910087333,inter
W2910096146,inter
W2910144928,inter
W2910152998,inter
W2910164082,inter
W2910169169,inter
W2910172672,inter
W2910185174,inter
W2910211640,inter
W2910215611,inter
W2910282362,inter
W2910285673,inter
W2910382407,inter
W2910412875,inst
W2910453440,inter
W2910463914,inter
W2910492423,uni
W2910603373,inter
W2910605105,inter
W2910630904,uni
W2910673030,inter
W2910793275,inter
W2910815950,inter
W2910854613,inter
W2910904027,inst
W2910911946,inter
W2910916469,inst
W2910935116,inter
W2910957910,uni
W2910963546,inter
W2910971614,inter
W291097181,inter
W2910976212,inter
W2911007578,inter
W2911064732,inter
W2911075438,inter
W2911095970,inter
W2911156965,inter
W2911163129,inter
W2911191541,inter
W2911205844,inter
W2911233953,inter
W2911250519,inter
W2911273633,inter
W2911282089,inter
W2911288611,inter
W2911291251,inter
W2911301616,inter
W2911324552,inter
W2911360051,inter
W2911391928,inter
W2911411612,inter
W2911471242,inter
W2911509307,inter
W2911535432,inter
W2911556221,inter
W2911569513,inter
W2911570017,inter
W2911592880,inter
W2911605501,inter
W2911620310,inter
W2911644119,inter
W2911646494,inter
W2911650086,inter
W2911686707,inter
W2911731670,inter
W2911738047,inter
W2911749331,inter
W2911752708,inter
W2911775629,inter
W2911804697,inter
W2911840949,uni
W2911854207,inter
W2911855256,inter
W2911865844,inter
W2911874258,inter
W2911894629,inst
W2911928886,inter
W2911938450,inter
W2911961045,inter
W2911961880,inst
W2911964244,top tier
W2911964252,inter
W2911967554,inter
W2911967969,inter
W2911980423,inst
W2912033486,inter
W2912043702,inter
W2912095101,inter
W2912104593,inter
W2912139092,inter
W2912149104,inter
W2912182438,inter
W2912185255,inst
W2912197706,uni
W2912206496,inter
W2912213068,inter
W2912222576,inter
W2912254761,inter
W2912271795,inter
W2912292336,inter
W2912296587,inter
W2912325271,inter
W2912327653,inter
W2912354537,inter
W2912374197,inter
W2912395278,inter
W2912404530,inter
W2912423076,inter
W2912437396,inter
W2912449166,inter
W2912467488,inter
W2912502303,inter
W2912506640,uni
W2912512021,inter
W2912516925,inter
W2912516940,inter
W2912539868,inst
W2912567002,inter
W2912590499,inter
W2912600288,inst
W2912601938,inter
W2912605186,inter
W2912607954,inter
W2912614787,inter
W2912629341,inter
W2912636151,inter
W2912673787,inter
W2912681837,inst
W2912692764,inter
W2912696013,inter
W2912710002,inter
W2912715876,inter
W2912726139,inst
W2912733095,uni
W2912735527,inter
W2912744108,inter
W2912748054,inst
W2912754269,uni
W2912780340,inter
W2912797383,inter
W2912802084,inst
W2912804003,inst
W2912805354,inter
W2912815540,inter
W2912819106,inter
W2912828804,inter
W2912834669,inter
W2912834795,inst
W2912848192,inst
W2912860686,inter
W2912871647,inter
W2912899164,inst
W2912934387,top tier
W2912956249,inter
W2912964525,inst
W2912978884,inter
W2913035889,inter
W2913041555,inter
W2913060516,inter
W2913071101,inter
W2913073505,inter
W2913077950,inst
W2913093132,inter
W2913101658,inter
W2913138607,inter
W2913153455,inter
W2913187042,uni
W2913189099,inter
W2913191489,inst
W2913229686,inter
W2913234762,inter
W2913238147,inter
W2913292019,inter
W2913339558,inter
W2913340405,inst
W2913362834,inter
W2913405838,inter
W2913454363,inter
W2913454702,inter
W2913456516,uni
W2913466723,inter
W2913472259,inter
W2913488583,inter
W2913495876,inter
W2913497771,inst
W2913508955,inter
W2913510405,inter
W2913527107,inter
W2913533776,inter
W2913556077,inst
W2913593077,inter
W2913601328,inter
W2913601339,uni
W2913623913,inter
W2913635479,inter
W2913642042,uni
W2913662078,uni
W2913664580,inst
W2913668833,inst
W2913706141,inter
W2913718171,inter
W2913740539,inter
W2913760351,inter
W2913761579,inter
W2913764840,inter
W2913774990,inter
W2913802826,inter
W2913803931,inter
W2913813290,inter
W2913817292,inter
W2913824799,inter
W2913832610,uni
W2913841731,inter
W2913856263,inst
W2913865807,inter
W2913939497,inter
W2913939882,inter
W2913944817,inter
W2913950831,inst
W2913977324,inter
W2913981878,inter
W2913984418,inter
W2913984695,inter
W2913985376,inter
W2913994026,inst
W2914012796,inter
W2914037272,inter
W2914064688,inter
W2914081518,inst
W2914096982,inter
W2914149227,inter
W2914158904,inst
W2914198047,inst
W2914204846,inter
W2914218031,inter
W2914248611,inst
W2914251781,inter
W2914261331,inter
W2914272101,inter
W2914273516,inter
W2914273817,inter
W2914279369,inter
W2914300025,inter
W2914340986,inter
W2914368133,inter
W2914370086,inter
W2914374206,inter
W2914398116,inter
W2914408765,inter
W2914434280,inter
W2914438239,inter
W2914447220,inter
W2914460302,inter
W2914468402,inst
W2914483501,inter
W2914508920,inter
W2914524954,inter
W2914539449,inst
W2914563499,inst
W2914592219,inter
W2914633159,inst
W2914638535,inter
W2914652233,inter
W2914660942,inter
W2914670259,inter
W2914688415,inter
W2914713150,inter
W2914728526,inst
W2914735843,inter
W2914736033,inter
W2914767245,inter
W2914768460,inter
W2914782308,inter
W2914785018,inter
W2914795094,inst
W2914797198,inter
W2914825923,inter
W2914828435,inst
W2914837299,inter
W2914868535,inter
W2914877211,inter
W2914883047,inter
W2914885528,top tier
W2914917387,inter
W2914940294,inter
W2914959486,inst
W2914972788,inter
W2914982603,inter
W2915002815,inter
W2915016429,inter
W2915122461,inst
W2915151565,inter
W2915309887,inter
W2915357319,inter
W2915364523,inst
W2915537578,inter
W2915609635,inter
W2915633935,inter
W2915641590,inter
W2915654371,inter
W2915661711,inter
W2915666855,inter
W2915701005,inter
W2915716523,inter
W2915765751,inter
W2915771847,inter
W2915794654,inter
W2915844545,inter
W2915850828,inter
W2915854594,inter
W2915877399,inter
W2915905517,inter
W2915920753,inter
W2915949371,inter
W2915982870,inter
W2915990590,inter
W2915998928,inter
W2916021615,inst
W2916197620,inter
W2916207943,inter
W2916252768,uni
W2916350851,inter
W2916370975,inter
W2916411110,inter
W2916421915,inter
W2916528346,inter
W2916549784,inter
W2916564579,inter
W2916576943,inter
W2916589740,inter
W2916593476,inter
W2916594277,inter
W2916642675,inter
W2916686134,inter
W2916723116,inter
W2916755661,inter
W2916790858,inter
W2916800532,inter
W2916857868,inter
W2916914546,inter
W2916924617,inter
W2916965918,inter
W2916982636,inter
W2916994210,inter
W2917001081,inter
W2917013821,inter
W2917103012,inter
W2917132850,inter
W2917172368,inst
W2917192572,inst
W2917231889,inter
W2917255913,inst
W2917286209,inter
W29172951,inter
W2917352267,inter
W2917370340,inst
W2917388628,inter
W2917397996,inst
W2917435428,inter
W2917436801,inst
W2917483248,inter
W2917494572,inter
W2917526352,inter
W2917528797,inter
W2917531103,inst
W2917558960,inter
W2917583897,inter
W2917641056,inter
W2917675508,inter
W2917720315,uni
W2917736069,inter
W2917742948,inter
W2917747375,inter
W2917748490,inst
W2917766731,inter
W2917792613,inter
W2917837129,inter
W2917843158,inter
W2917874104,inst
W2917932334,inter
W2918090311,inst
W2918100922,inter
W2918134950,uni
W2918218150,inter
W2918288062,inst
W2918314880,inter
W2918465401,inst
W2918486649,inter
W2918508468,inter
W2918529243,inst
W2918628708,inter
W2918670247,inter
W2918696265,inter
W2918703174,inter
W2918770993,inter
W2918789137,inter
W2918827223,inter
W2918840401,inter
W2918900760,inter
W2919006487,inter
W2919200352,inter
W2919206487,inter
W2919246144,inst
W2919267195,inst
W2919291069,inter
W2919320878,inter
W2919324643,inter
W2919350184,inter
W2919358060,inter
W2919358988,inter
W2919391086,inter
W2919444388,inter
W2919483228,inter
W2919597497,inter
W291971490,inter
W2919764531,inst
W2919873176,inter
W2919897868,inter
W2919909597,inter
W2919979744,inst
W2920014186,inter
W2920031528,inter
W2920069409,inter
W2920149333,inter
W2920242504,inter
W2920326761,inter
W2920397365,inter
W2920408562,inter
W2920437306,inter
W2920452450,inter
W2920458101,inst
W2920481465,inter
W2920641855,inter
W2920644406,inter
W2920677095,inter
W2920779936,inter
W2920807403,uni
W2920812158,inter
W2920827662,inst
W2920827956,inter
W2920934058,inst
W2920937335,inter
W2920955696,inter
W2920981979,inter
W2920995258,inter
W2920996505,inter
W2921019731,inter
W2921020016,inter
W2921064357,inter
W2921064717,inter
W2921074169,inst
W2921077640,inter
W2921094977,uni
W2921107126,inter
W2921122439,inter
W2921188540,inter
W2921194803,inst
W2921237497,inter
W2921243003,inter
W2921254774,inter
W2921271497,inter
W2921271542,inter
W2921301984,inter
W2921321950,inter
W2921344019,inter
W2921407615,inter
W2921418008,inter
W2921458493,inter
W2921461827,inter
W2921477761,inter
W2921480229,inter
W2921482850,inter
W2921491036,inst
W2921495890,inst
W2921522814,inter
W2921526458,inter
W2921566112,inter
W2921580072,inter
W2921589114,inter
W2921629474,inst
W2921631037,inter
W2921639412,inter
W2921642051,inter
W2921683268,inter
W2921691172,inter
W2921712231,inter
W2921764939,inter
W2921765835,inter
W2921770285,inter
W2921789662,inter
W2921833147,inter
W2921833330,inter
W2921877691,inter
W2921888067,inter
W2921897326,inter
W2921902089,inter
W2921915401,inter
W2921950467,inter
W2921972904,inter
W2922014425,inter
W2922081717,inter
W2922191826,inter
W2922196516,inter
W2922225410,inter
W2922285844,inter
W2922290491,inter
W2922298788,inter
W2922298999,inter
W2922318123,inter
W2922358453,inter
W2922365273,inter
W2922386288,inter
W2922387345,inter
W2922395136,inst
W2922420408,inst
W2922509574,inst
W2922521335,inter
W2922621913,uni
W2923014074,inter
W2923036061,inter
W2923039095,inter
W2923055478,inst
W2923086750,inter
W2923153064,inst
W2923194330,inter
W2923257088,inter
W2923285122,inter
W2923319240,inter
W2923358493,inter
W2923428707,inter
W2923511102,inter
W2923546398,inst
W2923563913,inter
W2923601983,inter
W2923616735,inter
W2923662128,inter
W2923769473,inter
W2923919516,inter
W2923974506,inter
W2924114011,inter
W2924152336,inter
W2924194203,inter
W2924306436,inter
W2924323565,inter
W2924365285,inter
W2924460873,inter
W2924464597,inter
W2924485953,inter
W2924515500,inter
W2924545821,inter
W2924558789,inter
W2924574544,inter
W2924589531,inter
W2924612406,inter
W2924685007,inter
W2924702340,inter
W2924890003,inter
W2924911450,inter
W2924911805,inter
W2925089146,inter
W2925183034,inter
W2925304665,inst
W2925434276,inter
W2925665976,inter
W2925709178,inter
W2925807647,inter
W2925849311,inter
W2925898012,inter
W2925971954,inter
W2926445815,inter
W2926636120,inter
W2926822960,inter
W2926903444,inter
W2927118027,inter
W292716351,inter
W2927169616,inter
W292723068,inter
W2927402061,inter
W2927438889,inter
W292761019,inter
W2927776882,inter
W2927818282,inter
W2928133111,inter
W2928165649,inst
W2928356021,inter
W2928560789,inter
W2928605992,inter
W2928669206,inter
W2928698023,uni
W2928756332,inter
W2928842143,inter
W2928842276,inter
W2928870406,inter
W2929191725,inter
W2929237683,inter
W2929291387,uni
W2929491712,inter
W2929607865,inter
W2929617614,inter
W2929625304,inter
W2929684681,inter
W2929803724,inter
W292990780,inter
W2929921254,inter
W2929959569,inter
W2929968583,inter
W2930064668,inter
W2930082324,inter
W2930115336,inst
W2930118901,inst
W2930363294,inter
W2930369269,inter
W2930456362,inter
W2930660349,inter
W2930789815,inter
W2930926105,inst
W2930940532,inter
W2931190429,inter
W2931304851,inst
W2931364255,inter
W2931479232,inter
W2931916348,inst
W2931983555,inter
W2931991156,inter
W293279915,inter
W2932835273,inter
W2933034689,inter
W2933096895,inter
W2933117380,inter
W2933430363,inter
W2934112506,inter
W2934166125,inter
W2934361577,inter
W2934740339,inter
W2934842096,inter
W2934912463,inter
W2934945773,inter
W2935033494,inter
W2935062470,uni
W2935145114,inter
W2935162632,inter
W2935505770,inter
W2935668059,inter
W2935693977,inter
W2935748854,inter
W2935849356,inter
W2935858441,uni
W2935934262,inter
W2935998293,inter
W2936112675,inter
W2936134565,inter
W2936226716,inter
W2936345452,inter
W2936418882,inter
W2936448214,inter
W2936567998,inter
W2936573766,inter
W2936630130,inter
W2936676849,inter
W2936774411,inter
W2936828090,inter
W2936829638,inter
W2936830707,inter
W2936859456,inter
W2936936542,inter
W2936969148,inst
W2937049145,inter
W2937131574,inter
W2937341707,inter
W2937358712,inter
W2937423263,inter
W2937484199,inter
W2937531545,inst
W2937612335,inter
W2937621662,inter
W2937670027,inter
W2937732501,inter
W2937735024,inter
W2937816774,inter
W2937992155,inter
W2938135176,inter
W2938144699,inter
W2938149915,inter
W2938181110,inter
W2938260698,inter
W2938278435,inst
W2938454325,inter
W2938506295,inter
W2938555542,inst
W2938561054,inter
W2938564271,uni
W2938603906,inter
W2938749213,inter
W2938753454,inter
W2938892197,inter
W2938912017,inst
W2939059980,inter
W2939093576,inter
W2939176882,inter
W2939217524,inter
W2939245659,inter
W2939271467,uni
W2939348587,inter
W2939361951,inter
W2939364138,inter
W2939402564,inter
W2939423850,inter
W2939440446,inst
W2939471525,inst
W2939571759,inter
W2939583129,inter
W293960586,inter
W2939631190,inter
W2939791206,inter
W2939834648,inter
W2940022392,inter
W2940109304,inter
W2940214809,inst
W2940247716,inter
W2940255832,inter
W2940256401,inst
W2940292741,inter
W2940385941,inter
W2940420099,inter
W2940475582,inst
W2940549666,inter
W2940574896,uni
W2940637926,inter
W2940651923,inter
W2940715617,inter
W2940791172,inter
W2940796876,inter
W2940819419,inter
W2940862705,inst
W2940886822,inter
W2940887512,inter
W2940955785,inter
W2940979366,inter
W2941002574,inter
W2941024737,inter
W2941046259,inter
W2941075015,inter
W2941129248,inter
W2941201280,inter
W2941239341,inter
W2941265453,inter
W2941316126,inter
W2941328847,inter
W2941329299,inter
W2941396125,inter
W2941402530,inter
W2941410838,inter
W2941428140,inter
W2941435695,inter
W2941456576,inst
W2941472776,inter
W2941497813,inter
W2941578813,inst
W2941585286,inter
W2941690081,inter
W2941710969,inter
W2941715400,inter
W2941726745,inst
W2941761872,inst
W2941769169,inter
W2941782281,inter
W2941802832,inter
W2941821464,inter
W2941828213,inter
W2941845923,inter
W2941870244,inter
W2941882494,inter
W2942026628,inter
W2942037691,inter
W2942059879,inter
W2942074357,inst
W2942082708,inter
W2942091739,inter
W2942105743,inter
W2942161347,inter
W2942175645,inter
W2942201786,inter
W2942211779,inter
W2942228371,inter
W2942255051,inter
W2942344109,inter
W2942390740,inst
W2942400511,inter
W2942419562,inst
W2942444880,inst
W2942446308,inter
W2942467990,inter
W2942472907,inter
W2942476636,inter
W2942487723,inter
W2942519784,inter
W2942551262,inter
W2942687513,inter
W2942802123,inter
W2942813256,inter
W2942827234,inter
W2942874836,inter
W2942877765,inter
W2942890744,inst
W2942919589,inter
W2942946083,inter
W2942957343,inter
W2943054338,inter
W2943059185,inter
W2943070176,inst
W2943162956,inter
W2943165231,inter
W2943201608,inter
W2943250133,inter
W2943305454,inter
W2943307247,uni
W2943321203,inter
W2943322963,inter
W2943334384,inter
W2943335191,inter
W2943335357,inter
W2943354153,inter
W2943355660,inter
W2943371385,inter
W2943443346,inter
W2943466984,inter
W2943490696,inter
W2943545929,inter
W2943547402,inter
W2943589990,inter
W2943636131,inter
W2943717074,inter
W2943736627,inter
W2943746135,inter
W2943750394,inter
W2943753310,inter
W2943780168,inter
W2943785097,inter
W2943863288,inter
W2943864384,inter
W2943864666,uni
W2943879620,inter
W2943885184,inter
W2943922427,inter
W2943963440,inst
W2943971723,inter
W2944009257,inter
W2944013203,inter
W2944014821,inter
W2944016984,inter
W2944038114,inter
W2944145405,inter
W2944195984,inter
W2944239152,inter
W2944304051,inter
W2944356404,inter
W2944388723,inter
W2944410094,inst
W2944413817,inter
W2944459545,inter
W2944579304,inter
W2944621473,inter
W2944622605,inter
W2944650048,inter
W2944662089,uni
W2944664390,inter
W2944671097,inter
W2944690288,inter
W2944713065,inter
W2944720157,inter
W2944733694,inst
W2944777072,inter
W2944779716,inter
W2944804554,inter
W2944830571,inter
W2944885779,inst
W2944905389,inter
W2944911902,inter
W2944952438,inst
W2944954104,inter
W2944956221,inter
W2944973540,inter
W2945015800,inter
W2945084767,inter
W2945097383,inter
W2945098486,inter
W2945127298,inter
W2945132367,inter
W2945136398,inst
W2945139922,inter
W2945146780,inst
W2945159175,inst
W2945190322,inter
W2945197286,inter
W2945197573,inter
W2945208055,uni
W2945210754,inter
W2945223572,inter
W2945225802,inter
W2945227838,inter
W2945230547,inst
W2945254408,inter
W2945291089,inter
W2945335799,inst
W2945341858,inst
W2945384854,inter
W2945390680,inter
W2945421731,inter
W2945425441,inter
W2945434604,inter
W2945467643,inter
W2945472816,inst
W2945490636,inter
W2945522736,inter
W2945547918,inter
W2945554622,inter
W2945578092,inter
W2945586175,inter
W2945677328,inst
W2945691949,inter
W2945699300,inter
W2945761028,inter
W2945786113,inter
W2945806310,inter
W2945810037,inter
W2945817187,inter
W2945879101,inter
W2945885882,inter
W2945904992,inter
W2945976633,top tier
W2945990742,inter
W2946001416,inter
W2946008235,inter
W2946020166,inter
W2946053491,inter
W2946086442,inter
W2946165673,inter
W2946216447,inter
W2946226507,inter
W2946298263,inter
W2946300279,inter
W2946335183,inter
W2946337726,inst
W2946345288,uni
W2946352170,inter
W2946355854,inst
W2946363947,inter
W2946411799,inter
W2946417913,inter
W2946476638,inter
W2946483985,inter
W2946502685,inter
W2946526500,inter
W2946537088,inter
W2946537710,inst
W2946555010,inter
W2946566846,inter
W2946567085,inter
W2946589087,inter
W2946615553,inter
W2946628599,inst
W2946670790,inter
W2946686157,inter
W2946699361,inter
W2946738592,inter
W2946739205,inter
W2946834067,inter
W2946835083,inter
W2946864864,inst
W2946890249,inter
W2946897274,inter
W2946921758,inter
W2946946244,uni
W2946963849,inter
W2946977574,inter
W2947011145,inter
W2947012480,inter
W2947041220,inter
W2947060602,inter
W2947060705,inter
W2947084868,inter
W2947085951,inter
W2947133760,inter
W2947137917,inter
W2947177749,inter
W2947202670,inter
W2947262197,uni
W2947263745,inter
W2947267495,inter
W2947285137,inter
W2947319370,inter
W2947336388,inter
W2947342032,inter
W2947362543,inter
W2947415936,inst
W2947430673,uni
W2947431308,inter
W2947441756,inter
W2947506247,inter
W2947566953,inter
W2947582918,inter
W2947597421,inter
W2947622416,inter
W2947633121,inter
W2947751981,uni
W2947794866,inter
W2947798545,inter
W2947819152,inter
W2947829929,inter
W2947832965,inter
W2947851192,inter
W2947883149,inter
W2947883180,inter
W2947895051,inter
W2947935631,inter
W2947939414,inter
W2947958277,uni
W2947983671,inter
W2947988006,inter
W2948012784,inter
W2948080074,inter
W2948092416,inst
W2948098972,inter
W2948115951,inter
W2948138508,inter
W2948162966,inter
W2948164010,inst
W2948208276,inter
W2948214724,inst
W2948242301,inter
W2948264761,inter
W2948298510,inter
W2948402367,inter
W2948407537,inter
W2948429981,inst
W2948433048,inter
W2948467580,inter
W2948489744,inter
W2948541941,inter
W2948553897,inst
W2948629864,inter
W2948672349,inter
W2948712218,inter
W2948729509,inter
W2948732750,inter
W2948734064,inter
W2948907514,inter
W2948939582,inter
W2948959975,inter
W2948982773,inter
W2949015409,inter
W2949059687,inter
W2949069042,inter
W2949071206,inst
W2949140995,inter
W2949149324,inter
W2949195375,inst
W2949226104,inter
W2949236164,inter
W2949237979,inter
W2949266019,inst
W2949287246,inter
W2949305207,inst
W2949308598,inter
W2949328830,inter
W2949380986,inter
W2949387234,inter
W2949391930,inter
W2949479468,inst
W2949518797,inter
W2949528887,inter
W2949600091,inter
W2949619037,inst
W2949619619,inst
W2949648625,inst
W2949660155,inter
W2949676527,top tier
W2949678053,inst
W2949684192,uni
W2949699261,inter
W2949716283,inter
W2949736877,inter
W2949760129,inst
W2949810415,inter
W2949836779,inter
W2949852859,inter
W2949879676,inter
W2949978251,inter
W2949980515,inst
W2949984659,inter
W2949992015,inter
W2950028232,inter
W2950041186,inter
W2950104426,inst
W2950139339,inter
W2950175383,uni
W2950200056,inter
W2950241207,inter
W2950244443,uni
W2950254594,inter
W2950441226,inter
W2950452242,inter
W2950485987,inter
W2950540448,inter
W2950541696,inst
W2950548072,inter
W2950565945,inst
W2950568498,inst
W2950630374,inter
W2950695236,inter
W2950739899,uni
W2950745813,inter
W2950816581,uni
W2950842792,inter
W2950843936,inter
W2950863887,inter
W2950865323,inter
W2950884858,inter
W2950950097,inter
W2950958145,inst
W2950977943,inter
W2951018605,inter
W2951128379,inter
W2951136802,inter
W2951193962,inter
W2951204628,inter
W2951211905,inter
W2951240364,inter
W2951308021,inter
W2951394377,inter
W2951395093,inter
W2951398059,inter
W2951402759,inter
W2951432180,inter
W2951458873,inst
W2951464224,inter
W2951469844,inst
W2951544399,inter
W2951559648,inst
W2951577592,inter
W2951626733,inter
W2951693419,inter
W2951695259,inter
W2951731894,inter
W2951787017,inter
W2951799940,inter
W2951833923,inter
W2951865668,inter
W2951918463,inter
W2951955003,inter
W2952021385,inter
W2952067539,inter
W2952069438,inter
W2952117232,uni
W2952218014,inter
W2952234744,inter
W2952322674,inter
W2952379095,inter
W2952387868,inter
W2952389999,inter
W2952409363,inst
W2952425476,inter
W2952476201,inter
W2952507891,inter
W2952510283,inter
W2952524542,inter
W2952587893,inst
W2952610058,inter
W2952672944,inter
W2952735543,uni
W2952750365,inter
W2952813980,inst
W2952829825,inter
W2952833882,inter
W2952834167,inst
W2952838855,inter
W2952840864,inter
W2952940064,inter
W2953016680,inst
W2953069263,inter
W2953071704,inter
W2953080657,inter
W2953122916,inter
W2953202311,inter
W2953251346,inter
W2953256427,inter
W2953263691,inter
W2953271441,inter
W2953276664,inter
W2953308748,inter
W2953317406,inter
W2953461088,inst
W2953480975,inst
W2953500975,inter
W2953506610,inter
W2953526615,inter
W2953672361,inter
W2953722276,inst
W2953737142,inter
W2953822436,inter
W2953867939,inter
W2953875340,inter
W2953881420,inst
W2953894958,inter
W2953896694,inter
W2953901595,inter
W2953904117,inter
W2953947325,inter
W2953955260,uni
W2953991224,inter
W2954033833,inter
W2954048722,inter
W2954086440,inter
W2954087924,inter
W2954123346,inter
W2954137266,inter
W2954148997,inter
W2954166455,inter
W2954171777,inter
W2954192807,inter
W2954198060,inter
W2954234207,inter
W2954275231,inter
W2954281136,inter
W2954306360,inter
W2954314956,inter
W2954328919,inter
W2954338517,inter
W2954339636,inter
W2954428948,inter
W2954487216,inst
W2954539995,inter
W2954548939,inter
W2954618702,inter
W2954628187,inter
W2954698171,inst
W2954709787,inter
W2954727507,inter
W2954752948,inter
W2954765307,inter
W2954785911,inter
W2954826798,inter
W2954920098,inter
W2954996726,top tier
W2955051405,inter
W2955058313,top tier
W2955171701,inter
W2955192706,inter
W2955195136,inter
W2955203902,inter
W2955216108,inst
W2955224058,inter
W2955254529,inter
W2955278847,inst
W2955328829,inter
W2955338161,inter
W2955354980,inst
W2955429306,inter
W2955429674,inter
W2955431988,inter
W2955488837,inst
W2955547856,inter
W2955553835,inter
W2955561092,inter
W2955569468,inter
W2955582700,inter
W2955592579,inter
W2955611229,inter
W2955615080,uni
W2955659663,inter
W2955686859,inter
W2955694124,inter
W2955719036,inter
W2955731880,inter
W2955739827,inter
W2955747520,inter
W2955754489,inter
W2955813853,inter
W2955815983,inter
W2955901475,inter
W2955931418,inter
W2955934671,inter
W2955955128,inter
W2955986556,inter
W2955991060,inter
W2955998834,inter
W2956016751,inter
W2956033880,inter
W2956066883,inter
W2956076259,inter
W2956228567,inter
W2956335072,inst
W2956411360,inter
W2956517125,inst
W2956755329,inter
W2956767096,inter
W2956779867,inter
W2956819335,inter
W2956831428,inter
W2956855079,inter
W2956887593,inter
W2957105406,inst
W2957186196,inter
W2957283238,inter
W2957310485,inter
W2957335648,inter
W2957382336,uni
W2957702778,inter
W2957780493,inter
W2958257718,inter
W2958311960,inter
W2958377864,inst
W2958385005,inter
W2958412552,inter
W2958587321,inter
W2958684416,inter
W2958754741,inter
W2958873936,inter
W2958991960,inter
W2959001885,inter
W2959009364,inter
W2959029187,inter
W2959116526,inter
W2959180823,inter
W2959221393,inter
W2959384889,inter
W2959392253,inter
W2959592396,inter
W2959648301,inter
W2959652141,inter
W2959815116,inter
W2959865151,inter
W2960010704,inter
W2960224454,inter
W2960241714,inter
W2960318892,inter
W2960484119,uni
W2960870100,inter
W2960933010,inst
W2960944858,inter
W2961010564,inter
W2961060195,inter
W2961073364,inter
W2961099251,inter
W2961224374,inter
W2961234535,inter
W2961344605,inter
W2961348656,inter
W2961404306,uni
W2961460039,inter
W2962213922,inter
W2962330257,inter
W2962386563,inter
W2962608326,uni
W2962620000,inter
W2962677366,inter
W2962677625,inst
W2962684017,inter
W2962695108,inter
W2962700793,inter
W2962700905,inst
W2962706983,inter
W2962707792,inter
W2962714886,inter
W2962716998,inter
W2962718314,inst
W2962724148,inter
W2962724414,inter
W2962735828,inst
W2962741876,inter
W2962744318,inter
W2962746093,inst
W2962759496,inter
W2962760490,inter
W2962761264,inter
W2962762541,inter
W2962766801,inter
W2962772870,inter
W2962778134,inter
W2962779710,inter
W2962779785,inter
W2962779927,inter
W2962784628,inter
W2962784841,inter
W2962786441,inst
W2962786991,inter
W2962788286,inter
W2962788341,inter
W2962789679,inst
W2962799512,inter
W2962804345,inter
W2962805368,inst
W2962808042,inter
W2962810613,inter
W2962813473,inst
W2962814013,inter
W2962814235,inter
W2962824509,inter
W2962825546,inst
W2962832028,inter
W2962835877,inter
W2962837320,inter
W2962837932,inter
W2962841471,inter
W2962843773,inst
W2962845546,inter
W2962846611,inter
W2962847335,inst
W2962850796,inter
W2962850830,inter
W2962851632,inter
W2962851801,inst
W2962852342,inter
W2962852931,inter
W2962855623,inter
W2962858109,top tier
W2962860144,inst
W2962861647,inter
W2962866211,inter
W2962869940,inst
W2962870798,inter
W2962872506,inter
W2962872943,inter
W2962875879,inst
W2962883027,inst
W2962883557,inter
W2962891704,inter
W2962892019,inter
W2962895364,inter
W2962898354,inter
W2962898677,inter
W2962906289,inst
W2962907114,inst
W2962907576,inter
W2962910139,inter
W2962914040,inter
W2962929176,inter
W2962930554,uni
W2962932079,inter
W2962938439,inter
W2962944050,inter
W2962945654,inter
W2962956675,inter
W2962957061,inst
W2962957359,inter
W2962958939,inter
W2962959442,uni
W2962960197,inter
W2962961580,inter
W2962964140,inter
W2962974533,inst
W2962979064,inter
W2962983540,inter
W2962984063,inter
W2962984188,inter
W2962990451,inter
W2962992803,inter
W2962992847,inst
W2962997029,inter
W2963001870,inter
W2963014573,inter
W2963014601,inter
W2963019093,inter
W2963022469,inter
W2963028801,inter
W2963042258,inter
W2963043696,inter
W2963044698,inter
W2963051855,inter
W2963055497,inst
W2963066159,inter
W2963068442,inter
W2963070937,inst
W2963072537,inter
W2963073167,inst
W2963076818,top tier
W2963081790,inter
W2963082289,inst
W2963082528,inter
W2963083276,inter
W2963087285,inst
W2963090248,inst
W2963091079,inst
W2963094133,inter
W2963096510,inter
W2963097227,inter
W2963097316,inter
W2963102887,inter
W2963102968,inter
W2963103155,inter
W2963105487,inter
W2963106566,inst
W2963110069,inter
W2963111219,inter
W2963111876,inter
W2963112684,inter
W2963119563,inter
W2963128427,inst
W2963129433,inst
W2963132052,inter
W2963136578,inst
W2963140066,inter
W2963140444,inter
W2963143141,inter
W2963143328,inter
W2963145442,inter
W2963145730,inter
W2963150162,inter
W2963152299,inter
W2963155035,inter
W2963155944,inter
W2963160845,inst
W2963165122,inst
W2963165596,inter
W2963166243,inst
W2963166524,inter
W2963168801,inter
W2963175522,inst
W2963177663,inter
W2963178695,inter
W2963184668,inter
W2963190722,inter
W2963194334,inter
W2963199592,inter
W2963200533,inter
W2963212638,inter
W2963213486,inter
W2963217749,inter
W2963223345,inter
W2963226402,inter
W2963227127,inter
W2963231953,inter
W2963235754,inter
W2963236837,inst
W2963239066,inter
W2963240485,inter
W2963244068,inst
W2963246338,inter
W2963247196,inter
W2963258373,inter
W2963271462,inter
W2963273111,inter
W2963274387,inter
W2963275094,inst
W2963278054,uni
W2963279879,inter
W2963282966,inter
W2963284996,inter
W2963285812,inter
W2963288100,inst
W2963288541,inter
W2963289251,inter
W2963293463,inter
W2963297678,inst
W2963299740,inst
W2963300078,inter
W2963305974,inter
W2963307918,inter
W2963313259,inter
W2963314580,inter
W2963314614,inter
W2963315052,inst
W2963315828,inst
W2963316559,inter
W2963318081,inter
W2963319203,inter
W2963319519,inst
W2963321416,inst
W2963322158,inter
W2963323244,inst
W2963340555,inter
W2963341956,top tier
W2963353821,inter
W2963360541,inter
W2963370235,inter
W2963374347,inter
W2963380138,inter
W2963383990,inter
W2963385211,inter
W2963390885,inst
W2963391479,inst
W2963393555,inter
W2963393566,inter
W2963397674,inter
W2963401022,inter
W2963403405,inter
W2963407932,inter
W2963408750,inter
W2963410212,inter
W2963414688,inter
W2963419579,inter
W2963422396,inter
W2963426391,inter
W2963428056,inter
W2963428623,inter
W2963430933,inter
W2963436343,inter
W2963438520,inter
W2963438548,inst
W2963447079,inter
W2963447094,inst
W2963447945,inst
W2963450506,inter
W2963455537,inst
W2963459241,inter
W2963460174,inter
W2963460857,inter
W2963465031,inst
W2963466847,inst
W2963467630,inst
W2963469045,inter
W2963470893,inter
W2963472675,inst
W2963474852,inter
W2963481014,inter
W2963484342,inst
W2963485691,inter
W2963488173,inter
W2963488266,inter
W2963496125,inter
W2963497309,inter
W2963499153,inter
W2963500679,inter
W2963504161,inter
W2963506806,inter
W2963508401,inter
W2963509340,inter
W2963513598,inter
W2963517393,inter
W2963519232,inter
W2963521187,inter
W2963521256,inter
W2963521540,inter
W2963525576,inst
W2963526065,inst
W2963526661,inter
W2963527625,inter
W2963534981,inter
W2963546656,inter
W2963547801,inter
W2963550089,inter
W2963558289,inst
W2963559058,inter
W2963560594,inter
W2963561004,inter
W2963563009,inter
W2963563276,inst
W2963571857,inst
W2963574257,inter
W2963575739,inter
W2963576560,inter
W2963579094,inter
W2963581854,inter
W2963585086,inter
W2963590887,inter
W2963594535,inter
W2963601856,inter
W2963602084,uni
W2963603913,inst
W2963606038,inter
W2963608627,inter
W2963610939,inter
W2963619203,inter
W2963626105,inter
W2963626582,inter
W2963628502,inst
W2963631308,inter
W2963635628,inter
W2963637207,inter
W2963637710,inst
W2963639915,inst
W2963641969,inter
W2963647456,inst
W2963649064,inter
W2963649364,inter
W2963652649,inter
W2963653132,inter
W2963653811,inter
W2963655167,inter
W2963655793,inst
W2963656031,inter
W2963660453,inter
W2963661253,inst
W2963668159,inter
W2963668235,inter
W2963670497,inter
W2963674387,inter
W2963674831,inter
W2963676087,inter
W2963676366,inter
W2963676620,inter
W2963684180,inter
W2963685207,inter
W2963690694,inter
W2963691377,inter
W2963696937,inter
W2963699792,inter
W2963704216,inter
W2963707011,inst
W2963710593,inter
W2963713828,inter
W2963720850,inter
W2963721945,inter
W2963725249,inter
W2963729528,inter
W2963736842,inter
W2963739249,inter
W2963741310,inter
W2963743473,inter
W2963748441,inter
W2963749795,inter
W2963751777,inter
W2963752132,inter
W2963759574,inter
W2963767627,inter
W2963773039,inter
W2963780538,uni
W2963780790,inter
W2963783875,inter
W2963784516,inter
W2963786491,inter
W2963787027,inst
W2963791342,inst
W2963803174,inter
W2963808856,inst
W2963809933,inst
W2963811511,inter
W2963811535,inter
W2963813458,inst
W2963814162,inter
W2963820951,inter
W2963826423,inter
W2963828709,inter
W2963833291,inter
W2963838390,inter
W2963839499,inter
W2963843230,inter
W2963844898,inst
W2963846885,inter
W2963855133,inter
W2963856074,inter
W2963863328,inter
W2963864161,inter
W2963864421,inter
W2963867213,inter
W2963868406,inst
W2963870446,inter
W2963874170,inter
W2963875806,inter
W2963878020,inter
W2963883198,inter
W2963883527,inter
W2963888093,inter
W2963889363,inter
W2963890956,inter
W2963893037,inter
W2963896050,inter
W2963896595,inter
W2963899050,inter
W2963901085,inter
W2963903325,inter
W2963903399,inter
W2963910545,inter
W2963910742,inter
W2963912736,inter
W2963915229,inter
W2963917006,inter
W2963917086,inter
W2963921497,inter
W2963935758,inter
W2963940738,inst
W2963942203,inter
W2963943352,inter
W2963943912,inter
W2963945466,inter
W2963946985,inter
W2963947967,uni
W2963948436,inter
W2963948689,uni
W2963951026,inter
W2963951674,inter
W2963952323,inst
W2963954530,inter
W2963954913,inst
W2963955422,inter
W2963958000,inter
W2963958344,inter
W2963960612,inter
W2963962555,inter
W2963964896,inter
W2963966654,inter
W2963972681,inter
W2963972957,inst
W2963973190,inter
W2963974889,inter
W2963975576,inter
W2963975998,inter
W2963976574,inter
W2963977416,inter
W2963977642,inst
W2963978393,inter
W2963980268,inter
W2963983207,inter
W2963986342,inst
W2963989829,inter
W2963991316,inter
W2963992782,inter
W2963993763,inst
W2963995493,uni
W2963997141,inst
W2964003763,inter
W2964006613,inst
W2964007110,inter
W2964010455,inter
W2964010755,inter
W2964013315,inst
W2964015381,inst
W2964016278,inter
W2964018670,inter
W2964018924,inter
W2964027659,inter
W2964035402,inter
W2964036161,inter
W2964036919,inter
W2964040357,inter
W2964044287,inter
W2964044605,inter
W2964045146,inter
W2964045956,inst
W2964066803,inter
W2964072322,inter
W2964073328,inter
W2964077788,inter
W2964081303,inst
W2964081342,inter
W2964082993,inter
W2964084939,inter
W2964094092,inter
W2964094751,inst
W2964095965,inter
W2964097029,inter
W2964098749,inst
W2964105113,inst
W2964105864,inst
W2964109570,inst
W2964111476,inter
W2964117779,inter
W2964118262,inter
W2964121793,inter
W2964123261,inter
W2964125128,inter
W2964125708,inter
W2964126011,inter
W2964128214,inst
W2964130424,inst
W2964134613,inter
W2964146055,inter
W2964154335,inter
W2964158265,inter
W2964158883,inter
W2964159778,inst
W2964161785,inst
W2964167369,inter
W2964167669,inter
W2964168984,inter
W2964171387,inter
W2964176323,inter
W2964181521,inst
W2964184343,inter
W2964185410,inst
W2964186969,inter
W2964189376,inter
W2964189431,inter
W2964191259,inter
W2964193874,inter
W2964195914,inter
W2964198573,inter
W2964200170,inter
W2964201335,inter
W2964209782,inter
W2964210007,inter
W2964213180,inter
W2964216094,inter
W2964222388,inter
W2964222573,inter
W2964222622,inst
W2964225075,inter
W2964231305,inter
W2964231383,inter
W2964231884,inter
W2964233199,inst
W2964236837,inter
W2964241552,inter
W2964245886,inter
W2964248288,inst
W2964248351,inter
W2964250774,inter
W2964253156,inter
W2964260687,inst
W2964262413,inst
W2964262883,inter
W2964265625,inter
W2964266860,inter
W2964267765,inter
W2964268168,inter
W2964269074,inter
W2964273174,inter
W2964273565,inter
W2964274719,inst
W2964277278,inter
W2964277307,inst
W2964277374,inter
W2964279441,inter
W2964280870,inst
W2964281014,inter
W2964281761,inter
W2964285681,inter
W2964286567,inter
W2964286876,inter
W2964292273,inter
W2964297311,inter
W2964298608,inter
W2964298668,inter
W2964302903,inter
W2964303497,inter
W2964303576,inter
W2964303913,inter
W2964304299,inter
W2964309167,inter
W2964309316,inter
W2964309400,inter
W2964318832,inter
W2964324519,inter
W2964325005,inter
W2964325521,uni
W2964327531,inter
W2964330541,inter
W2964334471,inter
W2964336507,inter
W2964337638,inter
W2964344300,inter
W2964352358,inst
W2964388642,inter
W2964412937,inter
W2964423614,inter
W2964461714,inst
W2964479623,inter
W2964522977,inter
W2964561015,inter
W2964571799,inter
W2964602598,inter
W2964607446,inter
W2964631455,top tier
W2964685115,inter
W2964744899,inter
W2964755768,inter
W2964832647,inter
W2964839244,uni
W2964855828,inter
W2964886586,inter
W2964936392,inter
W2964961855,inst
W2965018584,inter
W2965047905,inter
W2965066169,inter
W2965068418,inst
W2965143341,inter
W2965148939,inter
W2965177634,inter
W2965179263,inter
W2965194519,inst
W2965207653,inter
W2965217508,inter
W2965296964,inter
W2965381217,inter
W2965383240,inter
W2965391153,inter
W2965405490,inter
W2965446359,inter
W2965463979,inter
W2965530325,inter
W2965572487,inter
W2965596109,inter
W2965604235,inst
W2965644191,inter
W2965661873,inter
W2965682822,inter
W2965718579,inter
W2965727330,inter
W2965750004,inter
W2965754764,inst
W2965778995,inter
W2965794323,inter
W2965818363,inter
W2965833116,inter
W2965976453,inter
W2965989958,inter
W2965992809,uni
W2966032326,inter
W2966059442,inter
W2966089139,inter
W2966146145,inter
W2966195514,uni
W2966197049,inter
W2966205048,inter
W2966218308,inst
W2966241357,inter
W2966256598,inter
W2966265332,inter
W2966271765,inter
W2966284335,inter
W2966298242,inst
W2966303779,inter
W2966314110,inter
W2966348120,inter
W2966386095,inter
W2966398094,inter
W2966399854,inter
W2966423400,inter
W2966435693,inter
W2966438217,inter
W2966464106,inst
W2966477225,inter
W2966477667,inter
W2966477753,inter
W2966516593,inter
W2966537182,inter
W2966557654,inter
W2966562674,inter
W2966593610,inter
W2966609693,inter
W2966628707,inter
W2966630839,inter
W2966631854,inter
W2966647688,inter
W2966682887,uni
W2966700751,inter
W2966720510,inst
W2966759038,inst
W2966780997,inter
W2966792976,inter
W2966878259,inter
W2966910701,inter
W2966936616,inter
W2966954314,inter
W2966980512,inter
W2967023585,inter
W2967084391,inst
W2967092108,inter
W2967169354,inter
W2967266701,inter
W2967277766,inter
W2967333288,inst
W2967357336,inter
W2967367638,inst
W2967407320,inter
W2967497108,inter
W2967508521,inter
W2967529879,inter
W2967580493,inter
W2967615747,inter
W2967622921,inter
W2967726092,inter
W2967779153,inter
W2967793662,inter
W2967858304,inst
W2967880504,inter
W2967926749,inter
W2967930848,inter
W2967942591,inter
W2967957126,inter
W2967987700,inter
W2968000510,inter
W2968000703,inter
W2968084595,inter
W2968149069,inter
W2968156427,inst
W2968156685,inter
W2968168257,inst
W2968201433,inter
W2968203564,inter
W2968231730,inter
W2968293285,inter
W2968337163,inter
W2968361852,inter
W2968415286,inter
W2968424451,inter
W2968445022,inter
W2968506281,inter
W2968533953,inter
W2968562893,inst
W2968611582,inter
W2968665632,inter
W2968725949,inter
W2968762770,inst
W2968885972,inter
W2968894879,uni
W2968908025,inter
W2968918794,inter
W2968979144,inter
W2969076013,inter
W2969097290,inst
W2969129166,inter
W2969209846,inter
W2969212959,inst
W2969225252,inter
W2969248769,inter
W2969249059,inter
W2969257564,inter
W2969289739,inter
W2969315756,inter
W2969316698,inter
W2969325194,inter
W2969326038,inter
W2969327092,inter
W2969332757,inter
W2969336941,inter
W2969340476,inter
W2969343769,inter
W2969350772,inter
W2969388332,inst
W2969392396,inter
W2969394406,inst
W2969395615,inter
W2969457089,inter
W2969478407,inter
W2969526048,inter
W2969529392,inter
W2969542610,inter
W2969560306,inter
W2969596700,inst
W2969597887,inter
W2969602038,inter
W2969659874,inter
W2969667768,uni
W2969684095,inter
W2969725773,inter
W2969746574,uni
W2969767986,uni
W2969779670,inst
W2969792793,inter
W2969812514,inter
W2969830823,inter
W2969872311,inter
W2969873949,inter
W2969889412,inter
W2969890106,inter
W2969891284,inst
W2969900045,inter
W2969908837,inter
W2969923572,inter
W2969958111,inter
W2969963700,inter
W2969973192,inter
W2969980075,inter
W2969980980,inst
W2969984115,inter
W2969985720,inter
W2969992511,inter
W2969998124,inst
W2970007378,inter
W2970027214,inter
W2970029785,inter
W2970032385,inter
W2970033941,inter
W2970084480,inter
W2970089253,inter
W2970120675,inter
W2970142969,inter
W2970148517,inter
W2970152602,inst
W2970190031,inst
W2970198780,inter
W2970214107,inter
W2970269396,inter
W2970293835,inter
W2970306554,inter
W2970325945,inter
W2970363975,inter
W2970390221,inter
W2970400386,inter
W2970412667,inst
W2970456185,inter
W2970510495,inter
W2970529259,inter
W2970599813,inter
W2970601456,inter
W2970628659,inst
W2970647445,inter
W2970691381,inst
W2970717081,inter
W2970769655,inter
W2970862234,inter
W2970876095,inter
W2970884539,inter
W2970930436,inter
W2970958999,inter
W2970971581,top tier
W2971014764,inter
W2971046657,inter
W2971058209,inter
W2971064483,inter
W2971072496,inter
W2971132234,inter
W2971137300,inter
W2971151079,inter
W2971177183,inst
W2971236179,inter
W2971241565,inter
W2971244547,inter
W2971251980,inter
W2971271877,inter
W2971296720,inter
W2971303460,inter
W2971328252,inter
W2971370265,inter
W2971376088,inter
W2971403019,inst
W2971476734,inter
W2971479921,inter
W2971519613,uni
W2971541566,inter
W2971545175,inter
W2971559009,inter
W2971598376,inst
W2971651357,inter
W2971654554,inter
W2971689766,inter
W2971697724,inter
W2971712637,inter
W2971713147,inst
W2971719842,inter
W2971758476,inter
W2971759862,inter
W2971765953,inter
W2971778960,inter
W2971808011,inter
W2971826129,inter
W2971842736,inter
W2971852873,inst
W2971863201,inter
W2971894545,inter
W2971917153,inter
W2971930782,inter
W2971933740,inter
W2971944335,inter
W2971947705,inter
W2971949219,inter
W2971959521,inter
W2971984631,inter
W2972003038,inter
W2972008652,inst
W2972038757,inter
W2972062541,inter
W2972095621,uni
W2972101069,inter
W2972118398,inter
W2972128274,inter
W2972146781,inst
W2972156365,inter
W2972158684,inter
W2972186274,inter
W2972193535,inst
W2972207885,inter
W2972266205,inter
W2972274347,inst
W2972313358,inter
W2972332787,uni
W2972401572,inst
W2972423375,inter
W2972458663,inst
W2972469452,inter
W2972511309,inter
W2972535786,inter
W2972539902,inter
W2972555443,inter
W2972575607,inter
W2972587179,inter
W2972625240,inter
W2972652743,inter
W2972662547,inter
W2972674777,inter
W2972720866,inter
W2972729555,inter
W2972759173,inter
W2972788904,inter
W2972799026,inter
W2972827490,inter
W2972882814,inter
W2972915682,inter
W2972939024,inter
W2972944582,inter
W2972949417,uni
W2972966111,inst
W2972985782,inter
W2973035781,inst
W2973049920,inter
W2973074478,inst
W2973074956,inter
W2973096665,inter
W2973118834,inter
W2973164215,inter
W2973165826,inter
W2973167097,inter
W2973169203,inter
W2973169810,inter
W2973173993,inst
W2973217491,inter
W2973221236,inst
W2973283381,inter
W2973313168,inter
W2973351188,inst
W2973374619,inter
W2973476584,inter
W2973499646,inter
W2973526104,inter
W2973556000,inter
W2973696262,inter
W2973743369,inter
W2973865710,inter
W2973881567,inter
W2973936283,inter
W2973993756,inter
W2974031284,inter
W2974072088,inter
W2974110037,inter
W2974175488,inter
W2974268684,uni
W2974270851,inter
W2974319653,inter
W2974398825,inter
W2974416881,inter
W2974470054,inter
W2974481323,inter
W2974503039,inter
W2974603634,inter
W2974623198,inter
W2974686944,inter
W2974716333,inter
W2974725437,inter
W2974733188,inter
W2974739275,inter
W2974795415,inter
W2974805517,inter
W2974837870,uni
W2974877692,inter
W2974955574,inter
W2975026809,inter
W2975032961,inter
W2975043677,inter
W2975091687,inter
W2975173965,inter
W2975183808,inter
W2975221988,inter
W2975241765,uni
W2975359141,inter
W2975456086,inter
W2975485695,inter
W2975551166,inter
W2975560517,inter
W2975565280,inter
W2975605169,inst
W2975616193,inter
W2975664136,inter
W2975712713,inter
W2975749976,inst
W2975768142,inter
W2975935023,inter
W2975936501,inter
W2976074448,inter
W2976121354,inter
W2976122503,inter
W2976139116,inter
W2976146566,uni
W2976153356,inter
W2976161203,inter
W2976265969,inter
W2976365704,inter
W2976431391,inter
W2976482555,inter
W2976487595,inter
W2976540144,inst
W2976677498,inter
W2976698151,inter
W2976712901,inter
W2976796611,inter
W2976836186,inter
W2976951478,inst
W2976995972,inter
W2977046078,inter
W2977063634,inter
W2977110666,inter
W2977115923,inst
W2977119132,inter
W2977153525,inter
W2977189914,inter
W2977225684,inst
W2977286878,inter
W2977310992,inter
W2977350810,uni
W2977362526,inter
W2977431930,inter
W2977466517,inter
W2977486570,inst
W2977540023,inter
W2977679548,inter
W2977697741,inter
W2977730193,inter
W2977746092,inter
W2977809668,inter
W2977819254,inter
W2977953318,inter
W2977974025,inter
W2978010094,inter
W2978012698,inter
W2978019044,inter
W2978020967,inter
W2978071151,inter
W2978074392,inst
W2978109980,inter
W2978131474,inter
W2978206257,inst
W2978213037,inter
W2978246915,inter
W2978261870,inter
W2978288215,inter
W2978330132,inter
W2978385178,inter
W2978484973,inst
W2978524555,inter
W2978553054,inter
W2978575375,inter
W2978599004,inter
W2978637579,inter
W2978639826,inter
W2978645028,uni
W2978654659,inter
W2978722001,inter
W2978729376,inter
W2978837318,inter
W2978843202,inter
W2978857158,inter
W2978873084,inter
W2978949425,inter
W2978995201,inter
W2979040987,inter
W2979057283,inter
W2979084672,inter
W2979128757,inter
W2979174067,inter
W2979206432,inter
W2979210273,inter
W2979216345,inter
W2979258553,inter
W2979298112,inst
W2979300174,inter
W2979306374,inter
W2979335806,inst
W2979357606,inter
W2979369196,inter
W2979372598,inter
W2979390449,inter
W2979390785,inter
W2979394918,inter
W2979411997,inter
W2979417040,inter
W2979439447,inter
W2979481854,inter
W2979485822,inter
W2979503749,inter
W2979516872,inter
W2979528578,uni
W2979535349,inter
W2979566992,inter
W2979583727,inter
W2979656001,inter
W2979658571,inter
W2979671897,inter
W2979673838,inter
W2979679572,inter
W2979685515,inst
W2979726366,inter
W2979731220,inter
W2979748550,inter
W2979806863,inter
W2979826702,top tier
W2979832172,inst
W2979838943,inter
W2979876181,inter
W2979878901,inst
W2979898450,inter
W2979903601,inter
W2979942491,inter
W2979946095,inter
W2979984930,inter
W2979997102,inter
W2979997161,inter
W2979997272,inter
W2980000956,inter
W2980002395,uni
W2980030301,inter
W2980038013,inter
W2980044264,inter
W2980060569,inter
W2980104813,inter
W2980115220,inter
W2980123143,inter
W2980153788,inst
W2980159303,inter
W2980170367,inter
W2980189150,inter
W2980201261,inst
W2980201473,inter
W2980230638,uni
W2980234582,inst
W2980236791,inter
W2980285097,inter
W2980315086,inter
W2980400530,inter
W2980416117,inter
W2980471673,inter
W2980472839,inst
W2980506400,inter
W2980509886,inter
W2980565715,inter
W2980576170,inter
W2980599561,inter
W2980700634,inst
W2980715360,inter
W2980750320,inter
W2980796597,inter
W2980812277,uni
W2980827638,inter
W2980829736,inter
W2980839097,inter
W2980856918,inter
W2980858082,inter
W2980872753,inst
W2980889112,inter
W2980931129,inter
W2980948514,inter
W2980976537,inter
W2981025625,inter
W2981038142,inter
W2981047471,inter
W2981056651,inter
W2981072058,inter
W2981087920,inst
W2981096444,inter
W2981127045,inter
W2981133916,inter
W2981134765,inter
W2981142240,inter
W2981142909,inst
W2981151606,inter
W2981196140,uni
W2981216466,inter
W2981264952,top tier
W2981283987,inter
W2981305380,inter
W2981308189,inter
W2981313139,inter
W2981318006,inter
W2981369418,inter
W2981383995,inter
W2981388714,inter
W2981406437,inter
W2981407587,inter
W2981408784,inter
W2981409172,inter
W2981446661,inter
W2981470361,uni
W2981510929,inter
W2981537222,inter
W2981537605,inst
W2981544556,inter
W2981578854,inter
W2981609437,inst
W2981621709,inter
W2981624310,inter
W2981638912,inter
W2981684554,inter
W2981707695,inter
W2981712212,inst
W2981720610,inter
W2981731882,top tier
W2981748264,inter
W2981749573,inst
W2981779504,inter
W2981812042,inst
W2981820996,inter
W2981824749,inst
W2981828152,inter
W2981842822,inter
W2981860227,inter
W2981922265,inter
W2981923053,inter
W2981927612,inter
W2981952612,inter
W2981971443,uni
W2981981026,inter
W2981985696,inter
W2982021328,inter
W2982034787,inst
W2982041622,inst
W2982054702,inter
W2982068977,inter
W2982077220,inter
W2982078036,inst
W2982092517,inter
W2982106100,inst
W2982120826,inter
W2982132018,inter
W2982143487,inter
W2982145123,inter
W2982151744,inter
W2982157312,inter
W2982160266,inter
W2982169647,top tier
W2982202779,inter
W2982220738,inter
W2982223210,inter
W2982232682,inter
W2982238852,inter
W2982247743,inter
W2982279399,inter
W2982281849,inter
W2982289835,inst
W2982291760,inter
W2982317202,inter
W2982335615,inter
W2982347394,inter
W2982352851,inter
W2982369694,inter
W2982397048,inter
W2982399527,inter
W2982406227,inter
W2982429544,inter
W2982433326,inter
W2982436312,inter
W2982437667,inter
W2982451844,inter
W2982453281,inter
W2982464076,inter
W2982466092,inter
W2982519839,inter
W2982536526,inter
W2982563250,inter
W2982567459,inter
W2982579831,inter
W2982580501,inter
W2982588335,inst
W2982593110,inter
W2982596671,inter
W2982601522,inter
W2982605438,inst
W2982608353,inter
W2982650630,inter
W2982656930,inter
W2982661211,inter
W2982662507,inter
W2982680886,inter
W2982681313,inter
W2982682021,inter
W2982684574,inter
W2982705228,inter
W2982706082,inter
W2982769425,inter
W2982781885,inter
W2982802130,inst
W2982859792,inter
W2982875523,inter
W2982889384,inter
W2982890112,inter
W2982905682,inst
W2982913067,inter
W2982958657,inter
W2983018934,inter
W2983099873,inter
W2983116245,inter
W2983116453,inter
W2983209690,inter
W2983232119,inter
W2983283997,inter
W2983374155,inter
W2983411334,inter
W2983440318,inter
W2983557232,inter
W2983571966,inter
W2983577496,inst
W2983663702,inter
W2983729222,inter
W2983793685,inter
W2983809055,inter
W2983810994,inter
W2983850069,inst
W2983864285,inter
W2983955340,inter
W2983991023,inter
W2984009799,inter
W2984020950,inter
W2984022008,inter
W2984064077,inter
W2984081625,inter
W2984098774,inter
W2984100107,inter
W2984138079,inter
W2984145721,inter
W2984155152,inter
W2984171825,inter
W2984225363,inter
W2984287396,inter
W2984353870,inter
W2984522085,inter
W2984588480,inter
W2984598623,inter
W2984644945,inst
W2984692992,inter
W2984699060,inter
W2984822303,inter
W2984872297,inter
W2984908994,inter
W2984942115,inst
W2984957018,inter
W2984971137,inter
W2985010893,inter
W2985030998,inter
W2985041507,inter
W2985076077,inter
W2985152984,inter
W2985194834,inter
W2985213604,inter
W2985300108,inter
W2985321619,inter
W2985361718,inter
W2985405845,inter
W2985406956,inst
W2985414621,inter
W2985443068,inter
W2985469567,inter
W2985516126,inter
W2985562415,inter
W2985572930,inter
W2985580374,inst
W2985623277,inter
W2985680812,inter
W2985735720,inter
W2985739927,inter
W2985740457,inst
W2985762532,inter
W2985816842,inter
W2985836869,inter
W2985838475,inter
W2985871121,inter
W2985925324,inst
W2985966820,inter
W2986150680,inst
W2986233359,inter
W2986240932,inter
W2986357608,inst
W2986368255,inter
W2986378528,inter
W2986379344,inter
W2986381065,inst
W2986407524,inst
W2986416691,inter
W2986425053,inter
W2986451890,inst
W2986501596,inter
W2986631711,inter
W2986661129,inter
W2986666149,inter
W2986670728,inst
W2986767631,inter
W2986785750,inst
W2986807517,inter
W2986819198,inter
W2986821660,inter
W2986858483,inter
W2986894412,uni
W2986959318,inter
W2987004640,inter
W2987069389,inter
W2987119394,inter
W2987131085,inter
W2987175876,inter
W2987201163,inter
W2987210925,inter
W2987326796,inter
W2987327987,inst
W2987372735,inter
W2987485128,inter
W2987489329,inst
W2987563462,inter
W2987583674,inter
W2987630328,inter
W2987637239,inst
W2987687226,inter
W2987703048,inter
W2987784284,inter
W2987791995,inter
W2987809065,inst
W2987861506,inst
W2987869089,inter
W2987959198,inst
W2987963152,inter
W2987972482,uni
W2988098900,inter
W2988129415,inter
W2988281744,inter
W2988310840,inter
W2988396473,inst
W2988410184,inter
W2988437828,inst
W2988445804,inter
W2988457101,inter
W2988501586,inst
W2988529143,inter
W2988564852,inter
W2988576178,inter
W2988600841,inst
W2988713460,inter
W2988772405,inter
W2988802445,inter
W2988804050,inst
W2988826827,inter
W2988847635,inter
W2988916019,inter
W2988950611,inter
W2988973149,inter
W2989013751,inter
W2989087174,inter
W2989134994,uni
W2989178978,inter
W2989179809,uni
W2989221291,inter
W2989247906,inter
W2989331028,inst
W2989402568,inter
W2989412424,inter
W2989460518,uni
W2989484703,inter
W2989494838,inter
W2989571531,inter
W2989596860,inter
W2989609738,inter
W2989610334,inter
W2989611864,inter
W2989615011,inter
W2989623883,inter
W2989624678,inter
W2989772244,inter
W2989779320,inter
W2989791676,inst
W2989839235,inter
W2989882930,inter
W2989885118,inter
W2989891165,inter
W2989940015,inst
W2989954005,inter
W2990019157,inter
W2990020002,inter
W2990032492,inter
W2990038858,inter
W2990045899,inter
W2990058143,inst
W2990064013,inter
W2990151094,inter
W2990155144,inter
W2990179046,inter
W2990187711,inter
W2990211277,inter
W2990231501,inter
W2990232751,inter
W2990239480,inter
W2990255710,inter
W2990283237,inter
W2990299590,inter
W2990309888,inter
W2990320605,inter
W2990334273,inst
W2990346675,inter
W2990351350,inter
W2990391914,inst
W2990428443,inter
W2990443368,inter
W2990451522,inst
W2990457066,inter
W2990466901,inter
W2990468343,inter
W2990495699,inter
W2990501806,inter
W2990503944,inter
W2990511181,inter
W2990521136,inter
W2990543215,inter
W2990554730,inter
W2990569695,inter
W2990571558,inter
W2990578161,inter
W2990671699,inter
W2990675203,inst
W2990680207,uni
W2990686905,inter
W2990700079,inter
W2990732744,inter
W2990740643,inter
W2990747383,inter
W2990775046,inter
W2990790810,uni
W2990797921,inter
W2990883138,inter
W2990912900,inter
W2990926822,inst
W2990947836,inter
W2990949296,inter
W2990951554,inter
W2991005702,inter
W2991023920,inter
W2991091008,inter
W2991095396,inter
W2991103840,inter
W2991129060,inter
W2991142899,inter
W2991197450,inter
W2991209609,inter
W2991224622,inter
W2991234496,inter
W2991251958,inter
W2991260502,inter
W2991264163,inter
W2991305957,inter
W2991307539,inter
W2991373392,uni
W2991391304,inter
W2991405316,inst
W2991416498,inter
W2991434922,inter
W2991460418,inter
W2991485899,inter
W2991523350,inter
W2991541219,inter
W2991555241,inter
W2991559096,inter
W2991598122,inst
W2991609675,inter
W2991649046,uni
W2991662170,inter
W299166791,inter
W2991735283,inter
W2991779680,inter
W2991822700,inst
W2991827049,inter
W2991830877,inter
W2991933648,inter
W2991955602,uni
W2992003162,uni
W2992017379,inter
W2992077842,inter
W2992123140,inter
W2992249905,inter
W2992296732,inter
W2992308087,inter
W2992312320,inter
W2992434970,inter
W2992677733,inter
W2992693536,inter
W2992698063,inter
W2992752586,inter
W2992813059,inter
W2993071249,inter
W2993305012,inter
W2993366015,inter
W2993421702,inter
W2993535695,inter
W2993563321,inter
W2993612941,inter
W2993616437,inter
W2993699293,inter
W2993751684,inter
W2993760950,inst
W2993763542,inter
W2993822473,inter
W2993896971,inter
W2994000405,inst
W2994005819,inter
W2994054868,inter
W2994068150,inter
W2994101726,inter
W2994105995,inter
W2994112262,inter
W2994126043,inter
W2994151208,inter
W2994224629,inter
W2994234489,uni
W2994515742,inter
W2994560339,inst
W2994621558,inter
W2994625500,inst
W2994632629,inter
W2994654641,inter
W2994675267,inter
W2994753614,inter
W2994779073,inter
W2994798424,inter
W2994857506,inter
W2994886790,inter
W2994892543,inter
W2994895519,uni
W2994910508,inter
W2994929655,inter
W2994931756,inst
W2994976222,inter
W2994987245,inter
W2994987590,inter
W2995012499,uni
W2995021995,inter
W2995022099,inter
W2995067956,inter
W2995074243,inter
W2995139153,inter
W2995166892,inter
W2995301834,inter
W2995306638,inter
W2995360785,inter
W2995427418,inter
W2995427524,inter
W2995439893,inter
W2995477829,inter
W2995487155,uni
W2995512646,inter
W2995569831,inter
W2995668264,inter
W2995678717,inst
W2995727660,inter
W2995775583,inter
W2995778455,inter
W2995883650,inter
W2995902010,inter
W2995936506,inter
W2995987820,inter
W2996060033,inter
W2996101703,uni
W2996102352,inter
W2996131497,inst
W2996146871,inter
W2996162755,inter
W2996167212,inter
W2996248597,inter
W2996275070,inter
W2996296647,inter
W2996314716,inter
W2996355317,inter
W2996368995,inter
W2996385458,inter
W2996399077,inter
W2996461060,inter
W2996503289,inter
W2996514457,inter
W2996603555,inter
W2996604169,inst
W2996611683,inter
W2996674374,inter
W2996695408,inter
W2996735031,inter
W2996742281,inter
W2996751857,inter
W2996780607,inter
W2996818701,inst
W2996819921,inter
W2996846332,inter
W2996879375,inter
W2996880361,inter
W2996907290,inter
W2996988779,inter
W2997106510,inst
W2997123107,inter
W2997129483,inter
W2997189066,inter
W2997189074,inter
W2997195386,inter
W2997198836,inter
W2997214666,inst
W2997238241,inst
W2997241989,inter
W2997305315,uni
W2997310315,inter
W2997326948,inter
W2997337171,inter
W2997337786,inter
W2997351497,inter
W2997377643,inter
W2997407021,inter
W2997449054,inst
W2997458830,inter
W2997532515,inter
W2997574421,inter
W2997574889,inter
W2997583194,inst
W2997611030,inter
W2997666887,inter
W2997680707,inter
W2997701990,inter
W2997703253,inter
W2997705045,inst
W2997717738,inter
W2997738728,inst
W2997769241,inter
W2997770686,inst
W2997812768,inter
W2997841073,inter
W2997851245,inter
W2997868741,inter
W2997877744,inter
W2997910805,inter
W2997917485,inter
W2997919813,inter
W2997929983,inst
W2997932427,inst
W2997936244,inter
W2997951787,inter
W2997952415,inter
W2997955816,inst
W2997973367,inter
W2998010409,inter
W2998017713,inter
W2998033445,inter
W2998045710,inter
W2998075856,inter
W2998082924,inter
W2998116457,inter
W2998124234,inter
W2998129996,inter
W2998139081,inter
W2998158308,inter
W2998163473,inter
W2998184481,inter
W2998192614,inter
W2998213123,inter
W2998216295,top tier
W2998228095,inst
W2998236504,inter
W2998260481,inst
W2998287618,inter
W2998311157,inter
W2998322564,inter
W2998324560,inter
W2998330882,inter
W2998336143,inter
W2998342322,inst
W2998358361,inter
W2998373182,inter
W2998377567,inter
W2998388430,inst
W2998399378,inter
W2998434318,inter
W2998445964,inter
W2998446648,inst
W2998449570,inter
W2998449599,inter
W2998456260,inter
W2998468364,inter
W2998491303,inter
W2998493658,inter
W2998496395,inst
W2998508940,inst
W2998514558,inst
W2998529711,inter
W2998530579,inter
W2998570087,inter
W2998596150,inter
W2998657362,inter
W2998669109,inter
W2998678989,inter
W2998696623,inter
W2998708909,inter
W2998715827,inter
W2998716009,inter
W2998732502,inter
W2998745316,inter
W2998752879,inter
W2998766889,inter
W2998768810,inter
W2998784361,inter
W2998804949,inst
W2998814063,inter
W2998831603,inter
W2998860519,inter
W2998868788,inter
W2998901764,inter
W2998922462,inter
W2998930655,inter
W2998968689,inter
W2998979401,inter
W2998993396,inter
W2998995015,inter
W2998997658,inter
W2999002916,inter
W2999005247,inter
W2999006441,inter
W2999010171,inter
W2999056749,inter
W2999068457,inter
W2999074620,inter
W2999113954,inter
W2999178951,inst
W2999197824,inter
W2999216888,inter
W2999236248,inter
W2999251084,inter
W2999282239,inter
W2999338250,inter
W2999338635,inter
W2999342780,inter
W2999345642,inter
W2999366947,inter
W2999401181,inter
W2999422148,inter
W2999424480,inst
W2999431211,uni
W2999444733,inter
W2999449788,inter
W2999469422,inter
W2999480577,inter
W2999488406,inter
W2999515483,inter
W2999539898,inst
W2999540618,inter
W2999554466,inter
W2999555804,inter
W2999599167,inst
W2999606372,inter
W2999615587,top tier
W2999641494,inter
W2999645065,inter
W2999648422,inter
W2999653953,inst
W2999691867,inter
W2999746425,inter
W2999759422,inter
W2999773312,inter
W2999791000,inter
W2999832078,inst
W2999848060,inter
W2999848948,inter
W2999901582,inter
W2999917162,inter
W2999918333,inst
W2999929802,inter
W2999936820,inter
W2999962654,inter
W2999971890,inter
W2999991706,inter
W3000028563,inter
W3000046082,inter
W3000083652,inter
W3000097396,inst
W3000100729,inter
W3000194269,inst
W3000211939,inter
W3000281166,inter
W3000322757,inter
W3000330271,inter
W3000374705,inter
W3000389965,inter
W3000395122,inter
W3000401156,inst
W3000420823,inter
W3000429356,inter
W3000429479,inter
W3000474308,inter
W3000499162,inter
W3000547285,inter
W3000572988,inter
W3000604864,inter
W3000609054,inter
W3000615293,inter
W3000638052,inter
W3000640195,inst
W3000664081,inter
W3000679724,inter
W3000689565,inst
W3000721979,inter
W3000723049,inter
W3000775737,inter
W3000802212,inter
W3000811952,inter
W3000824534,inter
W300086237,inter
W3001021123,inter
W3001083904,inter
W3001184952,inter
W3001243505,inter
W3001280569,inter
W3001283548,inst
W3001299093,inter
W3001340915,inter
W3001387854,inst
W3001450588,inter
W3001464251,inter
W3001552648,inter
W3001573277,inter
W3001700011,inter
W3001713378,inter
W3001765853,inter
W3001873791,inter
W3001913738,inter
W3002052762,uni
W3002058234,inter
W3002072845,inter
W3002098595,inst
W3002124246,inter
W3002225268,inter
W3002262129,inter
W3002325577,inter
W3002335888,inter
W3002412300,inter
W3002414756,inter
W3002420362,inter
W3002465186,inter
W3002557610,inst
W3002575754,inter
W3002592716,inter
W3002644722,inter
W3002683348,inter
W3002749125,inter
W3002778141,inter
W3002827865,inter
W3002919635,inter
W3003033094,inter
W3003135340,inter
W3003150641,inter
W3003161728,inst
W3003185282,inter
W3003199121,inter
W3003207254,inter
W3003214466,inter
W3003232697,inter
W3003251337,inter
W3003253354,inter
W3003257820,top tier
W3003258286,inter
W3003260905,inter
W3003265726,inter
W3003274251,inter
W3003298525,inter
W3003362227,inter
W3003377235,inter
W3003382055,inter
W3003427453,inter
W3003441125,inter
W3003442073,inter
W3003442407,inter
W3003450231,inter
W3003460937,inter
W3003466563,inter
W3003482062,inter
W3003490096,inter
W3003500616,inter
W3003507346,inter
W3003515803,inter
W3003573324,inter
W3003577920,inst
W3003596254,inter
W3003637591,inst
W3003641029,uni
W3003662786,inter
W3003675018,inter
W3003679741,inter
W3003694668,inter
W3003701822,inst
W3003724358,inter
W3003822893,inter
W3003870697,inter
W3003902124,inter
W3003940567,inter
W3003950696,inter
W3003957020,inst
W3003957281,inst
W3003978964,inter
W3003998258,inter
W3003999301,inter
W3004007963,inst
W3004064628,uni
W3004066795,inter
W3004079980,inter
W3004126271,inter
W3004137323,inter
W3004146833,inter
W3004154416,inter
W3004154548,inter
W3004157881,inter
W3004175625,inter
W3004186389,inter
W3004205097,inter
W3004206374,inter
W3004309045,inter
W3004316564,inter
W3004319599,inter
W3004349648,inter
W3004355593,inter
W3004371033,inter
W3004402700,inter
W3004414388,inter
W3004429471,inter
W3004452670,inter
W3004454911,inst
W3004469560,inter
W3004492228,inter
W3004533406,inter
W3004543888,inter
W3004565805,inter
W3004566790,inter
W3004595536,inter
W3004595609,inter
W3004601025,inst
W3004622806,inter
W3004629779,inter
W3004652046,inter
W3004657710,inter
W3004692622,inter
W3004695759,inter
W3004713282,inter
W3004725381,inter
W3004758087,inter
W3004790706,inter
W3004790966,inter
W3004804023,inter
W3004814282,inter
W3004825995,inter
W3004917411,inter
W3004917954,inter
W3004953122,inter
W3004974860,inst
W3004990178,inter
W3005004133,inter
W3005044133,inst
W3005050449,inter
W3005178229,inter
W3005180306,inter
W300523764,inst
W3005274444,inter
W3005276590,inter
W3005331061,inter
W3005361609,inter
W3005363112,inter
W3005364306,inter
W3005377382,inter
W3005388262,inter
W3005416313,inter
W3005419988,inter
W3005484777,inter
W3005530336,inter
W3005533639,inter
W3005539431,inter
W3005552151,inter
W3005595329,inter
W3005600385,inst
W3005630464,inter
W3005726004,inter
W3005726865,inter
W3005729455,inter
W3005759348,inter
W3005772658,inst
W3005775246,inter
W3005779233,inter
W3005781598,inter
W3005788284,inter
W3005805195,inter
W3005822506,inter
W3005849588,inter
W3005881764,inter
W3005938789,inter
W3005945580,inter
W3005976219,inter
W3005981556,inst
W3005991297,inter
W3006000462,inter
W3006006160,inter
W3006027522,inter
W3006032144,inter
W3006077934,inter
W3006085788,inter
W3006087551,inter
W3006121613,inter
W3006133478,inst
W3006153736,inter
W3006173584,inter
W3006183307,inter
W3006191871,inter
W3006201959,inter
W3006210340,inter
W3006217971,inter
W3006220527,inter
W3006297401,inter
W3006334803,inst
W3006345281,inter
W3006351417,inter
W3006372726,inter
W3006376159,inter
W3006377070,inter
W3006378189,inter
W3006383566,inter
W3006403513,inter
W3006417118,inter
W3006465601,inter
W3006471384,inter
W3006525265,inter
W3006533007,inter
W3006549497,inter
W3006614673,inter
W3006630476,inter
W3006634967,inst
W3006641418,inter
W3006641690,inter
W3006708612,inter
W3006722652,inter
W3006737593,inter
W3006800307,inter
W3006803743,inter
W3006834142,inter
W3006837908,inter
W3006853338,inst
W3006887018,inter
W3006895932,inst
W3006912911,inter
W3006979048,inter
W3007025238,inter
W3007046892,inter
W3007083383,inter
W3007093918,inter
W3007132505,inter
W3007180290,inter
W3007182367,inter
W3007213231,inter
W3007246604,inter
W3007273324,inter
W3007279825,inter
W3007301184,inter
W3007318395,inter
W3007332968,inter
W3007412063,uni
W3007461327,inter
W3007529723,inst
W3007552087,inter
W3007574032,inter
W3007576625,inter
W3007590609,inter
W3007606193,inter
W3007633271,inter
W3007848634,uni
W3007927058,inter
W3007964874,inter
W3007971925,inter
W3008006217,inter
W3008062478,inter
W3008126784,inter
W3008182057,inter
W3008185793,inst
W3008194656,uni
W3008227768,inter
W3008229201,inter
W3008248369,inter
W3008254488,inst
W3008335143,inter
W3008407139,inter
W3008497156,inst
W3008515144,inter
W3008530788,inter
W3008542237,inter
W3008559344,inter
W3008588639,inter
W3008590006,inter
W3008617927,inter
W3008618604,inst
W3008629209,inter
W3008638314,inst
W3008646769,inter
W3008663655,inter
W3008682875,inter
W3008706867,inter
W3008739840,inst
W3008774220,inter
W3008804995,inter
W3008812129,inter
W3008838724,inter
W3008890513,inter
W3008902155,inter
W3008924942,inter
W3008961984,inter
W3009006131,inter
W3009058813,inter
W3009060447,uni
W3009126760,inst
W3009147436,inst
W3009153396,inter
W3009158403,inter
W3009187171,inter
W3009210879,inter
W3009213340,inst
W3009231981,inter
W3009341801,inter
W3009358749,inter
W3009436130,inter
W3009440925,inter
W3009473322,inter
W3009483577,inter
W3009499476,inter
W3009516267,inter
W3009541132,inter
W3009587218,inter
W3009669213,inst
W3009731454,inter
W3009746682,inter
W3009751072,inter
W3009757451,inter
W3009758598,inter
W3009759977,inter
W3009782216,inter
W3009784374,inter
W3009806461,inst
W3009813100,inter
W3009867578,uni
W3009870161,inter
W3009872610,inter
W3009873647,inter
W3009917461,inter
W3009955490,inter
W3009970748,inter
W3009973698,inter
W3009992816,inter
W3010002476,inter
W3010048034,inter
W3010060180,inter
W3010075548,inter
W3010139513,inter
W3010204606,inter
W3010219363,inter
W3010228714,inter
W3010292427,inter
W3010318487,inter
W3010319203,inter
W3010330328,inter
W3010362444,inter
W3010398094,inter
W3010447702,inter
W3010490054,inter
W3010492783,inter
W3010512657,inter
W3010524020,inter
W3010540599,inter
W3010545979,inter
W3010556302,inst
W3010561889,inter
W3010598413,inter
W3010661144,uni
W3010673682,inter
W3010698568,inter
W3010705385,inst
W3010726367,inter
W3010808823,inter
W3010818301,inter
W3010868552,inter
W3010871517,inter
W3010871530,inter
W3010878474,inter
W3010991136,inter
W3010994701,inter
W3011040471,inter
W3011042480,inter
W3011047366,inter
W3011063819,inter
W3011088748,inter
W3011095109,inst
W3011139739,inter
W3011153801,inter
W3011172498,inter
W3011178854,inter
W3011184059,uni
W3011187371,inter
W3011208829,inter
W3011226172,inter
W3011286504,inter
W3011290035,inter
W3011337403,inter
W3011394642,inter
W3011397579,inter
W3011398234,inter
W3011402798,inter
W3011436167,inter
W3011437444,inter
W3011453732,inter
W3011460294,inter
W3011507265,inter
W3011597238,inter
W3011612142,inter
W3011618972,inter
W3011621907,uni
W3011630924,inter
W3011666149,inter
W3011701533,inter
W3011760994,inter
W3011770541,inter
W3011776577,inter
W3011780076,inter
W3011785450,inter
W3011820530,inter
W3011823135,inter
W3011837006,inst
W3011880600,inter
W3011917176,inter
W3011932289,inter
W3011933327,inter
W3011934803,inter
W3011990345,inter
W3012025317,inter
W3012052365,inst
W3012094526,inter
W3012113073,inter
W3012115151,inter
W3012135867,uni
W3012137532,inter
W3012155530,inter
W3012156695,inter
W3012168345,inter
W3012170082,inter
W3012184116,inter
W3012196348,inter
W3012210731,inter
W3012214835,inter
W3012255272,inter
W3012305100,inter
W3012328807,inter
W3012330071,inter
W3012363096,inter
W3012383481,inter
W3012412627,inst
W3012454270,inter
W3012475362,inter
W3012499859,inter
W3012501605,inst
W3012505927,inter
W3012546716,inter
W3012588029,inter
W3012605227,inter
W3012667734,inter
W3012669807,inter
W3012721484,inst
W3012736183,inter
W3012810890,inter
W3012824452,inter
W3012833893,inter
W3012836410,inst
W3012846531,inter
W3012893643,inter
W3012953675,inter
W3012965216,inst
W3012982911,inter
W3013020911,inter
W3013063755,inter
W3013176037,inter
W3013230851,inter
W3013235566,inter
W3013256492,inter
W3013256850,inter
W3013264602,inter
W3013279411,inter
W3013289126,inter
W3013297713,inter
W3013299604,inter
W3013306169,inst
W3013325675,inter
W3013420676,inter
W3013468691,inter
W3013480945,inter
W3013485959,inter
W3013512986,inter
W3013536937,inst
W3013557734,inter
W3013599592,inter
W3013615455,inter
W3013624749,inter
W3013692727,inter
W3013747287,inter
W3013810143,inter
W3013840624,inter
W3013854549,inter
W3013865655,inter
W3013897564,inst
W3013929241,inter
W3013945580,inter
W3013948624,inter
W3013960672,inter
W3013960769,inter
W3014057276,inter
W3014075894,inter
W3014094413,inter
W3014141305,inter
W3014188849,inter
W3014210387,inter
W3014214759,inter
W3014216734,inter
W3014246604,inter
W3014268941,inter
W3014302928,inter
W3014314231,inter
W3014343712,inst
W3014390275,inter
W3014410382,inter
W3014413493,inter
W3014422118,inter
W3014461863,inter
W3014482024,inter
W3014482953,uni
W3014509175,inter
W3014521107,inter
W3014527827,inter
W3014545861,inter
W3014570192,inter
W3014599180,inter
W3014616217,inter
W3014641072,inst
W3014642337,inst
W3014655692,inter
W3014691801,inter
W3014728637,inter
W3014773921,inst
W3014806201,inter
W3014810041,inter
W3014819833,inter
W3014822586,inter
W3014835151,inter
W3014846949,inter
W3014887788,inter
W3014899294,inter
W3014903559,inter
W3014933227,inter
W3014966211,inter
W3014984724,inter
W3015024348,inst
W3015031299,inter
W3015066937,inter
W3015083589,inter
W3015103190,inter
W3015189332,inst
W3015231007,inter
W3015232403,inter
W3015246755,inter
W3015249119,inter
W3015276542,inter
W3015364686,inter
W3015395145,inter
W3015438624,inter
W3015448029,inter
W3015470780,inter
W3015483809,inst
W3015498780,inter
W3015528668,inter
W3015543858,inst
W3015572666,inter
W3015583215,inter
W3015598461,inst
W3015608194,inst
W3015613093,inter
W3015625772,inter
W3015636663,inter
W3015660754,inter
W3015668189,inter
W3015675618,inter
W3015686580,inter
W3015712613,inter
W3015738030,inter
W3015761148,inter
W3015761807,inter
W3015770584,uni
W3015782296,inter
W3015805450,inst
W3015832418,inst
W3015833399,inter
W3015844221,inter
W3015844291,inter
W3015860713,inter
W3015860747,inst
W3015867299,inter
W3015876577,inter
W3015893539,inter
W3015894552,inter
W3015913357,inter
W3015924062,inter
W3015938154,inter
W3015943424,inter
W3016059855,inter
W3016083407,inter
W3016101149,inter
W3016108562,inter
W3016109656,inter
W3016115949,uni
W3016117480,inter
W3016126888,inter
W3016137545,inter
W3016143166,inter
W3016147814,inter
W3016151052,inst
W3016158569,inter
W3016207298,inter
W3016210511,inter
W3016255809,uni
W3016271240,inter
W3016296757,inter
W3016310111,inter
W3016314826,inter
W3016354376,inter
W3016369654,inter
W3016397177,inst
W3016413756,inter
W3016428008,uni
W3016457468,inter
W3016508785,inter
W3016508857,inter
W3016550207,inter
W3016553397,inter
W3016560920,inter
W3016607506,inter
W3016607949,inter
W3016614668,inter
W3016633510,inter
W3016641475,inter
W3016684754,inter
W3016719260,inter
W3016733724,inter
W3016747886,inter
W3016762899,inter
W3016767186,inter
W3016787788,inter
W3016816015,inter
W3016861918,uni
W3016862273,inter
W3016883099,inter
W3016889634,inter
W3016897801,inter
W3016954573,inter
W3016979720,inst
W3017032970,inter
W3017136408,inter
W3017170548,inter
W3017174021,inter
W3017230573,inter
W3017231677,inter
W3017233325,inter
W3017246588,inter
W3017262417,inter
W3017266907,inter
W3017313555,inter
W3017346274,inter
W3017361427,inter
W3017368221,inter
W3017379342,inter
W3017505708,inter
W3017700466,inter
W3017705363,inter
W3017725705,inter
W3017908194,inter
W3017984758,inter
W3017988947,inter
W3018102029,inter
W3018105153,inter
W3018169007,inst
W3018173304,inter
W3018357277,inter
W3018638193,inter
W3018640467,inter
W3018709157,inter
W3018953709,inst
W3018980093,inter
W3018983410,inter
W3019165217,inst
W3019268159,inter
W3019286051,inter
W3019433526,inter
W3019496655,inter
W3019512516,inter
W3019523662,inter
W3019590964,uni
W3019612263,inter
W3019704403,inter
W3019745511,inst
W3019892583,inter
W3020161821,inter
W3020196527,inter
W3020203706,inter
W3020236020,inter
W3020523222,inter
W3020589325,inter
W3020649400,inter
W3020687048,inter
W3020690124,inter
W3020721369,inter
W3020797594,inter
W3020836344,inter
W3020863653,inter
W3020873385,inter
W3020931369,inter
W3020936555,inter
W3020961660,inter
W3020967770,inter
W3021013305,inter
W3021026170,inter
W3021041406,inter
W3021068338,inter
W3021074002,inter
W3021110750,inter
W3021115195,inter
W3021195052,inst
W3021199811,inter
W3021249612,inst
W3021259131,inter
W3021277422,inter
W3021308374,inter
W3021394626,inter
W3021395964,inter
W3021406699,inter
W3021407737,inter
W3021492496,inter
W3021507562,inter
W3021557739,inter
W3021559629,inter
W3021573557,inter
W3021574417,inter
W3021715071,inter
W3021743785,inter
W3021815340,inst
W3021850862,inter
W3021853564,inter
W3021893287,inter
W3021927480,inst
W3021956073,inst
W3021959079,inter
W3021970402,inter
W3021973688,inter
W3021987989,inter
W3021988749,inter
W3021991761,inst
W3022033573,inter
W3022047298,inter
W3022071797,inter
W3022095102,inter
W3022095143,inter
W3022131440,inter
W3022136271,inter
W3022156422,uni
W3022194174,inter
W3022211579,inter
W3022291390,inter
W3022311971,inter
W3022354125,inter
W3022393481,inter
W3022451710,inter
W3022458846,inter
W3022473131,inter
W3022474199,inter
W3022565501,inter
W3022626461,inter
W3022643593,inst
W3022698170,uni
W3022742213,inter
W3022755125,inter
W3022796439,inter
W3022811647,inter
W3022871819,inter
W3022879279,inter
W3022904235,inter
W3022909171,inter
W3022951770,inter
W3022981850,inter
W3022994816,inter
W3022999964,inter
W3023066750,inter
W3023068301,inter
W3023089346,inter
W3023154311,inter
W3023163568,inst
W3023171222,inter
W3023189783,inter
W3023192516,uni
W3023192521,inter
W3023279601,inter
W3023286594,inter
W3023292659,inter
W3023340129,inst
W3023350248,inter
W3023371261,inter
W3023385002,inter
W3023403380,inter
W3023406687,inter
W3023408402,inter
W3023446720,inter
W3023454035,inst
W3023478445,inter
W3023514002,inter
W3023540311,top tier
W3023657776,inter
W3023687737,inter
W3023768465,inst
W3023852749,inter
W3023903997,inter
W3023922173,inter
W3023957958,inter
W3023980642,uni
W3023985892,inter
W3024041237,inter
W3024137466,inter
W3024209514,inter
W3024247048,inter
W3024257429,inst
W3024265634,inter
W3024307936,inter
W3024357298,inter
W3024496522,inter
W3024536663,inter
W3024644639,inst
W3024699729,inter
W3024821730,inter
W3024850575,inter
W3024880312,inter
W3024900742,inter
W3024945243,inter
W3024957307,inst
W3025051722,inter
W3025110670,inter
W3025144348,inter
W3025254365,inter
W3025254981,uni
W3025419431,inter
W3025477749,inter
W3025494987,inter
W3025502502,inter
W3025548389,inter
W3025582069,inter
W3025628315,inter
W3025641346,inst
W3025665229,inter
W3025780224,inter
W3025800305,inter
W3025875705,inter
W3025934000,inter
W3026045867,inter
W3026228565,inter
W3026285062,inter
W3026454262,inst
W3026467503,inter
W3026468366,uni
W3026534984,inter
W3026610153,inter
W3026806442,inter
W3026815601,inst
W3026986333,inter
W3026990207,inter
W3027051205,inter
W3027051525,uni
W3027065086,inter
W3027142100,inter
W3027378069,inter
W3027378420,inter
W3027446154,inter
W3027469981,inter
W3027549180,inter
W3027582671,inter
W3027621902,inter
W3027686430,inter
W3027690603,inter
W3027691494,inter
W3027695630,uni
W3027834962,inter
W3027968530,inst
W3028002358,inter
W3028041151,inter
W3028060145,inter
W3028105819,inst
W3028151507,inter
W3028217952,inst
W3028353368,inter
W3028376550,inter
W3028703486,inter
W3028710606,inter
W3028864969,inter
W3028957377,inter
W3029046628,inter
W3029064889,inter
W3029070092,inter
W3029072315,inter
W3029079605,inter
W3029171903,inter
W3029177955,inter
W302940988,inter
W3029464893,inst
W3029678209,inter
W3029819693,inter
W3029868457,inter
W3029959026,inter
W3029978182,inter
W3030008573,uni
W3030018498,inter
W3030054993,inter
W3030088235,inter
W3030153809,inter
W3030364939,inter
W3030575431,inter
W3030589612,inter
W3030664276,inter
W3030684651,inter
W3030728358,inter
W3030781580,inter
W3030867923,inter
W3030941702,inter
W3030985043,inter
W3031036608,inst
W3031066431,inter
W3031217520,inter
W3031391047,inter
W3031405215,inst
W3031689935,inter
W3031696893,inter
W3031703290,inter
W3031735839,inter
W3031802354,inter
W3031808717,inter
W3031868989,inter
W3031899618,inter
W3031932179,inter
W3031958474,inst
W3032022676,inter
W3032123378,inter
W303217050,inter
W3032170634,inter
W3032266608,inter
W3032374787,inter
W3032423771,inter
W3032623789,inter
W3032631229,inter
W3032695530,inter
W3032715435,inter
W3032730445,inst
W3032746325,inter
W3032766569,inter
W3032837604,inter
W3032865395,inter
W3032908737,inter
W3032931441,inter
W3032992111,inter
W3033003249,inter
W3033022871,inter
W3033068985,inter
W3033127071,inter
W3033134881,inter
W3033138355,inter
W3033138855,inter
W3033154127,inter
W3033161486,inst
W3033179699,inter
W3033183022,inter
W3033184363,inter
W3033200349,inter
W3033203976,inter
W3033249826,inter
W3033276647,inter
W3033290794,inter
W3033358745,inter
W3033361265,inst
W3033448214,inter
W3033483440,inter
W3033521069,inter
W3033674685,inter
W3033711348,inter
W3033714332,inter
W3033737737,inter
W3033740891,inter
W3033750579,inter
W3033765727,uni
W3033777149,inter
W3033835243,inter
W3033845441,inter
W3033868034,inter
W3033900152,inter
W3033971487,inter
W3033977959,inter
W3033991984,inter
W3033996275,inter
W3034014386,inter
W3034048925,uni
W3034069517,inter
W3034118413,inter
W3034136400,inter
W3034141203,inter
W3034145617,inter
W3034175346,inst
W3034196597,inst
W3034205626,inter
W3034218934,inter
W3034252585,inter
W3034256900,inter
W3034280731,inter
W3034282472,inter
W3034297393,inter
W3034314048,inter
W3034315405,inter
W3034315787,inst
W3034317833,inter
W3034329658,inter
W3034334609,inter
W3034338013,inter
W3034342078,inst
W3034344052,inst
W3034345703,inst
W3034368386,inter
W3034381931,inter
W303440588,inter
W3034427487,inter
W3034428269,inter
W3034445277,inter
W3034447539,inter
W3034454087,inter
W3034459617,uni
W3034467781,inst
W3034500918,inter
W3034514377,inter
W3034535039,inter
W3034538699,inter
W3034550159,inter
W3034552520,top tier
W3034556598,inter
W3034565651,inter
W3034574117,inter
W3034579202,inter
W3034586976,inst
W3034594921,inter
W3034603197,inter
W3034606981,inter
W3034607353,inter
W3034637015,inter
W3034643863,inter
W3034674511,inst
W3034691139,inter
W3034713808,inter
W3034738317,inter
W3034740286,inter
W3034752215,inter
W3034763882,inter
W3034771037,inter
W3034772468,inter
W3034779438,inter
W3034784236,inter
W3034795015,inst
W3034850550,uni
W3034855543,inter
W3034859328,inter
W3034882073,inter
W3034885317,inter
W3034887213,inter
W3034894152,inter
W3034897363,inter
W3034903425,inter
W3034904993,inter
W3034906194,inter
W3034931686,inter
W3034937575,inter
W3034940165,inst
W3034954643,inst
W3034964972,inter
W3034971973,top tier
W3034974675,inter
W3035006120,inter
W3035017225,uni
W3035042697,inter
W3035054804,inter
W3035063907,inter
W3035070091,inter
W3035081753,inter
W3035102805,inter
W3035104321,inter
W3035120650,inter
W3035143213,inter
W3035158519,inter
W3035160371,inst
W3035178478,inter
W3035218869,inter
W3035224069,inter
W3035232708,inter
W3035235949,inter
W3035239331,inter
W3035240825,inter
W3035256099,inter
W3035257046,inter
W3035259249,inter
W3035263140,inter
W3035265375,inter
W3035275216,inst
W3035280441,inter
W3035284526,inter
W3035290198,inter
W3035297600,inter
W3035303837,inst
W3035305184,inter
W3035309251,inst
W3035311645,inter
W3035318015,uni
W3035339581,inter
W3035342403,inter
W3035343018,inter
W3035392229,inter
W3035392611,inst
W3035393070,inter
W3035402405,inst
W3035403290,inter
W3035414587,inst
W3035436173,inter
W3035436633,inter
W3035452548,inter
W3035455684,inter
W3035459165,inter
W3035472361,inter
W3035494777,inter
W3035496815,inter
W3035497907,inter
W3035502324,inter
W3035510274,inter
W3035513921,inter
W3035515490,inter
W3035520037,inter
W3035523117,inter
W3035524453,top tier
W3035531015,inter
W3035531117,inst
W3035546112,inter
W3035558131,inter
W3035563186,inter
W3035583493,inter
W3035595647,inter
W3035651653,inter
W3035675766,inter
W3035679705,inter
W3035685475,inter
W3035706437,inst
W3035730922,inter
W3035732386,inter
W3035738719,inter
W3035743198,inter
W3035747142,inter
W3035757797,inter
W3035788210,inter
W3035793514,inter
W3035821888,inst
W3035842346,inter
W3035870791,inter
W3035925134,inst
W3035925910,inter
W3035977656,inst
W3035991925,inter
W3036012999,inter
W3036070786,inter
W3036080349,inter
W3036099181,inter
W3036213234,inter
W3036239693,inter
W3036311029,inst
W3036322397,inter
W3036348316,inter
W3036354513,inter
W3036436026,inter
W3036499479,inst
W3036505300,inter
W3036554922,inter
W3036619998,inter
W3036644531,inter
W3036728815,inter
W3036749504,inter
W3036791758,inter
W3036831688,inter
W3036864529,inter
W3036915154,inter
W3036918777,inter
W3036996575,inter
W3037004220,inter
W3037049838,inst
W3037089521,inter
W3037107480,inter
W3037178617,inter
W3037225231,inter
W3037252916,inter
W3037256833,inter
W3037258640,inter
W3037260676,inter
W3037268324,inter
W3037273033,inst
W3037274830,inter
W3037276035,inter
W3037289482,inter
W3037315640,inst
W3037332611,inter
W3037347557,inter
W3037353307,inter
W3037360256,inter
W3037426903,inter
W3037428236,inst
W3037443854,inter
W3037483836,inter
W3037523209,inst
W3037547734,inter
W3037571510,inter
W3037590577,inter
W3037614866,inter
W3037623621,inter
W3037629977,inter
W3037641445,inter
W3037676302,inter
W3037687804,inter
W3037712939,inter
W3037723682,inst
W3037737784,inter
W3037775402,inter
W3037775421,inter
W3037832460,inter
W3037839446,inst
W3037853801,inst
W3037878619,inter
W3037891773,inter
W3037958117,inter
W3038067977,inter
W3038069074,inter
W3038078817,inter
W3038084395,inter
W3038117062,uni
W3038144158,inter
W3038272788,inter
W3038461588,inter
W3038482565,inter
W3038484145,inter
W3038558828,inter
W3038580142,inter
W3038587691,inter
W3038676770,inter
W3038681562,uni
W3038740010,inter
W3038770761,inter
W3038805974,inter
W3038822267,inter
W3038835693,inter
W3038841078,inter
W3038945957,inter
W3038986782,inter
W3039033514,inter
W3039056932,inter
W3039064403,uni
W3039144072,inter
W3039222472,inter
W3039274199,inter
W3039287480,inter
W3039344911,inter
W3039407171,inter
W3039439473,inter
W3039475081,inter
W3039497368,inter
W3039516369,inter
W3039559212,inter
W3039954641,uni
W3039958630,inter
W3039969332,inter
W3040058252,inter
W3040269689,inter
W3040299986,inter
W3040336011,inter
W3040384242,inter
W3040464322,inter
W3040506998,inst
W3040745576,inter
W3040753047,inter
W3040832198,inst
W3040837071,inter
W3040866116,inter
W3040872889,inter
W3040897318,inter
W3040899439,inter
W3040922540,inter
W3041080064,inter
W3041103914,inter
W3041114780,inter
W3041133507,inter
W3041142393,inter
W3041188508,inter
W3041277256,inter
W3041297595,uni
W3041328379,inter
W3041337932,inter
W3041373800,inter
W3041540203,inter
W3041551881,inter
W3041616951,inter
W3041632496,inter
W3041733974,inter
W3041759079,inter
W3041834537,inter
W3041834803,inst
W3041915240,inter
W3041931538,inter
W3041971333,inter
W3041998802,inter
W3042011474,inter
W3042045210,inst
W3042060733,inst
W3042097894,inter
W3042232279,inter
W3042232492,inter
W3042269251,inst
W3042321348,inter
W3042331969,inter
W3042425495,inter
W3042438021,inter
W3042472140,inter
W3042492913,inst
W3042570465,inter
W3042583543,inter
W3042598118,inter
W3042609801,inter
W3042692074,inter
W3042697744,inter
W3042706678,inter
W3042725951,inter
W3042759890,inter
W3042760681,inter
W3042774330,uni
W3042831859,inter
W3042877534,inter
W3042910464,inter
W3042918733,inter
W3042939456,inter
W3042945059,inter
W3042987755,inter
W3042993386,inter
W3043030071,inst
W3043039028,inter
W3043104171,inter
W3043139899,inter
W3043185835,inter
W3043268034,inter
W3043472726,inter
W3043491129,inst
W3043491150,inter
W3043538212,inter
W3043547428,inter
W3043567313,inter
W3043574969,inter
W3043619044,inter
W3043656796,inter
W3043674422,inter
W3043678861,inter
W3043683372,inter
W3043686409,inter
W3043692043,inter
W3043739579,inter
W3043836686,inter
W3043949021,inter
W3043976929,inter
W3043995715,inter
W3044090582,inter
W3044098226,inter
W3044128751,inter
W3044134291,inter
W3044192484,inter
W3044196349,inter
W3044289590,inter
W3044326989,inter
W3044331083,inter
W3044371223,inter
W3044413799,inter
W3044427673,inter
W3044434476,inter
W3044457827,inter
W3044486916,inter
W3044512146,inter
W3044525435,inst
W3044636952,inter
W3044676633,inter
W3044696186,inter
W3044735234,inter
W3044778821,inter
W3044817893,inter
W3044838522,inter
W3044861394,inter
W3044861764,inter
W3044930318,inter
W3044930387,inter
W3045004532,inter
W3045007969,inter
W3045040482,inst
W3045044533,inter
W3045085645,inst
W3045150471,inter
W3045251599,inter
W3045266511,inter
W3045296784,inter
W3045310389,inter
W3045358914,inter
W3045425217,inst
W3045427129,inter
W3045429752,inter
W3045488477,inter
W3045490416,inter
W3045530072,inter
W3045546022,inter
W3045578707,inter
W3045604743,inter
W3045608583,inter
W3045624418,inter
W3045672834,inter
W3045675435,inst
W3045690089,inter
W3045693991,inter
W3045721717,inter
W3045788936,inter
W3045813651,inter
W3045876280,inter
W3045919176,inter
W3045967809,inter
W3045974926,inter
W3045980883,inst
W3046003400,inter
W3046027287,inter
W3046115387,inter
W3046127806,inter
W3046160598,inter
W3046178872,inter
W3046186977,inter
W3046188614,inter
W3046195620,inter
W3046209893,inter
W3046220160,inter
W3046257940,inter
W3046260628,inter
W3046266734,inter
W3046289513,inter
W3046349935,inter
W3046385872,inter
W3046446544,inter
W3046472807,uni
W3046544700,inter
W3046597429,inter
W3046599958,inter
W3046626379,inter
W3046647252,inst
W3046653923,inter
W3046655702,uni
W3046663820,inter
W3046692281,inter
W3046698617,inter
W3046704644,inter
W3046816984,inter
W3046887368,inter
W3046908273,inter
W3046966864,inter
W3047058320,inter
W3047065113,inter
W3047083963,inter
W3047114854,inter
W3047118304,inter
W3047122219,inter
W3047132966,inter
W3047172212,inter
W3047177858,inter
W3047181500,inter
W3047318188,inter
W3047328898,inter
W3047329278,inter
W3047376335,inter
W3047401492,inter
W3047412183,inter
W3047425522,inst
W3047444963,inter
W3047449906,inst
W3047455707,inter
W3047495044,inter
W3047498084,inter
W3047614006,inter
W3047624045,inter
W3047659744,inter
W3047669212,inter
W3047703877,inst
W3047713023,inter
W3047731328,inter
W3047809460,inter
W3047847940,inter
W3047903801,inter
W3047924699,inter
W3047990913,inter
W3048004031,inter
W3048094199,inter
W3048096757,inter
W3048125152,inter
W3048126111,inter
W3048135502,inter
W3048167958,inter
W3048170651,inter
W3048200640,inter
W3048332313,inter
W3048371077,inter
W3048433454,inter
W3048456281,inter
W3048458458,inter
W3048468541,inst
W3048473573,inter
W3048499698,inter
W3048548652,inter
W3048558702,inter
W3048569263,inter
W3048587899,inst
W3048602385,inter
W3048608268,inter
W3048625561,inter
W3048697798,inter
W3048726132,inst
W3048748857,inter
W3048756761,inter
W3048812442,uni
W3048847989,inter
W3048897660,inter
W3048932886,inter
W3048938661,inter
W3049107452,inter
W3049114471,inter
W3049152851,uni
W3049155900,uni
W3049194477,inter
W3049199645,inter
W3049213989,inter
W3049259308,inter
W3049288516,inter
W3049367228,inter
W3049375594,inter
W3049430014,inter
W3049465110,inter
W3049517635,inst
W3049560862,inter
W30495730,inter
W3049599004,inter
W3049607798,inter
W3049757273,uni
W3051272477,inst
W3052093624,inter
W3053155590,inter
W3053396053,uni
W305397643,inter
W3057377271,inter
W3058492236,uni
W3059280052,inter
W306273264,inter
W3062900007,inter
W306549654,inter
W3066207102,inter
W3069344990,inter
W3069400403,inter
W3070476684,inter
W3071064244,inter
W3071470454,inter
W307744830,inter
W3077461311,uni
W3079936432,inter
W3080152801,inter
W3080161935,inter
W3080162487,inter
W3080223684,inst
W3080232313,inst
W3080238465,inst
W3080247409,inter
W3080272091,inter
W3080285061,inter
W3080290137,inter
W3080381655,inter
W3080382294,inter
W3080503268,inst
W3080514906,inter
W3080524468,inter
W3080527516,inter
W3080571793,inter
W3080632518,inter
W3080635178,inter
W3080734737,inter
W3080902013,inst
W3080914368,inter
W3080936937,inter
W3081006013,inst
W3081088023,inter
W3081099313,inter
W3081165056,inter
W3081166604,inter
W3081218576,inter
W3081263955,inter
W3081268292,inter
W3081301744,inter
W3081379695,inter
W3081430061,inter
W3081430579,inter
W3081463359,inter
W3081485789,inter
W3081502544,inter
W3081531552,inter
W3081608966,inter
W3081714622,inst
W3081811696,inter
W3081876271,inter
W3081877640,inter
W3081931087,inter
W3081964921,inter
W3081990738,inter
W3082079906,inter
W3082088378,inter
W3082097505,inter
W3082126145,inter
W3082154327,inter
W3082187933,inter
W3082239611,inter
W3082259200,inter
W3082292887,inter
W3082305506,inst
W3082309692,inst
W3082359134,inter
W3082397598,inst
W3082398320,inter
W3082417049,inter
W3082456245,inst
W3082467335,inter
W3082511830,inter
W3082533381,inter
W3082548248,inst
W3082560750,inter
W3082642222,inter
W3082652207,inter
W3082665562,inst
W3082718357,inter
W3082729842,inter
W3082731771,inter
W3082761471,inter
W3082889251,inter
W3082892976,inter
W3082972036,inter
W3083037628,inter
W3083128426,inter
W3083141895,inter
W3083242390,inter
W3083246145,inter
W3083260067,inter
W3083274258,inter
W3083391421,inter
W3083470869,inter
W3083528243,inter
W3083548084,uni
W3083641663,inter
W3083663238,inter
W3083671126,inter
W3083695734,inter
W3083725873,inter
W3083750439,inter
W3083756345,inter
W3083877279,inter
W3083900040,inter
W3083912756,inter
W3083957127,inter
W3083977451,inter
W3083997721,inter
W3084005002,inter
W3084024183,inter
W3084048731,inter
W3084110275,inter
W3084171594,inst
W3084175674,inter
W3084188201,inter
W3084278379,inst
W3084354541,inst
W3084363776,inter
W3084523577,inter
W308452576,inter
W3084599057,inter
W3084812981,inter
W3084860689,inter
W3084893494,inter
W3084930950,inter
W3084936085,uni
W3084946630,inter
W3084957001,inter
W3085035454,inter
W3085046840,inter
W3085058284,inter
W3085162807,top tier
W3085175684,inter
W3085230347,inter
W3085278256,uni
W3085361342,inter
W3085475477,inter
W3085571720,inter
W3085574569,inter
W3085631338,inter
W3085699395,inter
W3085758173,inter
W3085882558,inter
W3085986109,inter
W3085990079,inst
W3086075983,inter
W3086145326,inter
W3086286002,inter
W3086312460,inter
W3086327209,inter
W3086486836,inter
W3086502384,inter
W3086519949,inter
W3086524105,inter
W3086649583,inter
W3086779066,inst
W3086787115,inter
W3086798271,inter
W3086825826,inter
W3086847474,inter
W3086860991,inter
W3087100893,inter
W3087113831,inter
W3087151400,inter
W3087159029,inter
W3087166003,inter
W3087428869,inter
W3087470167,inter
W3087492114,inter
W3087504544,inter
W3087609102,inter
W3087704775,inter
W3087718639,inter
W3087749121,inter
W3087753814,inter
W3087845496,inter
W3087856390,inst
W3087870029,inter
W3087919705,inst
W3088021439,inter
W3088055217,inter
W3088065502,inter
W3088084782,inter
W3088102655,inter
W3088137495,inter
W3088142143,inter
W3088146056,inter
W3088173750,inst
W3088220829,inter
W3088316394,inst
W3088335511,inst
W3088359515,inter
W3088421704,inter
W3088431063,inter
W3088472154,inter
W3088502559,uni
W3088526311,inter
W3088546124,inter
W3088582486,inst
W3088599705,inst
W3088606772,inter
W3088638817,inter
W3088643171,inter
W3088665058,inter
W3088671136,inter
W3088677962,inter
W3088691537,inter
W3088749783,inter
W3088752609,inter
W3088775906,inter
W3088906471,inter
W3088911076,inter
W3089028909,inter
W3089043377,uni
W3089061464,inter
W3089082249,uni
W3089096050,inter
W3089146679,inter
W3089157269,inter
W3089252723,inter
W3089306012,inter
W3089373785,inter
W3089427171,inter
W3089428649,inter
W3089441161,inter
W3089449299,inter
W3089489910,inter
W3089545187,inter
W3089597711,inter
W3089721783,inter
W3089819726,inter
W3089825434,inter
W3089879502,inter
W3089883116,inter
W3089921054,inst
W3089943729,inter
W3090051662,inst
W3090054376,inter
W3090086172,inter
W3090113453,uni
W3090150731,inter
W3090155371,inter
W3090214459,inst
W3090248485,inter
W3090297814,inter
W3090385370,inter
W3090389586,inter
W3090755170,inter
W3090766219,inter
W3090768939,inst
W3090821324,inter
W3090927391,inter
W3090943961,inst
W3090990827,inter
W3091002423,inter
W3091054469,inter
W3091119891,inter
W3091127602,inter
W3091198647,inter
W3091344058,inter
W3091438315,inter
W3091442804,inter
W3091673056,inter
W3091681997,inst
W3091706412,inter
W3091780460,inter
W3091793544,inter
W3091830790,inter
W3091833010,inter
W3091838988,inst
W3091850269,inter
W3091852516,inter
W3091858790,inter
W3091859708,inter
W3091862456,uni
W3091870003,inter
W3091891099,inter
W3091952951,inter
W3091954686,inter
W3091975750,uni
W3091988152,inter
W3092000928,inter
W3092021092,uni
W3092037282,inter
W3092059180,inter
W3092064176,inst
W3092070807,inter
W3092074970,inter
W3092088889,inter
W3092125766,inst
W3092127431,inter
W3092144916,inter
W3092151103,inter
W3092168134,inter
W3092185942,inter
W3092189174,inter
W3092210633,inter
W3092323705,inter
W3092333664,inter
W3092376958,inter
W3092399888,inter
W3092400291,inter
W3092425772,inter
W3092442943,inter
W3092481602,inter
W3092526504,inter
W3092528380,inter
W3092528892,inter
W3092528982,inter
W3092550547,inter
W3092554548,inter
W3092592554,inter
W3092607577,inter
W3092612460,inter
W3092625934,inter
W3092671425,inter
W3092685537,inter
W3092695393,inter
W3092760678,inter
W3092853178,inst
W3092860516,inter
W3092879151,inter
W3092956924,inter
W3092986349,inter
W3093025045,inter
W3093047675,inter
W3093050310,inter
W3093106179,inter
W3093125191,inter
W3093155963,inter
W3093163513,inst
W3093181844,inter
W3093264901,inter
W3093273104,inter
W3093319400,inter
W3093410526,inter
W3093414033,inter
W3093436749,inter
W3093496925,inter
W3093505569,inter
W3093545357,inter
W3093562151,inter
W3093591719,inter
W3093591761,inter
W3093645230,inst
W3093652463,inst
W3093657173,inter
W3093659890,inter
W3093708913,inter
W3093755649,inter
W3093756531,inter
W3093762156,inter
W3093840691,inter
W3093907052,inter
W3094014219,inter
W3094017465,inter
W3094048089,inst
W3094084609,inter
W3094104136,inter
W3094114204,inter
W3094130405,inter
W3094151137,inter
W3094172275,inter
W3094203133,inter
W3094213636,inter
W3094233170,inter
W3094267840,inter
W3094269231,inter
W3094286125,inter
W3094287376,inter
W3094322793,inter
W3094335885,inter
W3094347675,inter
W3094353851,inter
W3094402232,inter
W3094467718,inst
W3094470648,inter
W3094497946,inter
W3094526409,inst
W3094550259,inter
W3094568106,inter
W3094590294,inter
W3094617561,inst
W3094662328,inst
W3094673373,inter
W3094695682,inter
W3094709810,inst
W3094780753,inter
W3094807175,inter
W3094861582,inter
W3094872076,inter
W3094877688,inter
W3094940584,inst
W3094977356,inter
W3095042161,inter
W3095109628,inter
W3095131015,inter
W3095164600,inter
W3095232163,inter
W3095232356,uni
W3095305453,inter
W3095319910,inter
W3095325295,inst
W3095329050,inter
W3095345790,inter
W3095420416,inter
W309548903,inter
W3095504250,inter
W3095569239,inter
W3095585295,inter
W3095591473,inter
W3095593029,inter
W3095640234,inter
W3095645690,inter
W3095770995,inter
W3095782565,inter
W3095820034,inter
W3095823454,inst
W3096000766,inter
W3096005154,inter
W3096028031,inter
W3096053761,inst
W3096143487,inter
W3096159803,inter
W3096163943,inter
W3096164519,inter
W3096186952,inst
W3096223887,inter
W3096233165,inter
W3096239533,inter
W3096249913,inter
W3096262280,inter
W3096281486,inter
W3096316084,inter
W3096374086,inter
W3096450582,inter
W3096477555,inter
W3096478594,inter
W3096599940,inter
W3096631793,inter
W3096660718,inter
W3096664316,uni
W3096719817,inter
W3096738375,inter
W3096755600,inter
W3096817996,inst
W3096881138,inter
W3097042790,inst
W3097078376,inter
W3097096317,top tier
W3097129248,inter
W3097185012,uni
W3097281673,inter
W3097297183,inter
W3097323743,inst
W3097341007,inter
W3097476359,inter
W3097509539,inter
W3097529015,inter
W3097576778,inter
W3097652319,inter
W3097668537,inter
W3097681340,inst
W3097711322,inst
W3097778481,inter
W3097799996,inter
W3097803103,inter
W3097821058,inter
W3097839254,inter
W3097900886,inter
W3097998575,inter
W3098131592,inter
W3098148164,inter
W3098158941,inter
W3098179591,inter
W3098269892,inter
W3098320955,inter
W3098389804,inter
W3098398609,inter
W3098472486,inter
W3098523046,inst
W3098560717,inter
W3098657762,inter
W3098703851,inter
W3098711604,inter
W3098717676,inter
W3098755434,inter
W3098783008,inter
W3098789502,inter
W3098802639,inter
W3098804775,inter
W3098808043,inst
W3098878596,inter
W3098959905,inter
W3099014886,inter
W3099023332,inter
W3099043624,inter
W3099106497,inter
W3099127717,inter
W3099237798,inter
W3099269944,inter
W3099326048,inter
W3099331991,inter
W3099365323,inter
W3099472489,inter
W3099488183,inter
W3099662291,inter
W3099671035,inst
W3099693596,inter
W3099799517,uni
W3099805706,inter
W3099836403,inter
W3099871687,inter
W3099938517,inst
W3100193684,inter
W3100217861,inter
W3100285570,inter
W3100327344,inter
W3100341797,inst
W3100366369,inter
W3100404639,inter
W3100431680,uni
W3100451188,inter
W3100465865,inter
W3100555345,inter
W3100560438,inter
W3100566623,inst
W3100604685,inst
W3100609970,uni
W3100632689,inter
W3100654524,inter
W3100684236,inter
W3100686658,inter
W3100736866,inter
W3100777112,top tier
W3100779497,inter
W3100785260,inter
W3100789280,inter
W3100816363,inter
W3100839090,inter
W3100871619,inter
W3100877701,inter
W3100877775,inter
W3100926113,inter
W3101009183,inter
W3101010565,inter
W3101055521,inter
W3101085647,inter
W3101124261,inter
W3101150805,inter
W3101150919,inter
W3101159735,inst
W3101203226,inter
W3101217392,inter
W3101264187,inter
W3101294809,inter
W3101295937,inter
W3101459473,inst
W3101607911,inter
W3101647418,inter
W3101690711,inter
W3101739667,inter
W3101824741,uni
W3101845474,inter
W3101881473,inter
W3101882827,inter
W3101926919,inter
W3101942351,inter
W3102069895,inst
W3102218584,inter
W3102365561,inter
W3102383207,inter
W3102385538,inter
W3102470960,inter
W3102471830,inter
W3102511045,inter
W3102552902,inter
W3102593776,inter
W3102605498,inst
W3102627407,inter
W3102724434,inter
W3102758074,inter
W3102758664,inter
W3102825467,inter
W3102890046,inter
W3102919482,inter
W3102925957,inst
W3102960332,inter
W3102985887,inter
W3103000235,inter
W3103066831,inter
W3103093077,inter
W3103142938,inter
W3103144365,inter
W3103243695,inst
W3103254642,inter
W3103262232,inter
W3103329593,inter
W3103342397,inst
W3103387329,inter
W3103438628,inter
W3103515985,inter
W3103522663,inter
W3103583290,inter
W3103626587,inter
W3103657382,inter
W3103663774,inter
W3103668285,inter
W3103740423,inter
W3103786296,inter
W3103901806,inter
W3103913776,inter
W3103913810,inter
W3103919271,inter
W3103940881,inter
W3104110856,inter
W3104119181,inter
W3104134044,inter
W3104181445,uni
W3104185588,inter
W3104215207,inter
W3104247647,inter
W3104294226,uni
W3104297939,inter
W3104314953,inter
W3104318432,inter
W3104341252,inst
W3104563927,inter
W3104577407,inst
W3104631613,inter
W3104669144,uni
W3104725225,inter
W3104738424,inter
W3104781657,inter
W3104868231,inst
W3105003914,inst
W3105010031,inter
W3105229315,inter
W3105271639,inter
W3105320117,inter
W3105346980,inter
W3105400496,inter
W3105509315,inter
W3105519635,inter
W3105620684,inter
W3105692206,inter
W3105700522,inter
W3105771019,inter
W3105834941,uni
W3105838287,inter
W3105859151,inter
W3105867832,inter
W3105890050,inter
W3105926974,inter
W3105943350,inter
W3105971000,inter
W3105992103,inter
W3106003309,inst
W3106051827,inter
W3106123690,inter
W3106154945,inst
W3106196354,inter
W3106371998,uni
W3106391789,inter
W3106411919,inter
W3106559860,inter
W3106562086,inter
W3106663573,inter
W3106754126,inter
W3106812357,inter
W3106851739,inter
W3106854041,uni
W3106895564,inter
W3106901883,inter
W3106942751,inter
W3107176032,uni
W3107233655,inter
W3107320732,inter
W3107418111,inter
W3107463944,inst
W3107499124,inter
W3107501007,inter
W3107636879,inter
W3107839347,inter
W3107898567,uni
W3107940912,inter
W3108010663,inst
W3108027406,inter
W3108045519,inter
W3108079245,inter
W3108146280,inst
W3108172219,inter
W3108239695,inter
W3108242926,inter
W3108274592,inter
W3108305122,inter
W3108353645,inter
W3108411020,inter
W3108434243,inter
W3108535652,inst
W3108671495,inter
W3108790914,inter
W3109071451,inter
W3109165190,inter
W3109196171,inter
W3109212207,uni
W3109215866,inst
W3109249135,inter
W3109288977,inter
W3109340983,inter
W3109356043,inter
W3109370816,inter
W3109424834,inter
W3109598403,inter
W3109827567,inst
W3109834096,inter
W3109847748,inst
W3109863487,inter
W3109916301,inter
W3109970465,inter
W3109980070,inter
W3109985178,inter
W3110022130,inter
W3110052887,inter
W3110082610,inst
W3110124602,inter
W3110158342,inter
W3110160138,inter
W3110186076,inter
W3110247328,inter
W3110267038,inter
W3110267079,inter
W3110396179,inter
W3110470115,inter
W3110488792,inter
W3110562972,inter
W3110563343,inst
W3110577543,inter
W3110578706,inter
W3110696000,inst
W3110777056,inter
W3110777925,inter
W3110830183,inter
W3110890737,inter
W3110915916,inter
W3110952509,inter
W3111036650,inter
W3111051109,inst
W3111059971,inter
W3111183513,inter
W3111185024,inter
W3111204930,inter
W3111294343,inter
W3111295039,inter
W3111399840,inter
W3111477757,inter
W3111479991,uni
W3111487461,inter
W3111488688,inter
W3111536401,inter
W3111577069,inter
W3111611403,inter
W3111648382,inter
W3111653259,uni
W3111662257,inter
W3111674505,inter
W3111696896,inter
W3111730738,inter
W3111747582,inst
W3111807743,inst
W3111825573,inter
W3111830744,inter
W3111893067,inter
W3111901986,inter
W3111983220,inter
W3112008338,inter
W3112020351,inter
W3112155140,inter
W3112160583,inst
W3112186053,inter
W3112193599,inter
W3112198433,inter
W3112291449,inter
W3112298282,inter
W3112311013,inst
W3112317145,inst
W3112324025,inter
W3112375996,inter
W3112520120,inst
W3112559629,inst
W3112560019,inter
W3112625373,inter
W3112637638,inter
W3112669719,inter
W3112685504,inter
W3112693297,inter
W3112748348,inter
W3112768622,inter
W3112787034,inter
W3112969745,uni
W3112983622,inter
W3112987015,inter
W3113024443,inter
W3113047382,inter
W3113059984,inter
W3113242043,inter
W3113256917,inter
W3113276585,inter
W3113334730,inter
W3113349870,inter
W3113416056,inter
W3113514031,inter
W3113583457,inter
W3113610247,uni
W3113735332,inter
W3113745592,inter
W3113842169,inter
W3113891464,inter
W3114192611,inst
W3114239255,inter
W3114263020,inter
W3114366602,inter
W3114433559,inter
W3114479013,inter
W3114569701,inter
W3114760331,inter
W3114819433,uni
W3114915038,inter
W3114992550,inter
W3115020659,inter
W3115044877,inter
W3115104302,inter
W3115113481,inter
W3115213498,inst
W3115311694,inter
W3115362554,inst
W3115362555,inter
W3115448115,uni
W3115478688,inst
W3115543683,inter
W3115654959,inter
W3115911865,inter
W3115913152,inter
W3115946519,inter
W3115998412,inter
W3116066219,inter
W3116118771,inter
W3116169579,inter
W3116274835,inter
W3116449346,inter
W3116489684,inter
W3116495368,inter
W3116585919,inter
W3116681219,inter
W3116740748,inter
W3116744623,inter
W3116763410,inter
W3116853824,inter
W3116863821,inter
W3116910419,inter
W3117041256,inter
W3117054425,inter
W3117071942,inst
W3117081956,inter
W3117094438,inter
W3117225104,inst
W3117273852,inter
W3117344638,inter
W3117535633,inter
W3117574506,inter
W3117645561,inter
W3117661522,inter
W3117675164,inter
W3117786276,inter
W3117817073,inter
W3117925125,inter
W3118059217,inst
W3118068844,inter
W3118081065,uni
W3118141352,inter
W3118210634,inter
W3118220620,inst
W3118226668,inter
W3118248066,inter
W3118265437,inter
W3118300493,inter
W3118325375,inter
W3118344785,inter
W3118370064,inter
W3118383610,uni
W3118395240,inter
W3118463162,inter
W3118501321,inter
W3118508434,uni
W3118526204,inter
W3118541825,inter
W3118561874,inter
W3118565681,inter
W3118569556,inter
W3118600296,inst
W3118651011,inter
W3118707261,inter
W3118758051,inter
W3118799476,inter
W3118807731,inter
W3118812474,inter
W3118861764,inter
W3118883705,inter
W3118885154,inter
W3118910683,inter
W3118921974,inter
W3118929245,inter
W3118960334,inter
W3118971208,inter
W3118973667,uni
W3119006878,inter
W3119018724,inter
W3119028668,inter
W3119030480,inter
W3119037956,uni
W3119049972,inter
W3119055764,inter
W3119079594,inter
W3119110867,inter
W3119205652,inst
W3119212561,inter
W3119213473,inter
W3119253938,inter
W3119275136,inter
W3119284129,inter
W3119287745,inst
W3119298232,inter
W3119323601,inst
W3119333041,inter
W3119370531,inter
W3119370674,inter
W3119427724,inter
W3119430426,inter
W3119507053,inst
W3119521111,inter
W3119558362,inter
W3119561431,inter
W3119568444,inter
W3119575205,inter
W3119577299,inter
W3119610877,inter
W3119623617,inter
W3119667225,inter
W3119693691,inter
W3119712289,inter
W3119775597,inter
W3119786062,inter
W3119796395,inter
W3119839606,inter
W3119890970,inter
W3119906835,inst
W3119922393,inter
W3119947802,inter
W3119961356,inter
W3119969978,inter
W3119979630,inter
W3120020502,inter
W3120055985,inter
W3120091613,inter
W3120098135,inter
W3120112628,inter
W3120118480,inter
W3120177464,inter
W3120213071,inter
W3120226800,inter
W3120233483,inter
W3120244041,inter
W3120257605,inter
W3120296319,inter
W3120361527,inst
W3120372417,inter
W3120408379,inst
W3120409033,inter
W3120421331,top tier
W3120451683,inter
W3120485916,inter
W3120527185,inter
W3120598853,inter
W3120609170,inter
W3120610267,inst
W3120615301,inter
W3120643606,inter
W3120696033,inter
W3120721003,inter
W3120744766,inter
W3120750232,inst
W3120806917,inter
W3120841571,inter
W3120847116,inter
W3120897110,inter
W3121016465,inter
W3121060608,inter
W3121127014,inter
W3121137855,inter
W3121141908,inst
W3121194378,inter
W3121211069,inter
W3121301652,inter
W3121338000,inter
W3121395235,inter
W3121442875,inter
W3121458704,inter
W3121480429,inter
W3121480663,inter
W3121562452,inter
W3121614789,inter
W3121726600,inter
W3121787164,inter
W3121794899,inter
W3122056737,inter
W3122168634,inter
W3122278198,inter
W3122286897,inter
W3122407545,inter
W3122431082,inter
W3122489865,inter
W3122512728,inter
W3122591436,inter
W3122623847,inter
W3122648975,inst
W3122665668,inter
W3122730073,inter
W3122742180,inst
W3122764147,inter
W3122766170,inter
W3122850579,inter
W3122888791,inter
W3122894070,inter
W3122953072,inter
W3123012027,inter
W3123015093,inst
W3123054690,inter
W3123065146,inst
W3123226037,inter
W3123234566,inter
W3123419083,inter
W3123459273,uni
W3123513344,inter
W3123589317,inter
W3123593761,inter
W3123618603,inter
W3123676596,inter
W3123680467,inter
W3123681665,inter
W3123742938,inter
W3123784868,inst
W3123793130,inter
W3123821778,inter
W3123845245,inter
W3123940584,inter
W3124007505,inter
W3124089710,inter
W3124202697,inter
W3124243165,inter
W3124372372,inter
W3124418332,inter
W3124465846,inter
W3124485427,inter
W3124582122,inter
W3124596738,uni
W3124641430,inter
W3124659424,inter
W3124661333,inter
W3124714604,inter
W3124804039,inter
W3124847347,inter
W3124959693,inst
W3125014870,inter
W3125100228,inter
W3125227195,inter
W3125261728,inter
W3125342842,inter
W3125478000,inter
W3125601055,inter
W3125647338,inter
W3125704518,inter
W3125711196,inter
W3125731543,inst
W3125769231,inter
W3125781052,inter
W3125781598,uni
W3125783724,inter
W3125868980,uni
W3125870116,inter
W3125981391,inter
W3126074306,inter
W3126132476,uni
W3126194172,inter
W3126228234,inter
W3126277736,inter
W3126374782,inter
W3126379410,inter
W3126380318,inter
W3126402217,inter
W3126426134,inter
W3126452964,inter
W3126468572,inter
W3126471047,inter
W312650087,inter
W3126502934,inter
W3126528290,inter
W3126551690,inter
W3126560502,inter
W3126562684,inter
W3126596074,inter
W3126606582,inst
W3126634865,inter
W3126672067,inter
W3126692421,inter
W3126785734,inter
W3126803817,inst
W3126864803,inter
W3126876258,inter
W3126901467,inter
W3126903296,inst
W3126903563,uni
W3126916677,inter
W3127000387,inter
W3127188042,inter
W3127213927,inter
W3127215335,inter
W3127250389,inter
W3127334354,inter
W3127348940,inter
W3127353117,inter
W3127516227,inter
W3127518054,inter
W3127571973,inst
W3127691087,inter
W3127726690,inter
W3127766792,inter
W3127784515,inter
W3127805952,inter
W3127832553,inter
W3128025170,inter
W3128028841,uni
W3128031946,inter
W3128161808,inter
W3128187906,inter
W3128226665,inter
W3128279634,inst
W3128286446,inter
W3128329514,inst
W3128341947,uni
W3128376221,inter
W3128384204,inst
W3128471618,inter
W3128484727,inter
W3128490151,inter
W3128599100,inter
W3128632573,inst
W3128661044,inter
W3128682472,inter
W3128761816,inter
W3128842017,inter
W3128863316,inter
W3128865844,inter
W3128924485,inter
W3128940464,inter
W3128989203,inter
W3129007996,inter
W3129092393,inter
W3129107262,inter
W3129113845,inter
W3129115970,inter
W3129155398,inter
W3129315061,inter
W3129333271,inter
W3129336662,inter
W3129388356,inter
W3129469040,inter
W3129488702,inter
W3129499416,inter
W3129531632,inter
W3129545517,inter
W3129616433,inter
W3129632563,inter
W3129682923,inter
W3129984397,inter
W3130145026,inter
W3130155181,inst
W3130442532,inter
W3130489378,inter
W3130493776,inter
W3130625521,inter
W3130625555,inter
W3130631955,inst
W3130636206,inter
W3130662425,inter
W3130673459,inter
W3130705591,inter
W3130713651,inter
W3130716829,inter
W3130722243,inter
W3130794141,inter
W3130875629,inter
W3130891725,inter
W3130897729,inter
W3130918376,inter
W3131052493,inter
W3131102884,inter
W31311705,inst
W3131181397,inter
W3131190323,inter
W3131200756,inter
W3131239853,inter
W3131257862,inter
W3131264963,inter
W3131291298,inter
W3131300404,inter
W3131335651,inter
W3131387093,inter
W3131500599,top tier
W3131554325,inter
W3131747512,inter
W3131785125,inter
W3131828323,inter
W3131834732,inter
W3131910425,inst
W3131937156,inter
W3132074610,inter
W3132078478,inter
W3132310834,inter
W3132317140,inter
W3132356251,inter
W3132400026,inst
W3132517742,inter
W3132526154,inter
W3132532817,inter
W3132536583,inter
W3132591370,inter
W3132593380,inter
W3132834202,inter
W3132837225,inter
W3132882818,inter
W3132898468,inter
W3132950134,inter
W3133102423,inter
W3133104464,inter
W3133114591,inter
W3133236490,inter
W3133266211,inter
W3133281095,inter
W3133323004,inter
W3133408253,inter
W3133421122,inter
W3133431602,inter
W3133516607,inter
W3133524264,inter
W3133543405,inter
W3133598814,inter
W3133700582,inter
W3133702157,top tier
W3133729339,inter
W3133735015,inter
W3133740671,inter
W3133747496,inter
W3133756494,inter
W3133777397,inter
W3133834649,inter
W3133915181,inter
W3133925341,inter
W3133932568,inter
W3133976361,inter
W3133983943,inter
W3133989558,inter
W3134023886,inter
W3134037628,inter
W3134076772,inst
W3134115326,inter
W3134161134,inter
W3134246804,inter
W3134293987,inter
W3134295131,inter
W3134349890,inter
W3134357852,inter
W3134437584,inter
W3134631534,inter
W3134663710,inter
W3134663857,uni
W3134671821,inter
W3134676769,inter
W3134697179,inter
W3134704784,inter
W3134705977,inter
W3134770645,inter
W3134775335,inter
W3134810820,inter
W3134843574,inter
W3134865623,inter
W3134889809,inst
W3134941324,inter
W3134961575,inst
W3135030974,inter
W3135033405,inter
W3135041516,inter
W3135085786,inter
W3135088000,inter
W3135100418,inter
W3135231128,inter
W3135320517,inter
W3135353552,inter
W3135357055,inter
W3135381462,inter
W3135542633,inter
W3135543406,inter
W3135588948,inter
W3135685797,inst
W3135688552,inter
W3135703731,inter
W3135741259,inter
W3135774298,inter
W3135785775,inter
W3135798748,inter
W3135813570,inter
W3135829427,inter
W3135872251,inter
W3135939397,inter
W3135942439,inter
W3135981527,uni
W3136003884,inter
W3136015878,inter
W3136017287,inter
W3136021864,inter
W3136095583,inter
W3136119502,inter
W3136127185,inter
W3136233866,inter
W3136271726,inter
W3136303746,inter
W3136309315,inter
W3136319326,inst
W3136339363,inter
W3136345046,inter
W3136364995,uni
W3136398160,inter
W3136405090,inter
W3136416617,inter
W3136450870,inter
W3136454200,inter
W3136525061,inter
W3136639013,inter
W3136648950,inter
W3136653234,inter
W3136662556,inter
W3136663617,inter
W3136693977,inter
W3136714316,inter
W3136721778,inter
W3136873339,inter
W3136908527,uni
W3136958253,inter
W3136981602,inter
W3137014305,inter
W3137021908,inter
W3137067752,inter
W3137076755,inter
W3137077859,uni
W3137092842,top tier
W3137095203,inter
W3137220996,inter
W3137233710,inter
W3137240613,inter
W3137300079,inter
W3137303899,inter
W3137303952,inter
W3137348415,inter
W3137469961,inter
W3137537256,inter
W3137585071,inter
W3137671267,inst
W3137678020,inter
W3137697889,inter
W3137715965,inter
W3137718725,inter
W3137750001,inter
W3137771896,inter
W3137926795,inter
W3137933686,inter
W3137964896,inst
W3137965168,inter
W3137988653,inter
W3138001817,inter
W3138047537,inter
W3138089182,inter
W3138089704,inter
W3138102940,inst
W3138106654,inst
W3138128528,inter
W3138135046,inter
W3138153888,inter
W3138176778,inter
W3138196357,inter
W3138222079,inter
W3138279625,inter
W3138308990,inter
W3138317179,inter
W3138340923,inter
W3138401086,inter
W3138456218,inter
W3138456380,inter
W3138516171,top tier
W3138537816,inter
W3138542739,inter
W3138570739,inst
W3138591728,inter
W3138598418,inter
W3138599277,inter
W3138634112,inter
W3138649308,inter
W3138677255,inter
W3138710971,inter
W3138727334,inter
W3138773240,inst
W3138913129,inter
W3138987436,inter
W3139008799,inter
W3139014401,inter
W3139022918,inter
W3139029983,inter
W3139206702,inter
W3139261556,inter
W3139287749,inter
W3139323134,inter
W3139340352,inst
W3139349787,inter
W3139362840,inter
W3139391699,inter
W3139395821,inter
W3139414251,inter
W3139434170,inter
W3139523858,inter
W3139642025,inter
W3139681725,inter
W3139690853,inter
W3139707578,inter
W3139776381,inter
W3140067411,inter
W3140115405,inter
W3140136758,inter
W3140237858,inter
W3140313590,inter
W3140336492,inst
W3140455427,inter
W3140467804,inst
W3140491875,inst
W3140706010,inter
W3140710696,inter
W3140730966,inter
W3140738358,inter
W3140743785,inter
W3140896149,inter
W3140968660,inter
W3141046737,inst
W3141200356,inst
W3141398157,inter
W3141443221,inter
W3141492569,inter
W3141514556,inter
W3141585064,inst
W3141597886,inter
W3141712811,inter
W3141776272,inter
W3141784790,inter
W3141795233,inter
W3141797743,inter
W3141989311,inter
W3142067920,inter
W3142139460,inter
W3142451776,inter
W3142475087,inter
W3142788676,inter
W3142851257,inter
W3143001289,inter
W3143107425,inter
W3143155918,inter
W3143233897,inter
W3143254051,inter
W3143352246,inst
W3143740202,inter
W3143886332,inter
W3144067442,inter
W3144394152,inter
W3144411758,inter
W3144522989,uni
W3144586139,inter
W3144613578,inter
W3144616638,inter
W3144619878,inter
W3144665794,inter
W314466983,inst
W3144848010,inst
W3144904622,inst
W3145111317,inst
W3145128584,top tier
W3145185940,inter
W3145187553,uni
W3145361113,inter
W3145454088,inst
W3145513624,inter
W3145539437,inter
W3145668395,inter
W3145680685,inter
W3145773044,inter
W3145915523,inter
W3145990995,inter
W3146166473,top tier
W3146446456,inst
W3146467503,inter
W3146803896,inter
W3146863510,inter
W3146916448,inter
W3147065412,inter
W3147165232,inter
W3147178137,inter
W3147182738,inter
W3147237338,inter
W3147331290,inter
W3147539069,inter
W3147584606,inter
W3147595824,inter
W3147710177,inter
W3147759778,inter
W3147814325,inter
W3147852756,uni
W3148126761,inter
W3148153833,inter
W3148204649,inter
W3148297393,inter
W3148345968,inter
W3148529197,inter
W3148563252,inst
W3148589692,inter
W3148640261,inter
W3148753670,inter
W3148754164,inst
W3148783051,inst
W3148833453,inter
W3148871920,inter
W3149084271,inter
W3149084432,inter
W3149134182,inter
W3149143093,inter
W3149382904,inter
W31494007,inter
W3149596646,inter
W3149684929,inter
W3149706051,inter
W3149733538,inter
W3150001755,inter
W3150048573,inst
W3150051545,inter
W3150630553,inter
W3150663837,inter
W3150792831,inter
W3150824477,inter
W3150888826,inter
W3150932698,inter
W3150958835,inter
W315101999,inter
W3151209521,inst
W3151298492,inter
W3151402280,inter
W3151410070,inter
W3151491250,inter
W3151647389,inter
W3151728534,inter
W3151756653,inter
W3151882121,inter
W3152026761,inter
W3152038503,inter
W3152126440,inter
W3152188166,inter
W3152199537,inst
W3152274100,inter
W3152346996,inter
W3152497786,inter
W3152510646,inter
W3152515526,inter
W3152545903,inter
W3152632304,inter
W3152711973,inter
W3152768805,inter
W3152781463,inter
W3152833141,inter
W3152878473,inter
W3152885445,inter
W3152887191,inter
W3152892293,inter
W3152967009,inter
W3153022307,inter
W3153065649,inter
W3153065797,inter
W3153198897,inter
W3153244266,inter
W3153328549,inter
W3153421894,inter
W3153490172,inter
W3153583617,inter
W3153607844,inter
W3153665222,inter
W3153674190,inter
W3153674394,inter
W3153934799,uni
W3154006927,inter
W3154019914,inst
W3154090301,inter
W3154155772,inter
W3154176209,inter
W3154209500,inter
W3154256082,inter
W3154259812,inter
W3154276629,inter
W3154360923,inter
W3154411171,inst
W3154436641,inter
W3154481501,uni
W3154529571,inter
W3154603286,inter
W3154707277,inter
W3154719286,inst
W3154726827,inst
W3154781196,inter
W3154803405,inter
W3154818504,inter
W3154896280,inter
W3154932866,inst
W3154934604,inter
W3155068540,uni
W3155102819,inter
W3155184874,inter
W3155203422,inter
W3155217306,inter
W3155224216,inst
W3155235694,inter
W3155351996,inter
W3155499628,inter
W3155543450,inter
W3155559132,inter
W3155742828,inter
W3155756270,inter
W3155769127,inter
W3155783810,inter
W3155790529,inter
W3155895380,inst
W3155899199,inter
W3155912831,inter
W3156056120,inter
W3156159408,inter
W3156178383,inter
W3156240747,inter
W3156246050,inter
W3156330219,inter
W3156446351,inter
W3156509901,inter
W3156511322,inter
W3156526578,inter
W3156631970,inter
W3156678649,inter
W3156681220,inter
W3156952770,inter
W3156961507,uni
W3156997004,inter
W3157057872,inter
W3157122767,inter
W3157127767,inter
W3157191457,inter
W3157230894,inter
W3157411529,inter
W3157509326,inter
W3157587074,inter
W3157649867,inter
W3157675278,inter
W3157688273,inter
W3157690401,inter
W3157709467,inter
W3157745594,inst
W3157757375,inter
W3157771743,inst
W3157784408,inter
W3157785841,inst
W3157864344,inter
W3157868274,inter
W3157962741,inter
W3157997866,inter
W3158013115,inter
W3158022704,inter
W3158061906,inter
W3158114183,inter
W3158119841,inter
W3158124029,inter
W3158179312,inter
W3158216587,inter
W3158240048,inter
W3158263509,inter
W315826727,inter
W3158299003,inst
W3158320312,inter
W3158340475,inter
W3158370798,inter
W3158388718,inter
W3158537522,inter
W3158653864,inter
W3158666330,inter
W3158704653,inst
W3158729335,inter
W3158732563,inter
W3158743897,inter
W3158763902,inter
W3158770930,inter
W3158783080,inter
W3158795218,inter
W3158817201,inter
W3158874234,inter
W3158924688,inter
W3158926,inter
W3158944427,uni
W3158999047,inter
W3159037623,inter
W3159080474,inter
W3159102813,inter
W3159160110,inst
W3159182547,inter
W3159194716,inter
W3159196909,inter
W3159201570,inter
W3159278394,inter
W3159302491,inter
W3159321480,inter
W3159352788,inter
W3159358326,inter
W3159394994,inter
W3159395603,inter
W3159403495,inter
W3159430945,inter
W3159442809,inter
W3159459050,inter
W3159481202,top tier
W3159511721,inter
W3159568513,inter
W3159605226,inter
W3159675196,inter
W3159682267,inter
W3159716243,inst
W3159830173,inst
W3159850320,inter
W3159851186,inst
W3159865688,inter
W3159891475,inter
W3159958158,inst
W3159989400,inter
W3160015875,inst
W3160021293,inter
W3160045550,inter
W3160081596,inter
W3160101703,inter
W3160200186,inter
W3160219746,inter
W3160220648,inter
W3160305324,inter
W3160371016,inter
W3160404138,inst
W3160425077,inst
W3160434771,inter
W3160450178,inter
W3160483489,inter
W3160494047,inter
W3160502863,inst
W3160571965,inter
W3160587007,inter
W3160613915,inter
W3160647498,inter
W3160676710,inter
W3160694286,inter
W3160753049,inter
W3160780598,inter
W3160815429,inter
W3160844681,inter
W3160851792,inter
W3160903453,inst
W3160991452,inter
W3161000998,inter
W3161048687,inter
W3161120562,inter
W3161133901,inter
W3161157124,inter
W3161225848,inter
W3161330763,inst
W3161381789,uni
W3161394903,inter
W3161417217,inter
W3161463741,inter
W3161467250,inter
W3161483552,inter
W3161486419,inter
W3161493619,inter
W3161503345,inter
W3161583375,inter
W3161636801,inst
W3161677312,inter
W3161694586,inter
W3161847448,inter
W3161886301,inter
W3161892646,inter
W3161977841,inter
W3161979908,inter
W3162040864,inter
W3162045169,inst
W3162080183,inst
W3162093536,inst
W3162106846,inter
W3162161377,inter
W3162222275,inter
W3162323063,inter
W3162397251,inter
W3162400922,inter
W3162449241,inter
W3162520708,inter
W3162531672,inter
W3162538709,inter
W3162579457,inst
W3162583919,inst
W3162615961,inter
W3162658016,inter
W3162698503,inter
W3162740599,inter
W3162742407,inter
W3162760148,inter
W3162849074,inter
W3162872640,inter
W3162917905,inter
W3162939043,inter
W3163048467,inter
W3163063879,inst
W3163105316,inter
W3163107682,inter
W3163175689,inter
W3163193264,inter
W3163203872,inter
W3163225286,inter
W3163232246,inter
W3163280631,inter
W3163304493,inter
W3163445462,inter
W3163465952,inter
W3163471828,inter
W3163478487,inter
W3163488673,inter
W3163491509,inter
W3163557518,inter
W3163703487,inter
W3163723672,inter
W3163791259,inst
W3163845159,inter
W3163881436,inter
W3163908429,inter
W3163922229,inter
W3163939464,inter
W3163963109,inter
W3164005523,inter
W3164082355,inter
W3164124914,inst
W3164167845,inter
W3164170653,inter
W3164170657,inter
W3164185089,inter
W3164270287,inter
W3164282918,inst
W3164348689,inst
W3164441091,inter
W3164447831,inter
W3164478518,inter
W3164506068,inter
W3164507799,inter
W3164509420,inter
W3164514293,inter
W3164640227,inter
W3164709496,inter
W3164725880,inter
W3164740228,inter
W3164848833,inter
W3164851347,inter
W3164882424,inter
W3165093798,inter
W3165196498,inter
W3165325317,inter
W3165352399,inter
W3165370839,inter
W3165492765,inter
W3165536193,inter
W3165679727,inter
W3165856608,inter
W3165871547,inter
W3165885159,inter
W3165895193,inst
W3165996921,inter
W3166006235,inter
W3166030132,inst
W3166164097,inter
W3166176762,inter
W3166386656,inter
W3166409449,inter
W316655878,uni
W3166593787,inter
W3166596953,inter
W3166610563,inst
W3166635318,inter
W3166710875,inter
W3166820160,inter
W31669040,uni
W3166913490,inter
W3166931265,inter
W3167002899,inst
W3167035076,inter
W3167041328,inter
W3167120821,uni
W3167158117,inter
W3167248806,inter
W3167331206,uni
W3167347683,inter
W3167380582,inter
W3167448285,inter
W3167584510,inst
W3167683049,inter
W3167799566,inter
W3167833281,inst
W3167895336,inter
W3168165348,inter
W3168181021,inter
W3168231499,inter
W3168331896,inter
W3168379310,inter
W3168430821,inst
W3168473320,inter
W3168538555,inter
W3168542456,inst
W3168595234,inter
W3168649818,inter
W3168718178,inst
W3168825659,inter
W3168843131,inter
W3168855424,inter
W3168910894,inter
W3168924973,inter
W3168981200,inst
W3169018594,inter
W3169021800,inter
W3169045378,inter
W3169055611,inter
W3169223224,inter
W3169291629,inter
W3169356199,inter
W3169392807,inter
W3169411694,inter
W3169483174,inter
W3169664518,inter
W3169760573,inter
W3169909246,inter
W3169997003,inter
W3170217178,inter
W3170220135,inter
W3170241800,inter
W3170295498,inter
W3170303185,inter
W3170308824,inter
W3170345497,inter
W3170416325,inter
W3170463079,uni
W3170465488,inter
W3170483233,inter
W3170484644,inter
W3170615377,inter
W3170664780,inst
W3170801421,inter
W3170937175,inst
W3171038842,inst
W3171054284,inter
W3171398643,inter
W3171457089,inter
W3171487259,inter
W3171551824,inter
W3171662571,inter
W3171702065,inter
W317170363,inter
W3171707259,uni
W3171721148,inter
W3171723270,inter
W3171799684,inter
W3171830332,inter
W3171926364,inter
W3171930759,inter
W3171934427,inter
W3171942522,inter
W3171948639,inter
W3171992507,inter
W3172031803,inter
W3172241153,inter
W3172243646,inter
W3172314079,inst
W3172425516,inter
W3172441129,inter
W3172452057,inst
W3172526945,inter
W3172550433,inter
W3172553205,inter
W3172661776,inter
W3172665323,inter
W3172670627,inter
W3172678553,inter
W3172685268,inter
W3172752666,inst
W3172771495,inter
W3172775408,inter
W3172812635,inter
W3172850719,inter
W3173017111,inst
W3173056116,inter
W3173114153,inter
W3173146464,inter
W3173185810,inter
W3173222259,inst
W3173257328,inst
W3173270634,inter
W3173313979,inter
W3173329034,inter
W3173338008,inter
W3173344965,inter
W3173366159,inter
W3173382343,inter
W3173488222,inst
W3173499193,inter
W3173541470,inter
W3173544627,inter
W3173579622,inter
W3173581984,inter
W3173593003,inter
W3173696143,inter
W3173743304,inter
W3173777106,inter
W3173782971,inter
W3173784240,inst
W3173811519,inter
W3173866016,inter
W3173874704,inter
W3173925813,inter
W3173933039,inter
W3174012884,inter
W3174038233,inter
W3174133171,inter
W3174159092,inter
W3174211834,inter
W3174257961,inter
W3174314902,inter
W3174413148,inter
W3174508664,inter
W3174540647,inter
W3174549955,inst
W3174551531,inter
W3174556605,uni
W3174564679,inter
W3174585465,inter
W3174609245,inter
W3174656328,inst
W3174756006,inter
W3174778101,inter
W3174792257,inter
W3174814307,inter
W3174814557,inter
W3174888501,inter
W3174894387,inter
W3174940004,inter
W3175004880,uni
W3175034780,inst
W3175039885,inter
W3175191853,inter
W3175239188,inter
W3175249081,inter
W3175320807,inter
W3175380024,inter
W3175448228,inter
W3175462371,inter
W3175481246,inter
W3175487087,inter
W3175500424,inter
W3175518614,inter
W3175521565,inter
W3175551715,inst
W3175553988,inst
W3175558068,inter
W3175593095,inst
W3175600894,inst
W3175617817,inter
W3175683976,inter
W3175710487,inter
W3175740157,inter
W3175855533,inter
W3175879018,uni
W3175883765,inst
W3175913714,inter
W3175923300,inter
W3176028843,inter
W3176033671,inter
W3176049587,inter
W3176187859,inst
W3176224390,inter
W3176241004,inter
W3176366281,inter
W3176376875,inst
W3176384504,inter
W3176405032,inter
W3176451698,inter
W3176455777,inst
W3176458998,inter
W3176474016,inter
W3176479810,inter
W3176551234,inter
W3176572490,inter
W317665319,inter
W3176709420,inter
W3176716813,inter
W3176718076,inter
W3176742893,inter
W3176757854,inter
W3176779063,inter
W3176796859,inter
W3176799601,inter
W3176814451,inter
W3176890131,inter
W3176892444,inst
W3176927685,inter
W3176937558,inter
W3176943954,inter
W3176946861,inter
W3176999807,inter
W3177034761,inst
W3177040887,inst
W3177048943,inter
W3177050398,inter
W3177093812,inst
W3177096435,inst
W3177102618,inter
W3177242904,inter
W3177266689,inter
W3177269615,inter
W3177283294,inter
W3177316514,inter
W3177316921,inter
W3177349073,inst
W3177357839,inter
W3177397114,inter
W3177413738,inter
W3177442242,inter
W3177451191,inter
W3177465643,inter
W3177500196,inst
W3177698596,inter
W3177751067,inst
W3177760933,inter
W3177795942,inter
W3177900482,inter
W317793146,inter
W3178101160,inter
W3178111897,inter
W3178135106,inter
W3178138002,inter
W3178225081,inter
W3178291178,inter
W3178360204,uni
W3178563868,inter
W3178580695,inst
W3178694416,inter
W3178708095,inter
W3178767873,inter
W3178773782,inter
W3178947836,inst
W3179111421,inst
W317922744,inter
W3179233662,inst
W3179267034,inter
W3179381670,inter
W3179472575,inst
W3179550234,inter
W3179640052,inter
W3179821369,inter
W3180000642,inter
W3180016284,inst
W3180029035,inter
W3180143978,inter
W3180152445,inter
W3180164156,inter
W3180265018,inter
W3180303049,inst
W3180336812,inter
W3180357520,uni
W318042436,inst
W3180680837,inter
W3180704004,inter
W3180738098,inter
W3180815526,inter
W3180931827,inter
W3181161645,inter
W3181225658,inter
W3181330405,inter
W3181359062,inter
W3181362870,inter
W3181416725,inter
W3181515393,inter
W3181574234,inter
W3181595520,inter
W3181605656,inter
W3181729304,inter
W3181806343,inter
W3182043838,inst
W3182048384,inter
W3182125009,inter
W3182448547,inst
W3182543535,inter
W3182751084,inter
W3182924237,inter
W3182933156,uni
W3182967956,inter
W3183175034,inter
W3183182957,inter
W3183276505,inter
W3183392865,inter
W3183401488,inst
W3183430956,inter
W3183530150,inter
W3183551123,inter
W3183585816,inter
W3183588514,inter
W3183597963,inter
W3183642425,inter
W3183751646,inst
W3183775515,inter
W3183844666,inter
W3183866356,inter
W3184127157,inter
W3184148175,inter
W3184158118,inter
W3184225461,inst
W3184230123,inter
W3184254438,inter
W3184404765,inter
W3184493506,inst
W3184565149,inter
W3184576797,inst
W3184606595,inter
W3184620682,inter
W3184666715,inter
W3184716035,inst
W31847418,inter
W3184765452,inter
W3184818277,inter
W3184840518,inter
W3184847191,inst
W3184865718,inter
W3184924404,inter
W3184940165,inter
W3185084954,inter
W3185095134,inter
W3185135571,inter
W3185236810,inter
W3185247296,uni
W3185270260,inter
W3185318426,inter
W3185469365,inter
W3185531702,inter
W3185621191,inter
W3185674647,inter
W3185732273,inter
W3185762342,inter
W3185768833,inter
W3185788529,inter
W3185918577,inter
W3185986480,inter
W3186059605,inter
W3186065000,inter
W3186085141,inter
W3186127479,inter
W3186191775,inter
W3186204871,inter
W3186214910,inter
W3186252639,inter
W3186347355,inter
W3186484713,inter
W3186678415,inter
W3186696223,inter
W3186759615,inter
W3186834475,inter
W3186852932,inter
W3186991201,inst
W3187029107,inter
W3187063256,inter
W3187212097,inter
W318724287,inter
W3187250547,inter
W3187293469,inter
W3187295906,inter
W3187548880,inst
W3187625943,inter
W3187736118,inter
W3187829000,inter
W3187862546,inter
W3188065250,inter
W3188080645,inter
W3188103674,inter
W3188120558,inter
W3188277880,inter
W3188404242,inter
W3188456085,inter
W3188469630,inter
W3188642940,inter
W3188774424,inter
W3188783476,inter
W3188792551,inter
W3188971569,inter
W3189500528,inter
W3189623384,inter
W3189659164,inst
W3189831571,inter
W3190055600,inter
W3190162743,inter
W3190186724,inter
W3190246996,inter
W3190318906,inst
W3190438496,inter
W3190460965,inter
W3190499996,uni
W3190618479,inter
W3190647458,inter
W3190656508,inter
W3190687030,inter
W3190714972,inter
W3190795985,inter
W3191040240,inter
W3191117306,inter
W3191220739,inst
W3191253450,inter
W3191299360,inter
W3191590700,inter
W3191630110,inter
W3191666000,inter
W3191702411,inter
W3191728126,inter
W3191950921,inter
W3192148059,inst
W3192244761,inter
W3192298756,inter
W3192311699,inter
W31924142,inter
W3192495122,inter
W3192496369,inter
W3192540610,inter
W3192577098,inter
W3192602971,inter
W3192759647,inter
W3192882631,inter
W3192905226,inter
W31929098,inter
W3193016045,inter
W3193016731,inter
W3193220998,inter
W3193296307,inst
W3193346434,inst
W3193529253,inter
W3193597985,uni
W3193648407,inter
W3193688262,inter
W3193706363,inter
W31937414,inter
W3193788891,inter
W3193791158,inter
W3193843798,inter
W3193895134,inst
W3193895443,inter
W3193940683,inst
W3194020499,inter
W3194105363,inter
W3194109060,inter
W3194111370,inter
W3194120370,inst
W3194131894,inter
W3194146037,inter
W3194217555,inter
W3194280054,inst
W3194282629,inter
W3194286048,inter
W3194293177,inter
W3194431746,inter
W3194450624,inter
W3194557739,inst
W3194599364,inter
W3194708910,inter
W3194746126,inter
W3194751480,inter
W3194770445,inter
W3194799133,inter
W3194839925,inter
W3194851289,inter
W3195085810,inter
W3195124381,inter
W3195126080,inter
W3195126467,inst
W3195229881,uni
W3195264173,inter
W3195296525,inst
W3195442242,inst
W3195462390,inter
W3195470222,inter
W3195656755,inter
W3195679603,inst
W3195687265,inter
W3195772727,inter
W3195805560,inter
W3195823667,inter
W3195847825,inter
W3195877370,inter
W3196039581,inter
W3196045004,inter
W3196056240,inter
W3196112465,inter
W3196119369,inter
W3196123687,inter
W3196172680,inter
W3196226093,inter
W3196253456,inter
W3196302005,inter
W3196313451,inter
W3196359452,inter
W3196371845,inter
W3196401314,inter
W3196434877,inter
W3196476890,inter
W3196480290,inter
W3196482926,uni
W3196524514,inst
W3196601925,inter
W3196613895,inter
W3196691156,inter
W3196691777,inst
W3196692539,inter
W3196704321,inter
W3196711841,inter
W3196752116,inter
W3196799976,inter
W3196818429,inter
W3196829739,inter
W3196848741,inter
W3196854893,inter
W3196878033,inter
W3196904463,inter
W3196983495,inter
W3196988853,inst
W3196990496,inst
W3197095895,inst
W3197106219,inter
W3197127039,inter
W3197223249,inter
W3197269428,inter
W3197303365,inst
W3197325101,inter
W3197338775,inter
W3197394307,inter
W3197407867,inter
W3197470694,inter
W3197516073,inter
W3197520176,inter
W3197639850,inter
W3197642431,uni
W3197680824,inter
W3197696221,inter
W3197817556,inter
W3197942856,inter
W3197944561,inter
W3198023004,inter
W3198109319,inst
W3198112211,inter
W3198115943,inter
W3198134704,inter
W3198147008,inter
W3198168686,inter
W3198196812,inter
W3198274448,inter
W3198287934,inter
W3198381997,inter
W3198436571,inter
W3198466603,inter
W3198489413,inter
W3198517872,inter
W3198630365,inter
W3198659451,inst
W3198716536,uni
W3198825046,inter
W3198919710,inter
W3198921458,inter
W3198990261,inter
W3199001167,inter
W3199007385,inter
W3199043050,inter
W3199051720,inter
W3199069499,inst
W3199252869,inter
W3199316077,inst
W3199423294,inter
W3199429680,inter
W3199454028,inter
W3199474709,inter
W3199607358,inst
W3199617538,inter
W3199646084,inter
W3199655416,inter
W3199755688,inst
W3199826823,inter
W3199885658,inst
W3199992207,inter
W3200021914,inst
W3200025834,inst
W3200080549,inter
W3200102202,inter
W3200181601,inst
W3200236371,inter
W32002537,inter
W3200350636,inter
W3200428054,inter
W3200474807,inter
W3200530113,inter
W3200590324,inter
W3200657324,inter
W3200674364,inter
W3200722545,inter
W3200826900,inter
W3200836119,inter
W3200865025,inter
W3200870516,inter
W3201008491,inter
W3201019945,inter
W3201050655,inter
W3201082120,inter
W3201122766,inter
W3201128638,inter
W3201156825,inter
W3201172133,inter
W3201178641,inter
W3201225292,inter
W3201364216,inter
W3201375796,inter
W3201379052,inter
W3201394241,inter
W3201408086,inter
W3201472659,inter
W3201510836,inter
W3201525295,inter
W3201551522,inter
W3201552764,inter
W3201576289,inter
W3201637698,inter
W3201638165,inter
W3201799306,inst
W3201844719,inter
W3202017764,inst
W3202069436,inter
W3202100376,inter
W3202117632,inter
W3202143701,uni
W3202302059,inst
W3202317291,inter
W3202360802,inst
W3202362797,inter
W3202380028,inter
W3202427362,inter
W3202446236,inter
W3202497941,inter
W3202498828,inter
W3202538348,inter
W3202567403,inter
W3202613539,inter
W3202623927,inst
W3202645141,inter
W3202673875,inter
W3202710822,inter
W3202712981,inst
W3202716970,inter
W3202748396,inter
W3202750592,inter
W3202850396,inter
W3202952191,inter
W3202977596,inter
W3203001455,inter
W3203033952,inter
W3203077262,inter
W3203140391,inter
W3203174623,inter
W3203199563,inter
W3203210388,inter
W3203259653,inter
W3203285340,inst
W3203366169,inter
W3203399571,inter
W3203437062,inter
W3203505883,inst
W3203510176,inter
W3203511368,inter
W3203629272,inter
W3203659189,inter
W3203700770,inter
W3203711169,inst
W3203720235,uni
W3203731077,inter
W3203735741,inst
W3203766485,inter
W3203859541,inter
W3203916972,inter
W3203931613,inter
W3203932029,inter
W3203960633,inter
W3204075450,inst
W3204115811,inter
W3204121251,inter
W3204182334,inter
W3204226352,inter
W3204330270,inter
W3204374989,inst
W3204465806,inter
W3204485253,inter
W3204492061,inter
W3204535840,inter
W3204551947,inter
W3204596854,inter
W3204610735,inter
W3204613820,inter
W3204630330,inter
W3204809439,inst
W3204906669,inter
W3204925778,inter
W3204949909,inter
W3205054411,inter
W3205054974,inter
W3205111566,inst
W3205120144,inter
W3205144107,inter
W3205186789,inter
W3205279136,inter
W3205327953,inter
W3205382138,inter
W3205389820,inter
W3205467518,inter
W3205483739,inter
W3205490589,inter
W3205506203,inter
W3205535171,inst
W3205549477,inst
W3205638629,inter
W3205681413,inter
W3205683107,inter
W3205717712,inst
W3205753994,inter
W3205843275,inter
W3205856632,inter
W3205903617,inter
W3205910935,inter
W3205918167,uni
W3205976355,inter
W3206010663,inter
W3206014301,inter
W3206043183,inter
W3206116522,inter
W3206121226,inst
W3206154535,inst
W3206177834,inter
W3206356068,inter
W3206383971,inter
W3206389158,inter
W3206439726,inter
W3206544347,inter
W3206549629,inter
W3206587336,inter
W3206643590,inter
W3206660056,uni
W3206727061,inter
W3206746892,inter
W3206784286,inter
W3206850855,inter
W3206966056,uni
W3207110613,inter
W3207210110,inter
W3207213913,inter
W3207223286,inter
W3207346750,inter
W3207377511,inter
W3207382953,inter
W3207401025,inter
W3207441360,inter
W3207485660,inter
W3207486518,inter
W3207494168,inter
W3207637322,inter
W3207663632,inter
W3207718618,inter
W3207732664,inter
W3207865773,inter
W3207905476,inter
W3207931813,inter
W3208086363,inter
W3208086375,inter
W3208229128,inst
W3208266452,inter
W3208323417,inter
W3208354318,inter
W3208437533,inter
W3208448014,inter
W3208485583,inter
W3208515506,inter
W3208517829,inter
W3208673436,inter
W3208681423,inter
W3208707885,uni
W3208761629,inter
W3208793581,inter
W3208798367,inter
W3208854778,inst
W3208855210,inter
W3208886632,inst
W3208957091,inter
W3208961248,inter
W3209036005,inter
W3209063796,inter
W3209138746,inter
W3209153585,inter
W3209170263,inter
W3209325172,inter
W3209383001,inter
W3209430198,inter
W3209438566,inst
W3209459638,inter
W3209549283,inst
W3209625832,inter
W3209764902,inter
W3209814877,inter
W3209876736,inter
W3209945042,inter
W3209993199,inst
W3210042978,inter
W3210063376,inter
W3210183083,inter
W3210219383,inter
W3210232381,inter
W3210248126,inter
W3210277894,inter
W3210352508,inter
W3210365621,inter
W3210420162,inter
W3210443938,inter
W3210532231,inter
W3210533571,inter
W3210565559,inter
W3210635777,inst
W3210740801,inter
W3210828003,inter
W3210854102,inter
W3210899060,inter
W3210918634,inter
W3211005660,inter
W3211032589,inter
W3211034012,inter
W3211040691,inter
W3211115215,inter
W3211136280,inst
W3211173425,inter
W3211224638,inst
W3211226179,inter
W3211254392,inter
W3211258175,inter
W3211259271,inter
W3211309061,inter
W3211321261,inter
W3211343272,inter
W3211349905,inter
W3211414347,inter
W3211438798,inter
W3211507582,inst
W3211513184,inter
W3211538845,inst
W3211545390,inter
W3211560509,inter
W3211655051,inter
W3211711868,inter
W3211819425,inter
W3211910497,inter
W3211913575,inter
W3211937969,inter
W3211938539,inter
W3212044949,inter
W3212111329,inter
W3212158867,inter
W3212194243,inter
W3212210832,inter
W3212255342,inter
W3212258096,inter
W3212296358,inter
W3212296629,inter
W3212432095,inter
W3212441542,inter
W3212495950,inter
W3212553361,inter
W3212622989,inter
W3212633227,inter
W3212737926,inter
W3212779344,inter
W3212813052,inter
W3212906118,inter
W3212965056,inter
W3213039691,inter
W3213070835,uni
W3213083015,inter
W3213151880,inter
W3213170960,inter
W3213188002,inter
W3213274052,inst
W3213274428,inter
W3213332416,inter
W3213383347,inter
W3213418661,inter
W3213422946,inter
W3213455868,inter
W3213504175,inter
W3213545458,inter
W3213619664,inter
W3213672119,inst
W3213692590,inst
W3213696333,inst
W3213747130,inter
W3213755975,inter
W3213775168,inter
W3213787142,inter
W3213906004,inter
W3213924954,inst
W3214012455,inst
W3214050571,inter
W3214096059,inter
W3214102110,inter
W3214131531,inter
W3214165228,inter
W3214234430,inter
W3214469396,inter
W3214831658,inter
W3214860080,inter
W3214861839,inter
W3214916055,inter
W3214981589,inter
W3214985797,inter
W3215028603,inter
W3215031723,inter
W3215080563,inter
W3215086252,inter
W3215152605,inter
W3215205161,inter
W3215223030,uni
W3215298616,inter
W3215445770,inter
W3215485785,inter
W3215530721,inter
W3215536583,inter
W3215590980,inter
W3215598588,inter
W3215696169,inter
W3215736224,inst
W3215743464,inter
W3215778722,inter
W3215784588,inst
W3215786562,inter
W3215903196,inter
W3216039521,inter
W3216087007,inter
W3216099748,inter
W3216150967,inter
W3216190410,inter
W3216209923,inter
W3216325077,inter
W3216366683,inter
W3216432265,inter
W3216726562,inter
W3216815774,inter
W3216830627,inter
W3216833280,inter
W3216894362,inter
W3216956110,inter
W3216958049,inter
W3217037671,inter
W3217120025,inter
W3217122106,inter
W3217184449,inter
W3217196752,inter
W3217237164,inter
W3217278836,inter
W3217394615,inter
W3217399827,inter
W3217401178,inter
W3217411715,inter
W3217518891,inter
W3217541674,inter
W3217570271,inter
W3217608563,inter
W3217635383,inter
W3217669900,inter
W3217732168,inter
W323572456,inter
W323802126,inter
W32403112,top tier
W325208193,inter
W326271615,inst
W32692049,inter
W328847996,inst
W331473781,inter
W336422845,inter
W336695377,inter
W33808975,inter
W342324839,inter
W342909571,inter
W343636949,inst
W344139118,inter
W34501242,inter
W345026329,inter
W345410648,inter
W34686378,inter
W34718062,inst
W34870269,inter
W349196091,inter
W349770100,inter
W350056888,inter
W35045646,inter
W353806839,inst
W35546012,inter
W35664729,inter
W358594773,inter
W36112907,inter
W369695029,inter
W370501591,inst
W371426616,inst
W37253703,inter
W37391854,inter
W375811165,inter
W377226762,inter
W3773308,inter
W377632744,inter
W38000629,inst
W380766533,inter
W38968101,inter
W390444390,inter
W391050230,inter
W39174473,inter
W3954319,inter
W39596467,inter
W397102730,inter
W39790823,inst
W398858011,inter
W398859631,inter
W40010790,inter
W40680864,inter
W40735142,inter
W408626129,inter
W409166618,inter
W4117118,inter
W41554520,top tier
W41649822,uni
W4200029159,inter
W4200029245,inst
W4200036097,inter
W4200042052,inter
W4200058800,inter
W4200068644,inter
W4200077306,inter
W4200079780,inter
W4200084503,inter
W4200124967,inter
W4200135340,inter
W4200149472,inter
W4200150297,inter
W4200158627,inter
W4200162071,inter
W4200168556,inst
W4200173179,inter
W4200182440,inter
W4200182641,inter
W4200182742,inter
W4200188712,inter
W4200198743,inter
W4200200594,inter
W4200205104,inter
W4200208434,inter
W4200226935,inter
W4200234277,inter
W4200238798,inter
W4200252192,inter
W4200252270,inter
W4200262901,inst
W4200263547,inter
W4200276637,inter
W4200282546,inter
W4200304514,inter
W4200309501,inter
W4200320624,inter
W4200355828,inter
W4200367758,inter
W4200367987,inter
W4200369700,inter
W4200409353,inter
W4200411229,inter
W4200480415,inter
W4200493858,inter
W4200498482,uni
W4200506249,inter
W4200512718,inter
W4200518910,inter
W4200521225,inter
W4200541371,inter
W4200550314,inst
W4200551480,inst
W4200558281,inst
W4200572403,inter
W4200575556,inter
W4200591460,inter
W4200592512,inst
W4200599486,inter
W4200610861,inter
W4200611524,inter
W4200617671,inter
W4200628964,inst
W4200634330,inter
W4205097308,uni
W4205106731,inter
W4205108290,inter
W4205126040,inter
W4205127725,inter
W4205129187,inter
W4205167633,inter
W4205171481,inter
W4205182035,inter
W4205190944,inter
W4205208902,inter
W4205216637,inst
W4205224890,inter
W4205244384,inter
W4205250574,inter
W4205260620,inter
W4205302377,inst
W4205306821,inter
W4205313422,inter
W4205328681,inst
W4205342794,uni
W4205358622,inter
W4205398292,inter
W4205417196,inter
W4205450751,inst
W4205471131,inter
W4205471347,inter
W4205474609,inter
W4205477833,inter
W4205478771,inter
W4205494290,inter
W4205500180,inter
W4205513003,inst
W4205528918,inst
W4205538429,uni
W4205540217,inter
W4205540438,uni
W4205542795,inter
W4205545589,inter
W4205566938,inter
W4205606066,inter
W4205607412,inter
W4205612322,inter
W4205616158,inter
W4205627906,inter
W4205640019,inter
W4205643891,inter
W4205702048,inter
W4205728079,inter
W4205749087,inter
W4205749476,inter
W4205753191,inter
W4205814244,inter
W4205834389,inter
W4205851775,inter
W4205854022,inter
W4205864049,inter
W4205901795,inter
W4205921491,inter
W4205923499,inter
W4205946715,inter
W4205948945,inter
W4206010938,inter
W4206031910,inter
W4206046983,inter
W4206102961,inter
W4206107273,uni
W4206110783,inter
W4206116481,inst
W4206119900,inter
W4206137329,inter
W4206137679,inter
W4206161246,inter
W4206169166,inst
W4206171179,inter
W4206174637,inter
W4206181680,inter
W4206192903,inter
W4206210157,inter
W4206225876,inter
W4206243574,inter
W4206247924,inter
W4206262605,inter
W4206268789,inter
W4206324092,inter
W4206346323,inter
W4206346441,inter
W4206364378,inter
W4206401551,inter
W4206410708,inter
W4206437641,inter
W4206490792,inter
W4206495986,inter
W4206510025,inter
W4206518722,inter
W4206537410,inter
W4206545993,inter
W4206550928,inter
W4206573673,inter
W42065797,inter
W4206582683,inter
W4206584038,inter
W4206586402,inter
W4206589716,inter
W4206598149,inter
W4206607967,inter
W4206611316,inter
W4206630865,inter
W4206638406,inter
W4206644911,inter
W4206650383,inter
W4206651265,inter
W4206661107,inter
W4206665214,inter
W4206667141,inter
W4206671592,inst
W4206686222,inter
W4206709449,inter
W4206733017,inter
W4206767299,inter
W4206803190,inter
W4206900626,inter
W4206957930,inter
W4207031900,inter
W4210250367,inst
W4210277052,inter
W4210306814,inter
W4210309948,inter
W4210324263,inter
W4210325695,inter
W4210379867,inter
W4210383390,inter
W4210397446,inter
W4210414240,inst
W4210414809,inter
W4210416950,inter
W4210424320,inter
W4210424423,inter
W4210426556,inter
W4210435842,inter
W4210436046,inter
W4210485920,inter
W4210490391,inter
W4210513169,inter
W4210519079,inter
W4210521336,inter
W4210528790,inst
W4210541676,inst
W4210568036,inter
W4210570715,inter
W4210578413,inter
W4210589816,inter
W4210593721,inter
W4210594418,inter
W4210605124,inter
W4210611527,inter
W4210611912,inter
W4210624319,inst
W4210643767,inter
W4210667830,inter
W4210680502,inter
W4210682884,uni
W4210689502,inter
W4210696663,inter
W4210705881,inter
W4210706177,inter
W4210712880,inter
W4210731907,inter
W4210738268,inter
W4210751653,inst
W4210777408,inter
W4210781233,inter
W4210783895,inst
W4210822358,inst
W4210851361,inter
W4210852771,inter
W4210871647,inter
W4210881473,inter
W4210886820,inter
W4210905120,inter
W4210907247,inter
W4210921523,inter
W4210937677,inter
W4210940616,inter
W4210941603,inter
W4210954754,inter
W4210966338,inter
W4210970266,inter
W4210984003,inter
W4211005103,inter
W4211005167,inter
W4211007335,inter
W4211008702,inter
W4211011841,uni
W4211016844,inter
W4211022387,inter
W4211047985,inter
W4211059094,inter
W4211061250,inter
W4211061444,inter
W4211068006,top tier
W4211072486,inter
W4211075641,inter
W4211091685,inter
W4211117519,inst
W4211133859,inter
W4211134195,inter
W4211139085,inter
W4211141234,inst
W4211152208,inter
W4211165289,inter
W4211171368,inter
W4211172759,uni
W4211178993,inter
W4211180708,inter
W4211216582,inter
W4211217688,inter
W4211232468,inter
W4211246278,inter
W4211249255,inter
W4211249375,inter
W4211252461,inter
W4211254576,inter
W4211265043,inter
W4212765562,inter
W4212774754,top tier
W4212779438,inter
W4212783130,inter
W4212796401,inter
W4212797214,inst
W4212797526,inter
W4212810860,inter
W4212836229,inter
W4212851455,inter
W4212853273,inter
W4212874935,inst
W4212877541,inter
W4212879714,inter
W4212883601,top tier
W4212892091,inter
W4212903403,inst
W4212924738,inter
W4212924860,inter
W4212927317,inter
W4212930242,inter
W4212985932,inter
W4213011558,inter
W4213011964,inter
W4213018121,inter
W4213036076,inter
W4213046954,inter
W4213054065,inst
W4213060235,inter
W4213065821,inter
W4213067203,uni
W4213090963,inter
W4213104890,inter
W4213117259,inter
W4213127582,inter
W4213178595,inter
W4213182376,inter
W4213186888,inter
W4213219894,uni
W4213224406,inter
W4213234812,inter
W4213245422,inter
W4213273245,inst
W4213276648,inter
W4213349860,inter
W4213350443,inst
W4213353052,inst
W4213367101,inst
W4213370488,inter
W4213375579,inter
W4213426032,inter
W4213431204,inter
W4213435190,inter
W4213443587,inter
W4213445692,inter
W4213446031,inter
W4213446039,inter
W4213448876,inst
W4213449907,inter
W4213451626,inst
W4213452555,inter
W4214443,inter
W4214482316,inter
W4214516975,inst
W4214524813,uni
W4214532627,inter
W4214550350,inter
W4214553437,inter
W4214567298,inter
W4214576030,inter
W4214611271,inter
W4214617376,inter
W4214621769,uni
W4214634366,inst
W4214649671,inst
W4214671388,inter
W4214677562,inter
W4214680009,inter
W4214693350,inter
W4214699222,inter
W4214717370,top tier
W4214772975,inst
W4214773815,inter
W4214806317,inst
W4214810252,inter
W4214819060,inter
W4214830936,uni
W4214834333,inter
W4214851077,inter
W4214877181,inter
W4214894535,inter
W4214917204,inter
W4214931895,inter
W4214932510,inter
W4214935591,inter
W4214951099,inter
W42204834,inter
W4220654399,inter
W4220656193,inter
W4220656594,inst
W4220659807,inter
W4220660815,inter
W4220661031,inter
W4220675376,inter
W4220676999,inter
W4220685517,inter
W4220686399,inter
W4220686917,inter
W4220688075,inter
W4220688317,inter
W4220695820,inst
W4220699903,inst
W4220701676,inst
W4220706374,inst
W4220710328,inst
W4220712670,inter
W4220715517,inter
W4220723330,inter
W4220725039,inter
W4220725955,inst
W4220734526,inter
W4220742835,inter
W4220743109,inter
W4220748807,inter
W4220752614,inter
W4220753506,inter
W4220755141,inter
W4220765315,inter
W4220772272,inter
W4220773921,inter
W4220777230,inter
W4220782936,inter
W4220801109,inter
W4220816651,inter
W4220828545,inter
W4220833946,inst
W4220845512,inter
W4220858019,inter
W4220871331,inter
W4220882176,inter
W4220884761,inter
W4220886040,inter
W4220895264,inter
W4220896321,inter
W4220897912,inter
W4220902589,inter
W4220907602,inst
W4220907810,inter
W4220912476,inter
W4220915531,inter
W4220935419,inter
W4220935829,inter
W4220948055,inter
W4220955744,inter
W4220957296,inter
W4220968781,inter
W4220987782,inter
W4220992302,inter
W4221002614,inter
W4221012703,inter
W4221028082,inter
W4221036444,inter
W4221040097,inter
W4221044012,inter
W4221045135,inst
W4221050424,inter
W4221053001,inter
W4221053294,inter
W4221066033,inter
W4221070309,inter
W4221070434,inter
W4221074226,inst
W4221076141,inter
W4221089512,inter
W4221089815,inter
W4221092982,inter
W4221098431,inter
W4221108250,inter
W4221115049,inter
W4221125298,inter
W4221130221,inter
W4221132134,inter
W4221140034,inter
W4221141618,inter
W4221143904,inter
W4221146321,inter
W4221153153,inter
W4221165117,inter
W4223426179,inter
W4223432929,inter
W4223437154,inst
W4223479306,inter
W4223480828,inter
W4223487833,inter
W4223556476,inter
W4223561153,inst
W4223588297,inter
W4223588439,inter
W4223594500,inter
W4223599723,inter
W4223601593,inter
W4223626909,inter
W4223646441,inter
W4223937247,inter
W4223952164,uni
W4223957679,inter
W4224019464,inst
W4224020718,inter
W4224054313,uni
W4224056225,inst
W4224076143,inter
W4224087782,inter
W4224093067,inst
W4224116530,inter
W4224139907,inter
W4224209922,inter
W4224219744,inter
W4224220091,inst
W4224220262,inter
W4224222011,inter
W4224225332,inter
W4224237294,inter
W4224251177,inter
W4224251405,uni
W4224261758,inter
W4224265308,uni
W4224286995,inter
W4224289296,inter
W4224292546,inst
W4224296764,inter
W4224303029,inter
W4224303859,inter
W4224304558,inst
W4224305317,inter
W4224602519,inter
W4224878647,inter
W4224919439,inter
W4224931234,inter
W4224950134,inter
W4225098379,inst
W4225114726,inter
W4225117697,inst
W4225140125,inter
W4225140359,inter
W4225143221,inter
W4225148274,inst
W4225155571,inter
W4225156005,inter
W4225269870,inter
W4225270933,uni
W4225271295,inter
W4225279788,inst
W4225288501,inst
W4225293050,inter
W4225308794,inter
W4225310539,inst
W4225395032,inter
W4225397093,inter
W4225515086,inter
W4225524217,inter
W4225531527,inter
W4225537521,inter
W4225558885,inter
W4225593880,inter
W4225612062,uni
W4225647732,uni
W4225650823,inter
W4225662012,inter
W4225726692,inst
W4225730500,inter
W4225747846,inst
W4225796356,inter
W4225833995,inst
W4225857455,inst
W4225857838,inst
W4225908341,inter
W4225931507,inter
W4225966677,inter
W4225981475,inter
W4226019100,inter
W4226020228,inter
W4226020596,inter
W4226043105,inter
W4226048147,inter
W4226048358,inter
W4226052399,inter
W4226061398,inter
W4226062099,inter
W4226076418,inter
W4226078024,inter
W4226078720,inter
W4226081207,inst
W4226081899,inter
W4226095941,inter
W4226096760,inter
W4226106744,inter
W4226148475,inter
W4226178922,inter
W4226187619,inst
W4226242831,inter
W4226290720,inter
W4226291055,inter
W4226315262,inter
W4226316661,inter
W4226343301,uni
W4226348023,inst
W4226371509,inter
W4226395110,inter
W4226424903,inst
W4226426325,inst
W4226431592,inter
W4226435948,inter
W4226445422,inst
W4226451177,inter
W4226485672,inter
W4226528208,inst
W4229016095,inter
W4229017489,inter
W4229020403,uni
W4229027940,inter
W4229045155,inter
W4229046377,inter
W4229049871,inter
W4229070285,inter
W4229072189,inter
W4229333054,inter
W4229365929,inter
W4229366997,inter
W4229367658,inter
W4229443156,inter
W4229453673,inter
W4229454663,inter
W4229507690,inter
W4229539396,inter
W4229568859,inter
W4229637716,inter
W4229688926,inter
W4229695066,inter
W4229900249,inter
W4229922087,inter
W4229954146,top tier
W4230030242,inst
W4230072782,inst
W4230090906,inter
W4230099340,inter
W4230144752,inter
W4230209614,inter
W4230274253,inter
W4230289604,inst
W4230608978,inst
W4230609379,inter
W4230614874,inter
W4230624213,inst
W4230647739,inter
W4230705002,inter
W4230719387,inter
W4230846333,inst
W4230852370,inter
W4230945370,inter
W4230965853,inter
W4230982142,inter
W4230989867,inter
W4230998382,inst
W4231109964,inter
W4231221079,inter
W4231339499,inter
W4231402167,inst
W4231445347,inter
W4231517789,inter
W4231566093,inter
W4231634786,inter
W4231644720,inter
W4231753281,inst
W4231846789,inter
W4231934124,inst
W4231971748,inter
W4232023503,inter
W4232041434,inter
W4232043460,inter
W4232085393,inst
W4232093111,inst
W4232187275,inter
W4232284301,inst
W4232301427,inter
W4232428446,inter
W4232430140,inter
W4232688612,inter
W4232714830,inst
W4232751114,inter
W4232804848,inter
W4232836212,inter
W4232922629,inter
W4232931688,inst
W4232980324,inter
W4233095313,inter
W4233110100,inter
W4233118564,inter
W4233135949,inst
W4233246952,inter
W4233294977,inter
W4233463705,inter
W4233499259,inter
W4233534105,inst
W4233760227,inter
W4233857083,top tier
W4233917666,inter
W4233925711,inter
W4234048677,inter
W4234074216,inst
W4234108538,inst
W4234132957,inter
W4234138276,inter
W4234229848,inter
W4234251183,inter
W4234263945,inst
W4234366693,inter
W4234390533,inter
W4234392772,inst
W4234488432,inter
W4234510622,inter
W4234511568,inter
W4234587084,inter
W4234605946,inst
W4234620897,inter
W4234669735,inter
W4234682775,inter
W4234801042,inter
W4234850770,inst
W4234871637,inter
W4234919663,inter
W4234937440,inter
W4234960108,inst
W4235002328,inter
W4235077482,inter
W4235136023,inter
W4235216226,inst
W4235261014,inter
W4235288268,inst
W4235295823,inter
W4235375376,inter
W4235385348,inter
W4235435541,inter
W4235472783,inter
W4235535008,inter
W4235561357,inter
W4235587569,inter
W4235593161,inter
W4235645871,uni
W4235681376,inter
W4235737927,inter
W4235770099,inst
W4235786516,inst
W4235965783,inter
W4236094608,inter
W4236099117,inter
W4236137412,top tier
W4236154909,inter
W4236202168,inter
W4236266935,inter
W4236268537,uni
W4236287335,inter
W4236338163,inter
W4236413252,inter
W4236444653,inter
W4236474156,inter
W4236597936,inter
W4236606899,inter
W4236626610,inter
W4236630153,inter
W4236638837,inter
W4236688805,inter
W4236715026,inst
W4236786653,inter
W4236796471,inter
W4236853429,inter
W4236953379,uni
W4236957397,inter
W4236959802,inter
W4236981415,inter
W4237011330,inter
W4237041209,inter
W4237065586,inst
W4237157313,inter
W4237172542,inter
W4237179884,inst
W4237186293,inter
W4237251553,inter
W4237344571,inter
W4237357845,inter
W4237421257,inst
W4237430618,inter
W4237515752,inter
W4237544107,inter
W4237606750,inter
W4237611783,uni
W4237622302,inter
W4237653475,uni
W4237786823,uni
W4238003998,inter
W4238109388,inst
W4238113830,inter
W4238270389,inst
W4238318916,inter
W4238338226,inter
W4238466553,inter
W4238476000,inst
W4238530616,inter
W4238549726,inst
W4238581586,inter
W4238611010,inter
W4238619438,inter
W4238661593,uni
W4238702076,inter
W4238782688,inter
W4238808508,inter
W4238812503,inter
W4238847937,inter
W4238865235,inter
W4238924195,inter
W4238929276,inter
W4238948521,inter
W4238961266,inter
W4238973935,inst
W4239035626,inter
W4239116953,inter
W4239119237,inter
W4239181501,inter
W4239194948,inst
W4239409840,inst
W4239465939,inter
W4239496300,inter
W4239510810,top tier
W4239515884,inter
W4239560622,inter
W4239583140,inter
W4239588687,inter
W4239589759,inst
W4239614637,inter
W4239646899,inter
W4239654162,inst
W4239672913,inst
W4239696231,top tier
W4239761798,inter
W4239784669,inter
W4239813889,inter
W4240046008,inst
W4240091567,inter
W4240146388,inter
W4240168186,inter
W4240200084,inter
W4240226474,inter
W4240267682,inter
W4240330182,inter
W4240330368,inter
W4240363966,inst
W4240407914,inter
W4240544076,inst
W4240545424,inter
W4240555197,inter
W4240590305,uni
W4240606093,inter
W4240755715,inst
W4240778903,inter
W4240875859,inter
W4240913316,inst
W4240982339,inter
W4241071816,inter
W4241107925,inter
W4241149828,inter
W4241151676,inter
W4241296450,inter
W4241304885,inter
W4241345400,uni
W4241361942,inter
W4241410512,inter
W4241413379,inter
W4241502551,inter
W4241533576,inter
W4241572510,inter
W4241640108,inter
W4241727697,inter
W4241912390,inst
W4241979701,uni
W4242059876,inter
W4242094059,inter
W4242129433,inter
W4242194656,inter
W4242376211,inter
W4242399520,inst
W4242418714,inter
W4242446209,inter
W4242534230,inter
W4242571098,inter
W4242624869,uni
W4242648275,inst
W4242702158,inter
W4242721750,inst
W4242737294,inter
W4242757675,inter
W4242761021,inter
W4243000875,inst
W4243105795,uni
W4243127898,inter
W4243132303,inter
W4243235114,inter
W4243335696,inter
W4243443630,inst
W4243551976,inter
W4243575190,inter
W4243704736,inter
W4243778209,inter
W4243779250,inter
W4243816842,inter
W4243997082,inter
W4244061993,inter
W4244098250,inter
W4244157805,inter
W4244190658,inst
W4244238212,inter
W4244325127,inter
W4244341441,inst
W4244391555,inter
W4244478014,inter
W4244493737,inst
W4244520147,inter
W4244525603,inter
W4244583165,inter
W4244613213,inter
W4244634541,inst
W4244778151,inst
W4244854666,inter
W4244891156,inter
W4244985291,inter
W4245105903,inter
W4245123941,uni
W4245152641,inter
W4245179609,inter
W4245200923,inter
W4245359313,inter
W4245422202,inter
W4245431487,inter
W4245443308,inter
W4245494618,inter
W4245503135,uni
W4245524709,inter
W4245525132,inst
W4245548141,uni
W4245624634,inter
W4245674526,inter
W4245681192,inter
W4245743390,inter
W4245759828,inter
W4245834773,inter
W4245851057,inter
W4246001380,inter
W4246116521,inter
W4246147816,inter
W4246166885,inter
W4246185962,inter
W4246351026,inter
W4246467599,inter
W4246482510,inter
W4246495354,inter
W4246504299,inter
W4246701807,inter
W4246726420,inter
W4247032989,inter
W4247047468,inter
W4247316974,inter
W4247360309,uni
W4247361710,inter
W4247446713,inter
W4247470470,inter
W4247497180,uni
W4247658683,inter
W4247760752,inter
W4247777826,inter
W4247801242,inst
W4247820994,inter
W4247842874,inter
W4247851660,inter
W4247914586,inter
W4247934393,inter
W4247954039,inst
W4248175462,top tier
W4248176891,inter
W4248211712,inter
W4248304976,inter
W4248374395,inter
W4248400866,inter
W4248480789,inter
W4248506240,inter
W4248535267,inter
W4248598408,inter
W4248635988,inter
W4248854790,inter
W4248936881,inter
W4248993634,inter
W4249006057,inter
W4249179244,inter
W4249224771,inter
W4249247926,inst
W4249279051,inst
W4249303080,top tier
W4249314364,inter
W4249333633,inter
W4249414013,uni
W4249419403,inter
W4249447858,inter
W4249474134,inter
W4249516033,inter
W4249516290,inter
W4249572517,inter
W4249710618,inter
W4249749961,inter
W4249771336,inter
W4249803043,inst
W4249823756,inter
W4249835868,inter
W4249923717,inter
W4249932213,inter
W4250060047,inter
W4250089123,inter
W4250091964,inter
W4250098481,inter
W4250119568,inter
W4250138412,inter
W4250276807,inter
W4250313873,inter
W4250498021,inter
W4250551670,inter
W4250619922,inter
W4250848060,inter
W4250896335,inter
W4250952223,inter
W4250988145,inter
W4251000960,inter
W4251038806,inter
W4251099593,inter
W4251113088,inter
W4251246987,inter
W4251356307,inter
W4251360957,inst
W4251424638,inter
W4251431888,inter
W4251499002,inter
W4251534053,inter
W4251575039,uni
W4251585885,inter
W4251616232,inter
W4251630043,inst
W4251650943,inter
W4251696430,inter
W4251710990,inter
W4251766404,inter
W4251797957,inter
W4251801989,inst
W4251823894,inter
W4251893211,inter
W4251896235,inter
W4251932919,inter
W4251952124,uni
W4252076394,inter
W4252113473,inter
W4252148183,inter
W4252208312,inter
W4252211664,inter
W4252364404,inter
W4252430366,inter
W4252492874,inter
W4252580868,inter
W4252661259,inter
W4252742548,inter
W4252824811,inter
W4253015536,inter
W4253151903,inter
W4253153980,inter
W4253165142,inst
W4253165448,inter
W4253230542,inter
W4253248772,inter
W4253295524,inter
W4253308564,inter
W4253407057,inter
W4253570602,inter
W4253581382,inter
W4253629981,inter
W4253648186,inter
W4253708194,inter
W4253724857,inst
W4253729210,inter
W4253799996,inter
W4253881899,inter
W4253898506,inter
W4253935083,inter
W4254197176,inst
W4254272708,inter
W4254310215,inter
W4254407586,inter
W4254488749,inter
W4254521307,uni
W4254522945,inter
W4254605472,inter
W4254679817,inter
W4254852668,inter
W4254945490,inter
W4254952533,inter
W4254959137,inter
W4254983785,inter
W4255023712,inter
W4255026250,inter
W4255033750,inter
W4255050511,inst
W4255055056,inter
W4255084356,inter
W4255137765,inter
W4255141702,inter
W4255156621,inter
W4255158661,inter
W4255233578,inter
W4255264342,inter
W4255267801,inter
W4255306344,inter
W4255424128,inter
W4255431924,inter
W4255466416,inter
W4255469293,inter
W4255472118,inter
W4255479000,uni
W4255535209,inter
W4255539776,inter
W4255560897,inter
W4255593377,inter
W4255720866,inter
W4255775921,inter
W4255779515,inst
W4255868445,inter
W4255879572,inter
W4255907350,inst
W4255932728,inter
W4255958015,inter
W4255983217,inter
W4256025236,inst
W4256046779,inter
W4256084543,inst
W4256117910,inter
W4256143062,inter
W4256251536,inter
W4256266878,inter
W4256302869,inter
W4256358309,inter
W4256386389,inst
W4256412718,inter
W4256495659,inter
W4256515882,inter
W4256524787,inst
W4256577192,inst
W4256648168,inter
W4266367,inter
W42780853,inter
W4280488706,inter
W4280490145,inst
W4280493322,inter
W4280493558,inter
W4280496369,inter
W4280502774,inter
W4280519736,inter
W4280520331,inter
W4280521791,inter
W4280530100,inter
W4280535994,inter
W4280538301,inter
W4280544425,inter
W4280546657,inter
W4280550952,inter
W4280572044,inst
W4280589156,inter
W4280596909,inter
W4280598028,inter
W4280599861,uni
W4280604366,inter
W4280618027,inter
W4280618237,inter
W4280620895,inter
W4280624090,inter
W4280624426,inter
W4280624446,inter
W4280625410,inter
W4280634355,inter
W4280635641,inter
W4280638686,inter
W4280645289,inter
W4281264715,inter
W4281287860,inter
W4281388212,inter
W4281399463,inter
W4281477005,inter
W4281481946,inter
W4281489207,inter
W4281489756,inter
W4281489774,inter
W4281557239,inter
W4281558021,inter
W4281560773,inter
W4281566487,inter
W4281606134,inst
W4281606414,inter
W4281615114,inter
W4281624523,inter
W4281632248,inter
W4281632800,inter
W4281638644,inter
W4281647306,inst
W4281654396,inst
W4281657794,inst
W4281659335,inst
W4281670944,inter
W4281671298,inter
W4281678902,inst
W4281687083,inter
W4281690394,inter
W4281697550,inst
W4281701999,inter
W4281709122,inter
W4281710797,inter
W4281720074,inter
W4281728883,inter
W4281733819,inter
W4281743154,inter
W4281762256,inst
W4281764247,inter
W4281772057,inter
W4281774860,inter
W4281779060,inter
W4281783021,inter
W4281812499,inter
W4281852323,inst
W4281862314,inter
W4281890657,inter
W4281928796,inter
W4281956361,inst
W4281967295,inter
W4281990108,inter
W4282831800,inter
W4282837255,inter
W4282838630,inter
W4282913408,inter
W4282926473,inter
W4282932342,inter
W4282946461,inter
W4282959697,inter
W4282962427,inter
W4282972845,inter
W4282982231,inter
W4283009311,inter
W4283019128,inter
W4283021023,inter
W4283023197,inter
W4283071258,inter
W4283075725,inter
W4283121583,inter
W4283158638,inter
W4283164137,uni
W4283168382,inter
W4283208859,inter
W4283216862,inter
W4283266813,inst
W4283314431,inter
W4283314621,inter
W4283319958,inst
W4283365650,inter
W4283384802,inter
W4283397032,inter
W4283397047,inst
W4283458102,inter
W4283465138,inter
W4283515566,inter
W4283522051,inter
W4283528505,inter
W4283643189,inter
W4283652767,inter
W4283659849,inter
W4283690107,inter
W4283698461,inter
W4283741505,inter
W4283754229,inter
W4283758292,inter
W4283780790,inter
W4283786398,inter
W4283791586,inter
W4283792641,inter
W4283796083,inter
W4283803178,inter
W4283820301,inter
W4283824872,inst
W4283834902,inter
W4283835713,inst
W4284670538,inter
W4284673343,inter
W4284676027,inst
W4284693098,inter
W4284702108,inst
W4284704402,inter
W4284709102,inter
W4284713852,inter
W4284880671,inter
W4284881063,inter
W4284881142,inter
W4284882219,inter
W4284889358,inter
W4284894208,inter
W4284895341,inter
W4284898653,inter
W4284958596,inter
W4284961647,inter
W4284967716,inter
W4284975711,inter
W4284978038,inter
W4284994113,inter
W4285005369,inter
W4285011151,uni
W4285012371,inter
W4285021589,inter
W4285026379,inter
W4285061161,inter
W4285061313,inter
W4285095295,inter
W4285095391,inter
W4285102371,inst
W4285103008,inter
W4285111118,inter
W4285113911,inter
W4285115083,inter
W4285121428,inter
W4285122268,inst
W4285132393,inter
W4285134258,inter
W4285137681,inter
W4285141652,inter
W4285151947,inter
W4285158634,inter
W4285160398,inter
W4285170919,inter
W4285175926,inter
W4285177210,inter
W4285182874,inst
W4285186923,inter
W4285197395,inter
W4285199222,inter
W4285213538,inter
W4285214376,inter
W4285214623,inter
W4285224718,inter
W4285227384,inter
W4285231007,inter
W4285249201,inter
W4285254309,inter
W4285256561,inter
W4285257483,inter
W4285257641,inter
W4285258652,inter
W4285259169,inter
W4285263436,inter
W4285272435,inter
W4285274733,inter
W4285280530,inter
W4285287442,inter
W4285290430,inter
W4285296563,inter
W4285300736,inter
W4285301881,inter
W4285305737,inst
W4285308115,uni
W4285340650,inter
W4285345751,inter
W4285386825,inter
W4285387016,inter
W4285390975,inter
W4285404761,inter
W4285490441,inst
W4285507643,inter
W4285587151,inst
W4285604261,inter
W4285607116,inter
W4285676605,inter
W4285678688,inter
W4285682240,inter
W4285728975,inter
W4285731820,inter
W4285732179,inter
W4285737630,inter
W4285791472,inter
W4285799990,inter
W4285801505,inter
W4285802623,inter
W4285821697,inter
W4285821819,inter
W4285983629,inter
W4286001073,inter
W4286252728,inter
W4286255938,inter
W4286257052,inter
W4286377354,inter
W4286433645,inter
W4286487916,inter
W4286488966,inst
W4286560560,inter
W4286579603,inter
W4286587365,inter
W4286615305,inter
W4286628155,inter
W4286632505,inter
W4286635298,inst
W4286655947,inter
W4286681622,inter
W4286792124,inst
W4286909438,inter
W4287080402,uni
W42871350,uni
W4287148520,inter
W4287148657,inter
W4287447679,inter
W4287448733,uni
W4287512208,inter
W4287836197,inter
W4287844702,inter
W4287879020,inter
W4287887678,inter
W4287889738,inst
W4288041928,inter
W4288052204,inter
W4288057728,inter
W4288057741,inter
W4288060482,inter
W4288062238,inter
W4288062260,inter
W4288064731,inter
W4288070321,inter
W4288074668,inter
W4288083516,inter
W4288441207,inter
W4288447370,inter
W4288740978,inter
W4288855873,inter
W4289101224,inter
W4289108929,inst
W4289110177,inter
W4289130666,inter
W4289260007,inter
W4289313429,inter
W4289334519,inter
W4289523693,inter
W4289530011,inter
W4289535197,inter
W4289544262,inter
W4289545090,inter
W4289549910,inter
W4289636705,uni
W4289654500,inter
W4289704861,inter
W4289705134,inst
W4289755444,inter
W4289792603,inter
W4289793746,inter
W4289823585,uni
W4289912894,inter
W4290041864,inter
W4290052546,inst
W4290465991,inter
W4290474734,inter
W4290647413,inter
W4290671759,inter
W4290702480,inter
W4290710595,inter
W4290772575,inst
W4290793036,inter
W4290793789,inst
W4290851800,inst
W4290879873,inst
W4290927906,inter
W4290928793,inter
W4290973502,inter
W4290990971,inter
W4290994941,inter
W4290995062,inst
W4290996249,inter
W4290996468,inter
W4290996521,inter
W4290996887,inter
W4290997260,inter
W4291015545,inter
W4291020694,inter
W4291201619,inter
W4291280482,inter
W4291288469,inst
W4291383685,inst
W4291464778,inter
W4291670519,inter
W4291733787,inter
W4291733828,inter
W4291824945,inter
W4291910516,inter
W4291972591,inter
W4292065984,inter
W4292078529,inter
W4292083457,inter
W4292084264,inter
W4292089263,inst
W4292095448,inter
W4292136501,inter
W4292199645,inter
W4292223570,inter
W4292240685,inter
W4292246401,inter
W4292253836,inter
W4292263648,inter
W4292283738,inter
W4292337228,inst
W4292347930,inst
W4292363360,top tier
W4292373368,inter
W4292403337,inter
W4292409490,inter
W4292483811,inter
W4292513117,inter
W4292523080,inter
W4292566458,inter
W4292596009,inter
W4292615794,inter
W4292688159,inter
W4292707903,inter
W4292721742,inter
W4292767238,uni
W4292787445,inter
W4292794770,inter
W4292825894,inter
W4292826078,inter
W4292828369,inter
W4292864963,inter
W4293032004,inter
W4293055827,inter
W4293057051,inter
W4293066543,inst
W4293077571,inter
W4293094644,inter
W4293106277,inter
W4293146779,inter
W4293171766,inter
W4293173913,uni
W4293195477,inter
W4293195587,inter
W4293211252,inter
W4293218294,inter
W4293218370,inter
W4293220742,inter
W4293227336,inter
W4293237476,inter
W4293248590,inter
W4293317991,inter
W4293370654,uni
W4293385102,inter
W4293498915,inter
W4293499312,inter
W4293536249,inter
W4293566735,uni
W4293567576,inter
W4293574637,inter
W4293659930,inter
W4293691687,inter
W4293718652,inter
W4293763026,inter
W4293778593,inter
W4293783474,inst
W4293802560,inter
W4293805729,inter
W4293812090,inter
W4293861233,inst
W4294068600,inter
W4294199294,uni
W4294325388,inter
W4294541781,top tier
W4294564724,inter
W4294570726,inter
W4294643307,inter
W4294653840,inter
W4294672459,inter
W4294691675,inter
W4294719209,inst
W4294796650,inter
W4294811243,inter
W4294811403,inter
W4294811417,inter
W4294811474,inter
W4294975742,inter
W4294991341,inter
W4295046748,inter
W4295066973,inter
W4295079739,inter
W4295141434,inter
W4295185285,inter
W4295185290,inter
W4295261510,inter
W4295277049,inst
W4295290086,inter
W4295308370,inter
W4295308640,inter
W4295338482,inter
W4295353199,inter
W4295358303,inter
W4295679050,inst
W4295700920,inst
W4295815789,inter
W4295832473,inter
W4295854586,inter
W4295884671,inter
W4295955613,inter
W4296025764,inter
W4296068317,inter
W4296079469,inter
W4296182416,inter
W4296262844,inter
W4296311540,inter
W4296425813,inter
W4296455779,inter
W4296472808,inter
W4296473472,inst
W4296519302,inst
W4296523782,inter
W4296640251,inter
W4296663440,inter
W4296665794,inter
W4296668291,inter
W4296705543,inter
W4296709256,inter
W4296757994,inter
W4296777868,inter
W4296885680,inter
W4296982580,inter
W4297051846,inter
W4297063766,inter
W4297070368,inter
W4297087989,inter
W4297094407,inter
W4297094594,inter
W4297094732,inter
W4297094747,inter
W4297229775,inter
W4297238494,uni
W4297283060,inter
W4297312352,inter
W4297372085,inst
W4297459897,inter
W4297502246,inter
W4297830654,inter
W4297841651,inst
W4297895651,inst
W4297903178,inter
W4297911801,inter
W4297914802,inter
W4297917482,inter
W4297964528,inter
W4297964764,inter
W4297970783,inter
W4297997981,inter
W4298009644,inter
W4298101593,inter
W4298285000,inter
W4298326929,inst
W4298330432,inst
W4298471261,inter
W4298869031,inter
W4299111111,inter
W4299398647,inter
W4299432846,inter
W4299515571,inter
W4299559948,inter
W4299783144,inter
W4299999595,inter
W4300060415,inter
W4300113520,inst
W4300171258,inter
W4300303686,inter
W4300463251,inter
W4300484399,inter
W4300596950,inter
W4300611460,inter
W4300629176,inter
W4300630742,uni
W4300688419,inter
W4300709196,inter
W4300815771,inter
W4300844152,inter
W4300863599,inter
W4300874258,inter
W4300874750,inter
W4300963338,inter
W4300964748,inter
W4301253858,inter
W4301264738,inter
W4301368529,inter
W4301524954,inter
W4301600391,inter
W4301661978,inter
W4301953474,inter
W4302027439,inter
W4302283644,inter
W4302363089,inter
W4302383595,inter
W4302415282,inter
W4302734258,inter
W4302773394,inter
W4303438740,inst
W4303446498,inter
W4303520614,inter
W4303578905,inter
W4303579230,inter
W4303614591,inter
W4303614630,inter
W4303986307,inter
W4303986338,inter
W4304080478,inter
W4304080567,inter
W4304092248,inter
W4304092679,inter
W4304092853,inter
W4304098292,inter
W4304128080,inter
W4304172496,inter
W4304592612,inter
W4304606841,inter
W4304688792,inter
W4304892677,inter
W4304991345,inter
W4306160489,inter
W4306252481,inst
W4306318700,inst
W4306320307,inter
W4306386450,inst
W4306393222,inter
W4306393283,inter
W4306407337,inter
W4306409533,inter
W4306632394,inter
W4306644795,inter
W4306650020,inter
W4306658293,inst
W4306664172,inter
W4306682686,inter
W4306711220,inter
W4306728530,inter
W4306755471,inter
W4306832857,inter
W4306902080,inst
W4306920798,inter
W4306928427,inter
W4306962651,inter
W4307111204,inter
W4307112082,inter
W4307154428,inter
W4307176612,inter
W4307180312,inter
W4307182563,inter
W4307220356,inter
W4307256178,inst
W4307268244,inter
W4307274160,inter
W4307280064,uni
W4307303301,inter
W4307411952,inter
W4307494192,inst
W4307540151,inter
W4307556067,inter
W4307570299,uni
W4307647942,inter
W4307658483,inter
W4307723022,inter
W4307726662,inter
W4307751771,inter
W4307829090,inter
W4307864332,inter
W4307871426,inter
W4307897470,inter
W4307959917,inter
W4308016342,inter
W4308034629,inter
W4308041701,inter
W4308042171,inter
W4308043267,inter
W4308100956,inter
W4308156983,inter
W4308197242,inter
W4308293019,inter
W4308331683,inter
W4308361262,inter
W4308364487,inter
W4308391688,inter
W4308432135,inter
W4308448078,inter
W4308459823,inter
W4308487017,inter
W4308494315,inter
W4308501803,inter
W4308525291,inter
W4308550530,inter
W4308579925,inter
W4308596141,inter
W4308642762,inter
W4308643086,inst
W4308694742,inter
W4308784351,inter
W4308868773,inter
W4308930529,inter
W4308963910,inter
W4309028162,inter
W4309041542,inter
W4309047034,inter
W4309135088,inter
W4309198966,uni
W4309212275,inter
W4309226849,inter
W4309228602,inter
W4309325336,inter
W4309326938,inter
W4309461511,inter
W4309468401,uni
W4309485804,inter
W4309490745,inter
W4309494150,inter
W4309508903,inter
W4309545309,inst
W4309565471,inter
W4309576663,inter
W4309582192,inter
W4309618985,inst
W4309691108,inter
W4309697780,inter
W4309698406,inter
W4309706878,inter
W4309726615,inter
W4309770292,inter
W4309770651,inter
W4309771267,inter
W4309874991,inter
W4309880845,inter
W4309884249,inter
W4309896782,inter
W4309941144,inter
W4309941511,inter
W4309945061,inter
W4310022416,inter
W4310038873,inter
W4310043907,inter
W4310059559,inter
W4310067026,inter
W4310154651,inter
W4310179119,inter
W431045138,inter
W4310466354,inter
W4310566860,inter
W4310668162,inter
W4310704039,inter
W4310731688,inter
W4310748417,inter
W4310784129,inter
W4310936523,inst
W4310988986,inter
W4311088269,inter
W4311123195,inter
W4311128791,inter
W4311135310,inter
W4311136266,inter
W4311165408,inter
W4311167834,inter
W4311210100,inter
W4311235991,inter
W4311274190,inter
W4311299308,inter
W4311305958,inst
W4311342893,inter
W4311344733,inter
W4311462076,inst
W4311494348,inter
W4311543031,inst
W4311552567,inter
W4311577544,inter
W4311770459,inter
W4311852612,inter
W4311878435,inter
W4311903586,inter
W4311904223,inst
W4311970758,inter
W4311974578,inter
W4311974581,inter
W4312015212,inter
W4312018356,inter
W4312050893,inter
W4312068755,uni
W4312084832,inter
W4312090581,inter
W4312106306,inst
W4312119148,inter
W4312210814,inter
W4312214528,inter
W4312218308,inter
W4312220159,inter
W4312244159,inter
W4312249945,inter
W4312252019,inter
W4312257493,uni
W4312267211,inst
W4312268257,inter
W4312271884,inst
W4312273362,inter
W4312275811,inter
W4312281441,inst
W4312282457,inter
W4312289809,inter
W4312290782,inst
W4312309917,inter
W4312324876,inter
W4312338624,inter
W4312343010,inter
W4312349930,inst
W4312353529,inter
W4312358218,inter
W4312365264,inter
W4312365266,inter
W4312372834,inter
W4312399508,inst
W4312408105,inst
W4312412605,inst
W4312417111,inter
W4312417903,inst
W4312433568,inst
W4312442470,inter
W4312443348,inter
W4312443924,top tier
W4312448774,inter
W4312497550,inter
W4312516516,inter
W4312533533,inter
W4312547276,inst
W4312560114,inter
W4312560592,inst
W4312563428,inter
W4312595359,inter
W4312595781,inter
W4312617592,inter
W4312617661,inter
W4312649860,inter
W4312650807,inter
W4312652333,uni
W4312658206,inter
W4312666664,inter
W4312677967,inter
W4312681734,inter
W4312684043,inter
W4312697997,inter
W4312702461,inter
W4312735552,inst
W4312737247,inter
W4312742570,inter
W4312747482,inst
W4312751558,inter
W4312765682,inter
W4312769131,inst
W4312776893,inter
W4312795736,inter
W4312800234,inter
W4312812783,inter
W4312818984,inter
W4312820255,inst
W4312849504,inter
W4312866868,inter
W4312875098,inter
W4312875989,inter
W4312885691,inter
W4312887977,inter
W4312901047,inter
W4312906660,inter
W4312924812,inter
W4312933868,top tier
W4312937482,inst
W4312938727,inter
W4312940001,inter
W4312980540,inter
W4312984277,inter
W4312984359,inter
W4312986561,inter
W4313005177,inter
W4313007581,inter
W4313013512,inter
W4313024853,inst
W4313045836,inter
W4313053794,inter
W4313058617,inst
W4313066921,inter
W4313072642,uni
W4313121508,inter
W4313131769,inter
W4313136445,inter
W4313201398,inter
W4313201535,inter
W4313201671,inst
W4313201775,inter
W4313207771,inter
W4313214549,inst
W4313216279,inter
W4313225253,inter
W4313251010,inter
W4313277151,inst
W4313306374,inter
W4313313253,inter
W4313327170,uni
W4313328458,inter
W4313340252,inter
W4313361590,inst
W4313366897,inter
W4313391784,inter
W4313400465,inter
W4313413100,inter
W4313414943,inter
W4313423381,inter
W4313427335,inter
W4313435150,inter
W4313452523,inter
W4313476637,inter
W4313476770,inter
W4313478217,inter
W4313479116,inst
W4313484940,inst
W4313485571,inter
W4313524880,inter
W4313531642,inter
W4313534847,inter
W4313550283,inter
W4313554993,inter
W4313593185,inter
W4313597804,inter
W4313627537,inter
W4313652570,inter
W4313816476,inter
W4313830665,inter
W4313854295,inter
W4313855707,inter
W4313890554,inter
W4313891743,inst
W4313894396,inter
W4313909170,inter
W4314937974,inter
W4315473654,inter
W4315490105,inst
W4315607520,uni
W4315649709,inter
W4315652572,inter
W4315703142,inter
W4315705623,inter
W4315777454,inter
W4315783508,inst
W4315786181,inter
W4316034741,inst
W4316036513,inter
W4316039379,inter
W4316126938,inter
W4316363093,inter
W4316369084,inst
W4316660651,inst
W4316661000,inter
W4316661052,inter
W4316663276,inter
W4316670155,inter
W4316672852,inst
W4316924313,inter
W4317033501,inter
W4317108003,inter
W4317181778,inst
W4317207863,uni
W4317242647,inter
W4317242888,inter
W4317356885,inter
W4317436322,inter
W4317496130,inter
W4317553556,inst
W4317624908,inter
W4317634734,inter
W4317702934,inter
W4317717473,inst
W4317733590,uni
W4317734477,inter
W4317796390,inst
W4317796728,inst
W4317815289,inter
W4317831475,inter
W4317831476,inter
W4317889718,inter
W4317935567,inter
W4317936244,inst
W4317951595,inter
W4317987748,inter
W4318026022,inter
W4318261440,inst
W4318475503,inter
W4318574461,inter
W4318586162,inter
W4318617422,inter
W4318686650,inter
W4318695000,inter
W4318711060,inter
W4318761280,inter
W4318821314,inst
W4318824015,inter
W4318831920,inter
W4318832825,inter
W4318946555,uni
W4318953533,inter
W4318953535,inter
W4318981550,inter
W4319004578,inter
W4319068933,inter
W4319083693,inter
W4319166334,inter
W43191782,inter
W4319223200,inter
W4319231027,inter
W4319232170,inter
W4319299831,inter
W4319300024,inter
W4319300723,inter
W4319301677,inter
W4319303068,inst
W4319303185,inter
W4319303292,inter
W4319311001,inter
W4319312496,inst
W4319320351,inst
W4319321897,inter
W4319342004,inter
W4319448075,inter
W4319449793,inter
W4319599718,inter
W4319663674,inter
W4319663821,inst
W4319734845,inter
W4319778953,inter
W4319786169,inter
W4319790131,inter
W4319878654,inter
W4319878859,inter
W4319879430,inter
W4319915104,inter
W4319923818,inter
W4319935958,inter
W4319941059,inter
W4319962662,inter
W4319990513,inter
W4319994214,inter
W4319999924,inter
W4320002804,inter
W4320005570,inter
W4320009820,inter
W4320015763,inter
W4320015778,inst
W4320015793,inter
W4320015874,inter
W4320020202,inter
W4320031151,inst
W4320035353,inter
W4320035473,inter
W4320479701,inter
W4320483060,inter
W4320493612,inter
W4320493980,inter
W4320494012,inter
W4320557,inter
W4320712861,inter
W4320718450,uni
W4320912765,inter
W4320915023,inst
W4321004434,inter
W4321019267,inter
W4321021238,inter
W4321021643,inter
W4321073614,inter
W4321085328,inter
W4321194507,inter
W4321230197,inter
W4321235076,inter
W4321351177,inter
W4321369815,inst
W4321381913,inter
W4321435690,inter
W4321437828,inter
W4321472151,inst
W4321486710,inter
W4321496253,inst
W4321499530,inter
W4321604860,inter
W4321609122,inter
W4321611159,inst
W4321749063,inter
W4321782160,inter
W4321783402,inst
W4321851522,inter
W4322154771,inter
W4322493038,inter
W4322502617,inter
W4322576473,inter
W4322620096,inst
W4322631204,inter
W4322703514,inter
W4322720573,inst
W4322730947,inter
W4322741420,inter
W4322742117,inter
W4322753738,inter
W4322754229,inter
W4322755851,inter
W4322761327,inter
W4322775118,inter
W4322775879,inter
W4323022522,inter
W4323047455,inter
W4323053771,inter
W4323065172,inter
W4323073599,inter
W4323262012,inter
W4323312821,inter
W4323315191,uni
W4323315490,inter
W4323316694,inter
W4323345993,inter
W4323352875,inter
W4323364943,inter
W4323365451,inter
W4323532710,inter
W4323543034,uni
W4323543791,inst
W4323566429,inst
W4323654857,inst
W4323665242,inter
W4323670134,inter
W43237915,inter
W4323832783,inter
W4323871015,inter
W4323897050,inter
W4323914289,inter
W4323922821,inter
W4324007064,inter
W4324007193,inter
W4324044822,inter
W4324057834,inter
W4324092848,inter
W4324097239,inter
W4324116353,inter
W4324125653,inter
W4324125764,inter
W4324134240,inter
W4324134937,inter
W4324137535,inter
W4324152529,inst
W4324153586,uni
W4324266819,inter
W4324355716,inter
W4324360402,inter
W4324380325,inter
W4324383277,inter
W4327595237,inter
W4327600722,inter
W4327661448,inter
W4327662982,inst
W4327719913,inst
W4327923912,inter
W4327954598,inter
W4327968458,inter
W4327980618,inter
W4328007224,inter
W4328048996,inter
W4328053310,inter
W4328053442,inter
W4328117629,inter
W434494163,inter
W43454013,inter
W4353096507,inter
W4360584294,inter
W4360584316,uni
W4360596931,inter
W4360604687,inst
W4360614090,inter
W4360770903,inter
W4360820515,inst
W4360826956,inter
W4360930797,uni
W4360951754,inter
W4360979045,inter
W4360980683,inter
W4360985171,inter
W4360993664,inter
W4360993699,inter
W4360995258,inter
W4361002041,inter
W4361191581,inter
W4361207178,inter
W4361267300,inter
W4361271907,inter
W4361275888,inter
W4361280418,inter
W4361282970,inter
W4361305538,inter
W4361760437,inter
W4361767319,inter
W4361792469,inst
W4361983080,inter
W4361986063,inter
W4362464865,inter
W4362470096,inter
W4362496635,inter
W4362508568,inter
W4362514597,inter
W4362566330,inst
W4362576253,inter
W4362578996,inter
W4362582019,inter
W4362583275,inter
W4362585937,inst
W4362586759,inter
W4362594060,inter
W4362600622,inst
W4362632616,inter
W4362658972,inter
W4362663792,inter
W4362672505,inter
W4362676195,inter
W4362678547,inter
W4362683596,inter
W4362693537,inter
W4362698897,inter
W4362714840,inter
W4362720950,inter
W4362737385,inter
W4363647970,inter
W4363647994,inter
W4363648041,inter
W4363677885,inter
W4363678423,inter
W4364321978,inter
W4364355697,uni
W4365135076,inst
W4365145936,inter
W4365420394,inter
W4365484648,inter
W4365506294,inst
W4365518046,inst
W4365791001,inter
W4365801699,inter
W4365812739,inter
W4366086701,uni
W4366088335,inter
W4366091323,inst
W4366133297,inter
W4366148251,inter
W4366201175,inter
W4366202009,inter
W4366220764,inter
W4366307839,inter
W4366310779,inter
W4366352743,inst
W4366352791,inter
W4366378414,inter
W4366393662,inter
W4366396176,inter
W4366462785,inter
W4366483874,inst
W4366492471,inter
W4366492990,inter
W4366503872,inter
W4366549829,inter
W4366550219,inst
W4366550288,inter
W4366587377,inter
W4366594543,inter
W4366596638,inter
W4366667363,inter
W4366957359,inter
W4366982391,inter
W4366983347,inter
W4366995877,inter
W4366996161,inst
W4367047226,inter
W4367049161,inst
W4367049529,inst
W4367060586,inst
W4367395079,inter
W4367400190,inter
W4367595786,inter
W4367624215,inter
W4367625556,inter
W4367663152,inter
W4367666412,inter
W4367669413,inter
W4367670730,inter
W4367679848,inter
W4367856675,inst
W4367857133,inter
W4372259981,inter
W4372260513,inter
W4372284835,inter
W4372346876,inter
W4372347372,inter
W4372402887,inter
W4375798894,inter
W4375868849,inst
W4375928946,inter
W4376113093,inter
W4376118237,inst
W4376126081,inter
W4376129086,inter
W4376142158,inter
W4376254331,inter
W4376269531,inst
W4376272248,inst
W4376274168,inter
W4376456592,inter
W4376456759,inter
W4376504033,inter
W4376549916,inter
W4376618268,inter
W4376644566,inter
W4376644677,inter
W4376649164,inter
W4376851221,inter
W4376851407,inter
W4376878908,inter
W4376956226,inst
W4376988619,inter
W4377009415,inst
W4377012036,inter
W4377019933,inter
W4377027511,inter
W4377030184,inter
W4377047223,inter
W4377079835,inter
W4377085252,inter
W4377091560,inter
W4377100235,inter
W4377103576,inst
W4377103948,inter
W4377141852,inter
W4377157764,inter
W4377224402,inter
W4377227326,inter
W4377263977,inter
W4377294755,inter
W4377819823,inst
W4378083539,inter
W4378190897,inter
W4378194854,inter
W4378233791,inter
W4378348505,inst
W4378373470,inter
W4378388103,inter
W4378417956,inter
W4378470204,inter
W4378627852,inter
W4378651623,inter
W4378764946,inter
W4378838062,inter
W4378903366,inter
W4378904701,uni
W4378977015,inter
W4379058506,inter
W4379117336,inter
W4379180635,inter
W4379208651,inter
W4379210492,inter
W4379229059,inter
W4379231321,inter
W4379232845,inst
W4379364212,inter
W4379381515,inter
W4379382413,inter
W4379382445,inst
W4379468406,inter
W4379470788,inter
W4379472313,inter
W4379537060,inter
W4379540078,inst
W4379618880,inter
W4379620227,inter
W4379654529,inter
W4379741778,inter
W4379929708,inter
W4379929833,inter
W4379966959,inter
W4379982790,inst
W4380028596,inst
W4380080541,inst
W4380082463,inter
W4380086068,inter
W4380090068,inter
W4380143028,inter
W4380148446,inter
W4380149175,inter
W4380153859,inter
W4380269626,inst
W4380319170,inter
W4380422299,inter
W4380433171,inst
W4380433185,inter
W4380451036,inst
W4380537106,inter
W4380682472,inter
W4380714904,inter
W4380741628,inter
W4380840030,inst
W4380852974,inter
W4380854003,inter
W4380883528,inter
W4380885549,inst
W4380903132,inter
W4380987832,inter
W4380991017,inter
W4380992843,inter
W4381051128,inter
W4381053688,inst
W4381140704,inter
W4381185178,inter
W4381194802,inter
W4381198783,inter
W4381250863,inter
W4381325854,inter
W4381327869,inter
W4381468436,inter
W4381492587,inter
W4381546993,inter
W4381549386,inter
W4381713847,inst
W4381733106,inter
W4381734293,inter
W4381744970,uni
W4381799145,inter
W4381849794,inst
W4381852397,inter
W4381854330,inter
W4381888487,inter
W4381951776,inter
W4382203483,uni
W4382239439,inter
W4382239903,inter
W4382240291,inter
W4382311624,inter
W4382317568,inter
W4382318758,inst
W4382344226,inter
W4382396215,inter
W4382396216,inter
W4382464562,inter
W4382468588,inter
W4382469213,inst
W4382568144,inter
W4382619861,inter
W4382631918,inst
W4382940931,inter
W4383065530,inter
W4383108539,inst
W4383108839,inst
W4383112775,inst
W4383172020,inter
W4383172031,inter
W4383186962,inter
W4383199515,inter
W4383200170,inter
W4383216583,inter
W4383220115,inst
W4383271897,inst
W4383466386,inter
W4383503531,inter
W4383503611,inter
W4383503708,inter
W4383503710,inst
W4383559420,inter
W4383724497,uni
W4383751021,inter
W4383753010,inter
W4383753270,inter
W4383753794,inter
W4383898519,inter
W4383955629,inter
W4383958276,inter
W4383998388,uni
W4384134252,inst
W4384157915,uni
W4384157928,inter
W4384158049,uni
W4384162654,inter
W4384298401,uni
W4384304555,inter
W4384345649,inst
W4384398003,inter
W4384499125,inter
W4384524020,uni
W4384525266,inter
W4384525647,inter
W4384526006,inter
W4384563052,inter
W4384563195,inter
W4384616503,inter
W4384625631,uni
W4384703095,uni
W4384764313,inter
W4384787539,inter
W4384820731,inter
W4384928726,inter
W4384948616,inst
W4384948762,inter
W4385010113,inter
W4385080305,inter
W4385080326,inter
W4385080425,inter
W4385144887,inter
W4385164285,inter
W4385172840,inter
W4385194822,inter
W4385232670,inter
W4385265803,inter
W4385267391,inst
W4385269797,inter
W4385270173,inter
W4385270179,inst
W4385275804,inter
W4385299292,inter
W4385310178,inter
W4385320806,inter
W4385323450,inter
W4385338532,inter
W4385377880,inter
W4385381484,inter
W4385394510,inst
W4385396478,inter
W4385400835,inter
W4385407166,inst
W4385412128,inter
W4385413618,inter
W4385415058,inter
W4385442456,inter
W4385443992,inter
W4385444588,inter
W4385451253,inter
W4385453494,inter
W4385461365,inter
W4385461846,inter
W4385463106,inter
W4385478434,inter
W4385479626,uni
W4385485256,inter
W4385517003,inter
W4385525334,inst
W4385564608,inst
W4385569519,inter
W4385569611,inter
W4385572528,inst
W4385572634,inter
W4385573504,inter
W4385573793,inter
W4385575008,inter
W4385577011,inter
W4385583031,inter
W4385583369,inst
W4385585368,inter
W4385606490,inter
W4385618148,inter
W4385626897,inter
W4385626984,inst
W4385627058,inter
W4385627235,inter
W4385638541,inter
W4385664952,inst
W4385667599,inter
W4385690997,inter
W4385713496,inter
W4385731829,inter
W4385739249,inter
W4385756463,inst
W4385756633,inter
W4385760223,inter
W4385764177,inter
W4385767104,inter
W4385767669,inter
W4385769490,uni
W4385779901,inter
W4385800792,inst
W4385801341,inter
W4385801432,inter
W4385801570,inter
W4385804927,inter
W4385805000,inter
W4385806666,inst
W4385815476,inter
W4385815557,inter
W4385819670,inter
W4385819740,inter
W4385819894,inter
W4385819963,inter
W4385830569,inter
W4385873516,inter
W4385876063,inter
W4385902942,inter
W4385938167,inter
W4385945443,inter
W4385953328,inter
W4385962752,uni
W4385973888,inter
W4385978214,inter
W4385988513,inter
W4385988903,inter
W4386003449,inter
W4386046328,inter
W4386047745,top tier
W4386057731,inter
W4386057737,inter
W4386065385,inter
W4386065406,inter
W4386065491,inter
W4386065546,inter
W4386065743,inter
W4386066080,inter
W4386066096,inst
W4386066521,inter
W4386066621,inter
W4386071494,inter
W4386071640,inter
W4386075566,inter
W4386075687,inter
W4386075732,inst
W4386075803,inter
W4386075805,inter
W4386075813,inter
W4386075822,inter
W4386075919,inter
W4386075985,inter
W4386076165,inter
W4386076260,inter
W4386076261,inter
W4386076459,inter
W4386076484,inter
W4386076569,inter
W4386076625,inter
W4386083031,inst
W4386083106,inter
W4386083143,inter
W4386083155,inter
W4386086853,inter
W4386088264,inst
W4386091133,inter
W4386101168,inter
W4386117364,inter
W4386121308,inter
W4386122189,inter
W4386128849,inter
W4386141938,inter
W4386151261,inter
W4386156806,inter
W4386163957,inter
W4386170326,inter
W4386170332,inter
W4386177112,inter
W4386193390,inter
W4386196085,inter
W4386203810,inter
W4386212318,inter
W4386231296,uni
W4386242203,inter
W4386245195,inst
W4386258509,inter
W4386275697,inter
W4386282413,inst
W4386283494,inter
W4386307058,inter
W4386320949,inter
W4386323261,inter
W4386331170,inter
W4386346641,inter
W4386352952,inter
W4386361561,inter
W4386361576,inter
W4386363016,inter
W4386363082,inter
W4386390417,inter
W4386392576,inter
W4386401537,inter
W4386408932,inter
W4386432096,inter
W4386450117,inter
W4386459429,inter
W4386473332,inst
W4386482944,uni
W4386494597,inter
W4386495900,inter
W4386497888,inter
W4386516579,inter
W4386523149,inter
W4386527666,inter
W4386536197,inter
W4386547289,inst
W4386566629,inter
W4386568841,inter
W4386571432,inter
W4386608626,inter
W4386609216,inter
W4386609322,inter
W4386699348,inter
W4386699782,inter
W4386701686,inter
W4386723894,inter
W4386760518,inter
W4386766921,inter
W4386769844,inter
W4386790226,inter
W4386814502,inter
W4386825103,inter
W4386836946,inter
W4386860436,inter
W4386864859,inter
W4386865177,uni
W4386866359,inter
W4386878757,inter
W4386880507,inter
W4386896826,uni
W4386907654,inter
W4386918966,inter
W4386952783,inter
W4386976834,inter
W4386989261,inter
W4386997367,inter
W4387005284,inter
W4387010623,inter
W4387042203,inter
W4387059201,inter
W4387059617,inter
W4387071813,inter
W4387081196,inter
W4387090542,uni
W4387092456,inst
W4387095478,inter
W4387096101,inter
W4387106164,inter
W4387130842,inter
W4387167478,inter
W4387183101,inter
W4387204667,uni
W4387212971,inst
W4387220022,inter
W4387227739,inter
W4387264595,inter
W4387338708,inter
W4387338929,inter
W4387341323,inter
W4387353351,inter
W4387366541,inter
W4387369249,inter
W4387373313,inter
W4387382605,inter
W4387392377,inter
W4387398045,inter
W4387423522,inter
W4387452990,inter
W4387454995,inter
W4387483607,inter
W4387490262,inter
W4387493138,inst
W4387521304,inter
W4387568322,inst
W4387601334,inter
W4387609353,inter
W4387613002,inter
W4387623739,inter
W4387623854,inter
W4387643206,inter
W4387643934,inst
W4387646177,inter
W4387664381,inter
W4387665604,inter
W4387665622,inter
W4387669363,inter
W4387697691,inter
W4387707512,inter
W4387735921,inter
W4387742816,inter
W4387745472,inter
W4387757627,inter
W4387761568,inter
W4387789879,inter
W4387789990,inter
W4387806726,inter
W4387817744,inter
W4387831758,inter
W4387831789,inter
W4387840428,inter
W4387842453,inter
W4387871210,inst
W4387872891,inter
W4387874311,inter
W4387902744,inter
W4387907571,inter
W4387907685,inter
W4387911250,inst
W4387917704,inst
W4387934904,inst
W4387940790,inter
W4387941248,inter
W4387952033,inter
W4387967405,inter
W4387968299,inter
W4387969649,inter
W4387971062,inter
W4387976617,inst
W4387987050,inst
W4388009187,inter
W4388022760,inter
W4388032919,inter
W4388039912,inter
W4388041746,inter
W4388042006,inter
W4388042165,inter
W4388046560,inter
W4388145388,inter
W4388145597,inter
W4388154154,inter
W4388195839,inter
W4388203817,inter
W4388205772,inter
W4388210812,inter
W4388211084,inter
W4388231848,inter
W4388264069,inter
W4388266401,inter
W4388304214,inter
W4388340866,inter
W4388423311,inter
W4388430640,inter
W4388441846,inter
W4388451629,inter
W4388469753,inter
W4388469770,inter
W4388478903,inter
W4388485143,inter
W4388486449,inter
W4388488229,inst
W4388489558,inter
W4388496749,inter
W4388500811,inst
W4388502409,inter
W4388526626,inter
W4388540325,inter
W4388543724,inter
W4388557883,inter
W4388570834,inst
W4388599513,inter
W4388623432,inter
W4388629193,inter
W4388662786,uni
W4388672923,inter
W4388686503,inter
W4388692608,inter
W4388714255,inter
W4388733965,inter
W4388739184,inst
W4388740254,inter
W4388756793,inter
W4388791930,inter
W4388817612,inter
W4388819402,inter
W4388819810,inst
W4388820663,inter
W4388834952,inter
W4388841405,inter
W4388856880,inter
W4388857792,inter
W4388878683,inter
W4388906554,inter
W4388917489,inter
W4388919401,inter
W4388979610,inter
W4389009541,inter
W4389062785,inter
W4389076300,inter
W4389104570,inter
W4389159189,inter
W4389169206,inter
W4389216185,inter
W4389248028,inter
W4389252700,inter
W4389269265,inter
W4389296917,inter
W4389301512,inter
W4389306537,inter
W4389312989,inter
W4389331842,inter
W4389363080,inter
W4389365045,inter
W4389391334,inter
W4389395037,inst
W4389403176,inst
W4389428567,inter
W4389428762,inst
W4389438685,inter
W4389475038,inter
W4389519239,inter
W4389524467,inter
W4389560266,uni
W4389610214,inst
W4389610331,inter
W4389633743,inst
W4389636080,inter
W4389640084,inter
W4389692379,inst
W4389696354,inter
W4389765481,inter
W4389778805,inter
W4389879621,inst
W4389890887,inter
W4389900027,inter
W4389904048,inter
W4389921377,inter
W4389934525,inter
W4389955626,inter
W4389956001,inst
W4389977189,inter
W4389988178,inter
W4389988277,inter
W4389990696,inter
W4389994591,inter
W4390012038,inter
W4390044592,inst
W4390057267,inter
W4390097598,inter
W4390102136,inter
W4390113417,inst
W4390120028,inter
W4390146820,inter
W4390174894,inter
W4390189585,inter
W4390190574,uni
W4390224200,inter
W4390267669,inter
W4390341229,inter
W4390357462,inter
W4390439902,inter
W4390460514,inter
W4390481002,inter
W4390494417,inter
W4390501865,inter
W4390535086,inter
W4390544223,inst
W4390548130,inter
W4390561460,inter
W4390569109,inter
W4390576747,inter
W4390577983,inter
W4390578107,inter
W4390589287,inst
W4390591018,inter
W4390604256,inter
W4390605026,inter
W4390605827,inst
W4390609830,inst
W4390618269,inter
W4390640327,inter
W4390659326,inter
W4390660189,inter
W4390660323,inst
W4390660438,inst
W4390661811,inter
W4390685535,inter
W4390692050,inter
W4390730117,inter
W4390731603,inter
W4390734415,inter
W4390736958,inst
W4390738632,inst
W4390740757,inst
W4390754325,inter
W4390771634,inter
W4390778911,inter
W4390780727,uni
W4390817555,inter
W4390837937,inter
W4390872584,inter
W4390872941,inter
W4390872963,inter
W4390873123,inter
W4390873236,inter
W4390873303,inter
W4390873652,inst
W4390874117,inter
W4390874260,inst
W4390874574,inst
W4390879320,uni
W4390895263,inter
W4390944793,inter
W4390947966,inter
W4390970240,inter
W4391020370,inter
W4391021705,inter
W4391021755,inst
W4391037957,inter
W4391040852,inter
W4391045194,inter
W4391051582,inter
W4391054005,inter
W4391070153,inter
W4391070801,inter
W4391088286,inter
W4391094858,inter
W4391104613,inter
W4391116250,inter
W4391128914,inst
W4391136507,top tier
W4391160762,inter
W4391164305,inter
W4391210134,inst
W4391217484,inter
W4391217638,inter
W4391223066,inter
W4391227765,inter
W4391235386,inter
W4391249105,inter
W4391253383,inter
W4391321228,inter
W4391323106,inter
W4391326389,inter
W4391341407,inter
W4391361585,inter
W4391364358,inter
W4391406904,inter
W4391407095,inter
W4391428536,inter
W4391430083,inter
W4391430243,inter
W4391454585,inter
W4391467390,inter
W4391468035,inst
W4391473457,inter
W4391484436,inter
W4391512406,inst
W4391531752,inter
W4391547750,inter
W4391565897,inst
W4391569052,inter
W4391582407,inter
W4391582642,inter
W4391582654,inst
W4391589051,inter
W4391596931,inter
W4391617170,inter
W4391621306,inter
W4391661394,inter
W4391669270,inter
W4391669524,inter
W4391676838,inter
W4391685687,inst
W4391696994,inter
W4391751978,inter
W4391752757,inter
W4391755918,inter
W4391766883,inter
W4391769266,inter
W4391784211,inter
W4391791340,inter
W4391811417,inter
W4391821206,inter
W4391843787,inter
W4391847435,inter
W4391849315,inter
W4391872514,inter
W4391877132,inter
W4391885538,inter
W4391887632,inst
W4391892487,inst
W4391892559,inter
W4391895974,inter
W4391896776,inter
W4391904744,inter
W4391932691,inter
W4391936063,inter
W4391956681,inst
W4391974598,inst
W4391982676,inter
W4392005642,inter
W4392025170,inter
W4392045633,inter
W4392047935,inter
W4392090934,inter
W4392095728,inst
W4392117868,inter
W4392120276,inter
W4392122702,inter
W4392130400,inter
W4392167452,inter
W4392172577,inter
W4392175294,inter
W4392183823,inter
W4392207628,inter
W4392238204,inter
W4392238891,inter
W4392244879,inter
W4392246655,inter
W4392251940,inst
W4392297233,inter
W4392301405,uni
W4392359842,inter
W4392372382,inter
W4392383297,inst
W4392399567,inter
W4392405811,inter
W4392406079,inter
W4392432437,inter
W4392452451,inter
W4392453365,inter
W4392472695,inter
W4392503309,inter
W4392504823,inst
W4392529431,inter
W4392543406,inter
W4392543825,inter
W4392558991,inst
W4392563028,inter
W4392564790,inst
W4392594449,inter
W4392601179,inter
W4392619693,inter
W4392626744,inter
W4392642365,inter
W4392642847,inter
W4392659497,inter
W4392682612,uni
W4392697189,inter
W4392745464,inter
W4392746143,inter
W4392765029,inter
W4392825446,inter
W4392852579,inst
W4392858312,inter
W4392858381,inter
W4392867149,inter
W4392902389,inter
W4392903744,inter
W4392904674,inst
W4392910504,inter
W4392916461,inter
W4392920244,inter
W4392925728,inter
W4392939525,inter
W4392943286,inter
W4392959780,inter
W4392961124,inter
W4392976075,inst
W4393007161,inter
W4393011288,inter
W4393033977,inter
W4393075199,inter
W4393104583,inst
W4393148201,inst
W4393153857,inter
W4393158128,inter
W4393159168,inter
W4393159899,inter
W4393184626,uni
W4393185670,inter
W4393190219,inter
W4393216274,inter
W4393222489,inter
W4393227307,inter
W4393233304,inter
W4393235476,inter
W4393237550,inst
W4393238223,inter
W4393250680,inst
W4393252607,inter
W4393252937,inter
W4393253163,inter
W4393267338,inst
W4393285839,inter
W4393343355,inter
W4393344893,inter
W4393371881,inter
W4393404832,inst
W4393405292,inter
W4393410409,inter
W4393864282,inter
W4393900892,inter
W4393902194,inter
W4393987450,inter
W4394008267,inter
W4394564317,inter
W4394564352,inst
W4394564391,inter
W4394579955,inter
W4394589674,inter
W4394595246,uni
W4394597361,inter
W4394598082,inter
W4394625735,inter
W4394626405,inst
W4394681774,inter
W4394694925,inter
W4394697460,inter
W4394698969,inter
W4394699118,inter
W4394711277,inter
W4394711308,inter
W4394730888,inter
W4394787492,inter
W4394813342,inter
W4394828200,inter
W4394842097,inter
W4394843054,inter
W4394849716,inst
W4394858008,inter
W4394862853,inter
W4394862991,inter
W4394893301,inter
W4394894132,inter
W4394894247,inst
W4394897041,inter
W4394913480,inter
W4394919897,inter
W4394935131,inst
W4394958311,uni
W4394985182,inter
W4394989104,inter
W4394994574,inter
W4395002363,inter
W4395011942,inter
W4395012817,inst
W4395014550,inter
W4395035393,inter
W4395037541,inst
W4395471036,inst
W4395661399,inter
W4395673009,inter
W4395689916,inter
W4395702952,inter
W4395955121,inter
W4396222174,inter
W4396228136,inter
W4396228702,inter
W4396239090,inter
W4396519660,inst
W4396534976,inter
W4396542144,inter
W4396542442,inter
W4396545693,inter
W4396569654,inter
W4396578471,inter
W4396578820,inter
W4396578906,inst
W4396591964,inter
W4396594869,inter
W4396655318,inst
W4396660597,inter
W4396744511,inter
W4396762339,inter
W4396773893,inst
W4396783551,inter
W4396802066,inter
W4396805441,inter
W4396813707,inst
W4396817219,inst
W4396832416,inter
W4396833001,inter
W4396852387,inter
W4396853082,inter
W4396856870,inter
W4396877942,inst
W4396907484,inter
W4396909930,inter
W4396917595,inst
W4396941482,inter
W4396964970,inter
W4396982215,inter
W4396988239,inter
W4397035618,inter
W4397049784,inter
W4398146852,inter
W4398150533,uni
W4398152765,inst
W4398202717,inter
W4398222278,inter
W4398225123,inter
W4398765803,uni
W4398768461,inter
W4398782923,inter
W4399039898,inst
W4399044607,inter
W4399048893,inter
W4399070666,inter
W4399119527,inter
W4399120190,inter
W4399138486,inter
W4399177482,inter
W4399181772,inter
W4399199178,inter
W4399206784,inter
W4399207455,inst
W4399254015,inter
W4399255472,inter
W4399300226,inter
W4399303156,inter
W4399306114,inter
W4399310716,inter
W4399310837,inter
W4399361479,inter
W4399364826,inst
W4399367790,inst
W4399379059,inter
W4399382673,inter
W4399386779,inter
W4399399458,inst
W4399403138,inter
W4399431538,inst
W4399437600,inter
W4399439301,inst
W4399449888,inter
W4399452770,inter
W4399513270,inter
W4399528491,inter
W4399566658,inter
W4399622573,inter
W4399629579,inst
W4399639416,inter
W4399665712,inter
W4399665736,inter
W4399665795,inst
W4399666346,inter
W4399702139,inter
W4399706080,inter
W4399733008,inter
W4399746375,inter
W4399749827,inter
W4399789331,inter
W4399796246,inter
W4399804593,inter
W4399805580,inter
W4399855006,inst
W4399886197,inter
W4399903120,inter
W4399929809,inter
W4399986279,inst
W4399988462,inter
W4399992587,inter
W4400019088,inter
W4400042185,inst
W4400053775,inter
W4400061043,inst
W4400072049,inter
W4400081467,inter
W4400111341,inter
W4400114586,inter
W4400120179,inst
W4400133640,inter
W4400142659,inter
W4400189304,inter
W4400226063,inter
W4400227435,inter
W4400228650,inter
W4400236709,inst
W4400277164,inter
W4400290101,inter
W4400317338,inter
W4400323954,inter
W4400336337,inter
W4400351782,inter
W4400363791,inter
W4400448736,inter
W4400450031,inter
W4400452588,inter
W4400509454,inter
W4400525546,inter
W4400526126,inter
W4400528921,inter
W4400578856,inter
W4400624215,inter
W4400646316,inter
W4400656170,inst
W4400678935,inter
W4400684581,inter
W4400698271,inter
W4400723895,inter
W4400729590,inter
W4400771101,inter
W4400799710,uni
W4400810332,inter
W4400848992,inter
W4400877853,inter
W4400880699,inter
W4400933685,inter
W4400940852,inter
W4400947884,inter
W4400953596,uni
W4400975147,inst
W4400975209,inter
W4400981505,inter
W4400982027,inter
W4401021414,inter
W4401022185,inter
W4401046976,inter
W4401051555,inter
W4401069835,inter
W4401070496,inter
W4401070657,inst
W4401091521,inter
W4401098740,inst
W4401101780,inter
W4401113704,inter
W4401115378,inter
W4401199077,inter
W4401210954,inter
W4401212085,inter
W4401242558,inter
W4401278076,inter
W4401302644,inter
W4401326930,inter
W4401353471,inter
W4401364612,inter
W4401379968,inst
W4401433770,inter
W4401509478,inter
W4401517652,inter
W4401536895,inter
W4401540389,uni
W4401567815,inter
W4401607201,inter
W4401609037,inter
W4401628481,inst
W4401629805,inter
W4401630652,inter
W4401649637,inter
W4401655828,inter
W4401675889,inter
W4401689249,inter
W4401692611,uni
W4401709895,inter
W4401725239,inter
W4401786193,inst
W4401811473,inter
W4401816616,inter
W4401867415,inter
W4401878969,inter
W4401894568,inter
W4401897496,inter
W4401976405,inter
W4401976697,inter
W4401978285,inter
W4401980784,inter
W4402002930,inst
W4402026964,inst
W4402040220,inter
W4402041023,inter
W4402042668,inst
W4402128007,inst
W4402134375,inter
W4402141509,inter
W4402158164,inter
W4402200022,inter
W4402215139,inst
W4402223076,inter
W4402273478,inter
W4402313204,inter
W4402350363,inter
W4402353169,inter
W4402412718,inter
W4402435370,inter
W4402437716,inter
W4402441163,inter
W4402443209,inter
W4402457571,inst
W4402509548,inter
W4402509803,inter
W4402553424,inter
W4402567763,inter
W4402610351,inst
W4402626091,inter
W4402637999,inst
W4402644087,inter
W4402665833,inter
W4402667900,inter
W4402673636,inter
W4402678418,uni
W4402695916,inst
W4402727740,inter
W4402727826,inter
W4402733579,inst
W4402737235,inter
W4402742293,inter
W4402753682,inter
W4402754016,inter
W4402759029,inter
W4402809225,inst
W4402829611,uni
W4402839104,inter
W4402915223,inter
W4402917098,inter
W4403014730,inst
W4403021775,inter
W4403022116,inter
W4403048643,inter
W4403052684,inter
W4403094304,inter
W4403095973,inter
W4403097779,inter
W4403191928,inter
W4403274268,inter
W4403276781,inter
W4403288701,inter
W4403343568,inter
W4403360640,inst
W4403390316,inter
W4403390336,inst
W4403407892,inst
W4403498354,inter
W4403503423,inter
W4403512796,inter
W4403558671,inter
W4403579163,inst
W4403587422,inter
W4403635865,uni
W4403651103,inst
W4403700640,inter
W4403758650,inst
W4403791281,inter
W4403807699,inter
W4403834481,inter
W4403863507,inter
W4403888247,inst
W4403914886,inter
W4403915844,inter
W4403922088,inter
W4403973882,inst
W4404051067,inter
W4404061350,inst
W4404116912,uni
W4404143292,inter
W4404167537,inter
W4404185753,inst
W4404212768,inter
W4404213653,inter
W4404375783,inter
W4404547052,inter
W4404562740,inter
W4404623852,inter
W4404653444,inter
W4404733374,inter
W4404869857,inter
W4404914599,inter
W4404917113,inter
W4404997118,inter
W4405008482,inter
W4405010029,inter
W4405022259,inst
W4405022554,inter
W4405074077,inter
W4405114258,inter
W4405123277,inter
W4405178613,inter
W4405187937,inter
W4405188843,inter
W4405198577,inter
W4405199128,inter
W4405232231,inter
W4405261885,inter
W4405280992,inst
W4405298817,inst
W4405306027,inst
W4405347113,inst
W4405395551,inst
W4405501328,inter
W4405506428,inter
W4405585182,inst
W4405585559,uni
W4405585588,inter
W4405586210,inter
W4405587859,inst
W4405587897,uni
W4405587901,inst
W4405600431,inter
W4405706006,inter
W4405738372,inter
W4405743873,inter
W4405786583,inter
W4405811711,inter
W4405812232,inter
W4405863063,inter
W4405907124,inter
W4405934565,inter
W4405983106,inter
W4405993700,inter
W4406001034,inter
W4406012089,inter
W4406012093,inter
W4406017182,inter
W4406037803,inter
W4406102485,inter
W4406137434,inter
W4406158004,inter
W4406201162,inter
W4406322770,inter
W4406325281,inter
W4406418707,inter
W4406610305,inter
W4406699368,inter
W4406721939,inter
W4406722119,inst
W4406755220,inter
W4406813525,inter
W4406856790,inter
W4406928793,inter
W4406932322,inter
W4406949705,inter
W4407002326,inst
W4407125157,inst
W4407127730,inter
W4407168495,inter
W4407218550,inst
W4407320464,inter
W4407361338,inter
W4407367173,inter
W4407390684,inst
W4407390743,inst
W4407390808,inter
W4407409648,inter
W4407439121,inter
W4407466200,inter
W4407639385,inter
W4407639469,inter
W4407682682,inst
W4407767968,inter
W4407782069,inter
W4407784832,inter
W4407793375,inter
W4407826180,inter
W4407833092,inter
W4407846133,inst
W4407942725,inter
W4407946292,inter
W4407980624,inter
W4408048290,inter
W4408053681,inter
W4408054937,inter
W4408058253,inter
W4408201752,inst
W4408280426,inter
W4408324524,inter
W4408324654,inter
W4408385852,inter
W4408399647,inter
W4408408552,inter
W4408472960,inst
W4408477848,inter
W4408504100,inter
W4408520071,inst
W4408523921,inter
W4408541285,inter
W4408588391,inst
W4408595372,inter
W4408609305,inst
W4408609828,inter
W4408657189,inter
W4408673719,inter
W4408883288,inter
W4408934529,inst
W4408962787,inter
W4409035106,inter
W4409046818,inter
W4409248051,inter
W4409249316,inter
W4409262147,inter
W4409325931,inter
W4409341650,inter
W4409342068,inter
W4409483171,inter
W4409707120,inter
W4409708758,inst
W4410153058,inter
W4410190485,inter
W4410220626,inst
W4410227886,inter
W4410314826,inst
W4410500471,inst
W4410536382,inter
W4410738139,inter
W4410740393,inter
W4410827740,inst
W4410909052,inst
W4410977616,uni
W4411056264,inter
W4411111236,inst
W4411241548,inst
W4411845177,inter
W4411922047,inst
W4411965763,inter
W4412090121,inter
W4412375172,inter
W4412515232,inter
W4412628207,inst
W4412713044,inter
W4412722283,inter
W4413295477,inter
W4413300807,inter
W4413358968,inter
W4413822025,inter
W4415250247,inst
W4417470084,inter
W45948310,inter
W46086471,inter
W46095808,inter
W46256233,inst
W46466749,inter
W46665195,inter
W46938732,inter
W4694163,inter
W46943370,inter
W47397774,inter
W47513853,inter
W47614929,inter
W48298789,inter
W488007,inter
W49140010,inter
W4919037,inter
W4952878,inter
W49726848,inter
W4972966,inter
W5048401,inter
W50663144,inter
W50995782,inter
W51443812,inter
W51471258,inst
W51874640,uni
W52337869,inter
W52722246,inter
W52986715,inter
W53241408,inter
W54685831,inter
W54798235,inter
W55606816,inst
W55640677,inter
W55776365,inter
W560511387,inter
W563075919,inter
W563360778,inter
W56359918,inter
W563901305,inter
W56498975,inter
W565292247,inter
W566555209,inter
W56743589,inter
W567972298,inter
W569578482,inter
W570009404,inter
W570861193,inter
W571153997,inter
W572355794,inter
W575850752,uni
W577139289,inter
W578426344,uni
W57915300,inter
W580817740,inter
W581696918,inter
W582556278,inter
W58406297,inter
W58461050,inter
W584634945,inter
W584834601,inter
W585037961,inter
W585689019,inter
W5857843,inter
W586613218,inst
W58782690,inst
W58809727,inter
W590899471,inter
W591046810,inter
W59383121,inter
W593944373,inst
W59821061,inter
W598667868,inter
W60027889,inter
W60106149,inter
W602397586,inst
W60318,inter
W605390454,inter
W606001316,inter
W606877085,inter
W607462674,inter
W60778029,inter
W60787681,inter
W60870657,inter
W609092576,inter
W6093035,inter
W611350063,inter
W611541532,inter
W61374141,inter
W616758433,inter
W617329964,inter
W618799001,inter
W620890970,inter
W62395841,inter
W62683955,inst
W62912982,inter
W62976171,inter
W630217746,inter
W63087092,inter
W631477483,inter
W631732726,inst
W635771773,inter
W63619443,inter
W639708223,top tier
W640968189,inter
W64138278,inter
W64261681,inter
W642755957,inter
W64344896,inter
W644309761,inter
W645314983,inter
W64675584,inst
W648613739,inter
W65138268,inter
W651404864,inter
W65299677,inter
W654686545,inter
W65738273,top tier
W658020064,inter
W66104079,inst
W66427752,inter
W66690650,inter
W66707721,inter
W67136431,inst
W67457717,inter
W68178695,inter
W68248579,inter
W68640414,inter
W6869908,inter
W68733909,inter
W68871563,inter
W69099922,inter
W69609604,inter
W69713013,inter
W69723335,inter
W69908676,inter
W69985676,inter
W70478248,inter
W70835558,inter
W71104953,inter
W71294447,inter
W71795751,inst
W72155360,inter
W72708899,uni
W73090597,inst
W73118757,inter
W73217504,inter
W73258202,uni
W73593153,inst
W73629738,inter
W73677366,inter
W7395945,inter
W744363352,inter
W74569778,inter
W750009116,inter
W75015351,inter
W750331148,inter
W751048781,inter
W752852524,inter
W753847829,inst
W75451783,inter
W755306271,inter
W756073522,inter
W760403720,inter
W76061847,inter
W764651262,inst
W766097457,inter
W770415814,inter
W77099635,inter
W771184627,inter
W772609349,inst
W775355223,inter
W777782797,inter
W779472621,inter
W78064204,uni
W781939359,inter
W782072813,inter
W783341876,inter
W78356000,inst
W785083160,inter
W78565932,uni
W78576870,inter
W792163153,inter
W792740904,inter
W79448102,inter
W79467133,inter
W794840634,inst
W79593093,uni
W799878366,inter
W80075259,inst
W803412139,inter
W80361388,inter
W804614025,inter
W80463681,inter
W805710393,inst
W806430740,inst
W806587654,inter
W810580911,inter
W812155524,inter
W812868735,uni
W81594759,inter
W81636487,inter
W817531966,inter
W818098075,inter
W818255956,inter
W81879861,inter
W819977924,inst
W82242674,inter
W823218635,inter
W82445744,inter
W824512843,inter
W824765990,inter
W825525975,inter
W82633235,inter
W82776284,inter
W828169548,uni
W83023965,inter
W831887238,inter
W832484523,inter
W832984975,inter
W83334756,inter
W837276259,inter
W839678207,inst
W841978803,inter
W843068708,inter
W84445102,inter
W845427635,inter
W846669277,inter
W848995142,inter
W850361703,inst
W852502329,inter
W855255571,inter
W855457491,inter
W85571381,inst
W863483,inter
W86409017,inter
W866664596,inter
W867138012,uni
W87092222,inter
W874179280,inst
W874645128,inst
W877909479,inter
W87814561,inter
W879878326,inter
W880911330,inter
W882268017,inter
W883619771,inter
W8862423,inter
W886460308,uni
W887237860,inter
W88746508,inter
W89172087,inter
W8942334,inter
W89444804,inter
W897831219,uni
W90145143,uni
W90182043,inter
W9057194,uni
W906810096,inter
W90692444,inter
W907501016,inter
W9077160,inter
W907995911,inst
W91187268,inter
W92574158,inter
W93016980,inter
W931020699,inter
W93571089,inter
W93664864,inter
W9419878,inst
W942484584,inter
W942838594,inter
W944494992,inter
W94749751,inter
W950125797,inter
W95234126,inter
W956215858,inter
W958427201,inter
W95886404,inter
W960154282,inter
W967969822,inter
W968110725,inter
W96926976,inter
W97083579,inter
W972494582,inter
W974042900,inter
W97539848,inter
W97594948,inter
W98110951,inter
W98286488,inter
W98365330,inter
W983727872,inst
W98406389,inter
W984155368,inter
W98480971,inter
W985613431,inter
W98624355,inter
W9866176,uni
W98708244,inter
W987648574,inter
W98862427,inter
W99376628,inter
W99399284,inter
W994818976,inter
W9965300,inter
